0,0,0,0.592420385,0
0.002691361,0,0,0.593969944,0
0.005382723,0,0,0.595519503,0
0.008074084,0,0,0.597069062,0
0.010765446,0,0,0.598618621,0
0.013456807,0,0,0.60016818,0
0.016148169,0,0,0.601717739,0
0.01883953,0,0,0.603267298,0
0.021530892,0,0,0.604816857,0
0.024222253,0,0,0.606366416,0
0.026913615,0,0,0.607915975,0
0.029604976,0,0,0.609465534,0
0.032296337,0,0,0.611015093,0
0.034987699,0,0,0.612564652,0
0.03767906,0,0,0.614114211,0
0.040370422,0,0,0.61566377,0
0.043061783,0,0,0.617213329,0
0.045753145,0,0,0.618762888,0
0.048444506,0,0,0.620312447,0
0.051135868,0,0,0.621862005,0
0.053827229,0,0,0.623411564,0
0.056518591,0,0,0.624961123,0
0.059209952,0,0,0.626510682,0
0.061901314,0,0,0.628060241,0
0.064592675,0,0,0.6296098,0
0.067284036,0,0,0.631159359,0
0.069975398,0,0,0.632708918,0
0.072666759,0,0,0.634258477,0
0.075358121,0,0,0.635808036,0
0.078049482,0,0,0.637357595,0
0.080740844,0,0,0.638907154,0
0.083432205,0,0,0.640456713,0
0.086123567,0,0,0.642006272,0
0.088814928,0,0,0.643555831,0
0.09150629,0,0,0.64510539,0
0.094197651,0,0,0.646654949,0
0.096889012,0,0,0.648204508,0
0.099580374,0,0,0.649754067,0
0.102271735,0,0,0.651303626,0
0.104963097,0,0,0.652853185,0
0.107654458,0,0,0.654402743,0
0.11034582,0,0,0.655952302,0
0.113037181,0,0,0.657501861,0
0.115728543,0,0,0.65905142,0
0.118419904,0,0,0.660600979,0
0.121111266,0,0,0.662150538,0
0.123802627,0,0,0.663700097,0
0.126493988,0,0,0.665249656,0
0.12918535,0,0,0.666799215,0
0.131876711,0,0,0.668348774,0
0.134568073,0,0,0.669898333,0
0.137259434,0,0,0.671447892,0
0.139950796,0,0,0.672997451,0
0.142642157,0,0,0.67454701,0
0.145333519,0,0,0.676096569,0
0.14802488,0,0,0.677646128,0
0.150716242,0,0,0.679195687,0
0.153407603,0,0,0.680745246,0
0.156098965,0,0,0.682294805,0
0.158790326,0,0,0.683844364,0
0.161481687,0,0,0.685393923,0
0.164173049,0,0,0.686943481,0
0.16686441,0,0,0.68849304,0
0.169555772,0,0,0.690042599,0
0.172247133,0,0,0.691592158,0
0.174938495,0,0,0.693141717,0
0.177629856,0,0,0.694691276,0
0.180321218,0,0,0.696240835,0
0.183012579,0,0,0.697790394,0
0.185703941,0,0,0.699339953,0
0.188395302,0,0,0.700889512,0
0.191086663,0,0,0.702439071,0
0.193778025,0,0,0.70398863,0
0.196469386,0,0,0.705538189,0
0.199160748,0,0,0.707087748,0
0.201852109,0,0,0.708637307,0
0.204543471,0,0,0.710186866,0
0.207234832,0,0,0.711736425,0
0.209926194,0,0,0.713285984,0
0.212617555,0,0,0.714835543,0
0.215308917,0,0,0.716385102,0
0.218000278,0,0,0.71793466,0
0.220691639,0,0,0.719484219,0
0.223383001,0,0,0.721033778,0
0.226074362,0,0,0.722583337,0
0.228765724,0,0,0.724132896,0
0.231457085,0,0,0.725682455,0
0.234148447,0,0,0.727232014,0
0.236839808,0,0,0.728781573,0
0.23953117,0,0,0.730331132,0
0.242222531,0,0,0.731880691,0
0.244913893,0,0,0.73343025,0
0.247605254,0,0,0.734979809,0
0.250296615,0,0,0.736529368,0
0.252987977,0,0,0.738078927,0
0.255679338,0,0,0.739628486,0
0.2583707,0,0,0.741178045,0
0.261062061,0,0,0.742727604,0
0.263753423,0,0,0.744277163,0
0.266444784,0,0,0.745826722,0
0.270860267,0,0,0.74454808,0
0.279052706,0,0,0.744485645,0
0.286435777,0,0,0.745387494,0
0.293069388,0,0,0.747339832,0
0.298810053,0,0,0.749082239,0
0.30472331,0,0,0.751063686,0
0.310019694,0,0,0.752765323,0
0.313482141,0,0,0.753374773,0
0.31637282,0,0,0.754181236,0
0.318622183,0,0,0.757321716,0
0.319409711,0,0,0.759433965,0
0.321845628,0,0,0.76134046,0
0.322918073,0,0,0.7623403,0
0.324586154,0,0,0.764344616,0
0.325899052,0,0,0.765231277,0
0.326703555,0,0,0.766236858,0
0.32602168,0,0,0.767516207,0
0.325255508,0,0,0.768445989,0
0.324227791,0,0,0.771016431,0
0.322955125,0,0,0.772308678,0
0.321627132,0,0,0.77609991,0
0.320177869,0,0,0.777388486,0
0.318577791,0,0,0.781057079,0
0.316869516,0,0,0.78466363,0
0.315261256,0,0,0.787400002,0
0.314624969,0,0,0.791220952,0
0.31369499,0,0,0.795025874,0
0.311370784,0,0,0.798729794,0
0.309304669,0,0,0.802317171,0
0.307969937,0,0,0.804689691,0
0.305133498,0,0,0.806945922,0
0.301695087,0,0,0.808002533,0
0.300459574,0,0,0.809025775,0
0.297863463,0,0,0.810561437,0
0.294454482,0,0,0.813867412,0
0.291904397,0,0,0.816874987,0
0.289684911,0,0,0.818941998,0
0.287947883,0,0,0.82336297,0
0.286880551,0,0,0.826385067,0
0.284344239,0,0,0.829436706,0
0.281781544,0,0,0.832618964,0
0.279082044,0,0,0.836474989,0
0.27674186,0,0,0.840330471,0
0.273962238,0,0,0.842905568,0
0.271344404,0,0,0.845653074,0
0.268040971,0,0,0.847072845,0
0.265710039,0,0,0.849728589,0
0.262473995,0,0,0.851011598,0
0.260563691,0,0,0.85368489,0
0.26032732,0,0,0.856276005,0
0.263142391,0,0,0.858998069,0
0.261589853,0,0,0.860801148,0
0.26103593,0,0,0.862355326,0
0.260634081,0,0,0.866390091,0
0.260418858,0,0,0.869136085,0
0.259495887,0,0,0.873066268,0
0.258967966,0,0,0.875740257,0
0.259388275,0,0,0.878974523,0
0.260111624,0,0,0.881498837,0
0.264248907,0,0,0.883807975,0
0.265218304,0,0,0.885748166,0
0.270441438,0,0,0.88862471,0
0.272340061,0,0,0.890026007,0
0.272700843,0,0,0.891230195,0
0.276335975,0,0,0.892709081,0
0.275569418,0,0,0.894299918,0
0.277847925,0,0,0.896122943,0
0.278453044,0,0,0.898928352,0
0.280557946,0,0,0.900747694,0
0.283000041,0,0,0.905256186,0
0.287158572,0,0,0.907613205,0
0.290056608,0,0,0.911610962,0
0.293892393,0,0,0.914469724,0
0.296604276,0,0,0.916611712,0
0.300048882,0,0,0.918454419,0
0.304579408,0,0,0.920359184,0
0.310401458,0,0,0.922386749,0
0.318722005,0,0,0.926407317,0
0.324404676,0,0,0.929413466,0
0.332453665,0,0,0.931735252,0
0.341112995,0,0,0.933626306,0
0.350148605,0,0,0.936842515,0
0.358882977,0,0,0.938652048,0
0.367804538,0,0,0.940624498,0
0.377593589,0,0,0.94380066,0
0.388096361,0,0,0.94647313,0
0.399369665,0,0,0.949224254,0
0.410662654,0,0,0.952019543,0
0.421659617,0,0,0.95430552,0
0.434852625,0,0,0.956219433,0
0.447142564,0,0,0.95841829,0
0.459920567,0,0,0.960822114,0
0.47439933,0,0,0.962902919,0
0.488276818,0,0,0.964392522,0
0.503611875,0,0,0.965754378,0
0.518837725,0,0,0.966214367,0
0.536558785,0,0,0.96785869,0
0.553527118,0,0,0.968190363,0
0.572933384,0,0,0.970523934,0
0.589560961,0,0,0.974487253,0
0.602358941,0,0,0.976889312,0
0.614586594,0,0,0.980342917,0
0.627386274,0,0,0.981996545,0
0.639219242,0,0,0.983665919,0
0.651067052,0,0,0.984945448,0
0.661826342,0,0,0.985114602,0
0.674622516,0,0,0.986602007,0
0.687284467,0,0,0.988616497,0
0.700161115,0,0,0.988701169,0
0.712681701,0,0,0.988709142,0
0.724205471,0,0,0.989275213,0
0.735937262,0,0,0.990867686,0
0.747187241,0,0,0.992245844,0
0.758016617,0,0,0.99321157,0
0.768090475,0,0,0.995059803,0
0.779660802,0,0,0.997279816,0
0.790227354,0,0,0.998975682,0
0.801951243,0,0,0.999317426,0
0.813331383,0,0,1,0
0.824400457,0,0,0.9971768,0
0.834315909,0,0,0.996054145,0
0.844671565,0,0,0.994255182,0
0.855420469,0,0,0.992235143,0
0.865746766,0,0,0.988689564,0
0.874314438,0,0,0.985054679,0
0.882736366,0,0,0.98233208,0
0.891889855,0,0,0.978860761,0
0.899662551,0,0,9.74E-01,0
0.905610664,0,0,0.972439885,0
0.913384497,0,0,9.70E-01,0
0.921333918,0,0,0.969870851,0
0.927552638,0,0,0.968411009,0
0.935404645,0,0,0.966541914,0
0.942194071,0,0,0.963951,0
0.94816126,0,0,0.961282805,0
0.952789771,0,0,0.957355585,0
0.957740283,0,0,0.952781838,0
0.961519664,0,0,0.948131008,0
0.96593348,0,0,0.943198846,0
0.970543957,0,0,0.938111559,0
0.975204466,0,0,0.933936584,0
0.979295599,0,0,0.927627614,0
0.981479603,0,0,0.922634191,0
0.984730669,0,0,0.918733926,0
0.988618786,0,0,0.914162982,0
0.991335277,0,0,0.907439241,0
0.99534924,0,0,0.903255942,0
0.99819903,0,0,0.89841803,0
0.99817026,0,0,0.892923588,0
0.996128067,0,0,0.887353849,0
0.997692536,0,0,0.881278388,0
0.998110742,0,0,0.876765043,0
0.998256966,0,0,0.869839893,0
0.998371161,0,0,0.86325375,0
0.999279901,0,0,0.856341062,0
0.999927564,0,0,0.849472436,0
1,0,0,0.842685977,0
0.9987378,0,0,0.836643452,0
0.994859475,0,0,0.831287092,0
0.993838358,0,0,0.825639978,0
0.987900261,0,0,0.820558888,0
0.986253294,0,0,0.815225134,0
0.985149861,0,0,0.810564557,0
0.980777529,0,0,0.807211444,0
0.980894227,0,0,0.802900517,0
0.978326023,0,0,0.79983162,0
0.977857028,0,0,0.796814272,0
0.976223033,0,0,0.795225968,0
0.974458879,0,0,0.789416782,0
0.971403163,0,0,0.78576928,0
0.969954602,0,0,0.782831598,0
0.967855121,0,0,0.780486453,0
0.96761012,0,0,0.777972099,0
0.967428132,0,0,0.775967197,0
0.966917564,0,0,0.773030728,0
0.964717461,0,0,0.771592441,0
0.960653673,0,0,0.76834225,0
0.960543411,0,0,0.764541854,0
0.958581694,0,0,0.762830893,0
0.956456951,0,0,0.760810645,0
0.953311374,0,0,0.757721657,0
0.952296814,0,0,0.757133893,0
0.951429596,0,0,0.756569123,0
0.950287567,0,0,0.753702753,0
0.949268209,0,0,0.75385807,0
0.948102046,0,0,0.751083295,0
0.947316878,0,0,0.748330723,0
0.946718628,0,0,0.747368378,0
0.9457683,0,0,0.74644773,0
0.946379379,0,0,0.745225153,0
0.946253315,0,0,0.743732537,0
0.945333481,0,0,0.741143778,0
0.946422499,0,0,0.740634667,0
0.948340935,0,0,0.738619738,0
0.949320872,0,0,0.740179668,0
0.94830813,0,0,0.739001998,0
0.948518286,0,0,0.739170726,0
0.947754702,0,0,0.736633136,0
0.9472694,0,0,0.737406234,0
0.947313269,0,0,0.737643258,0
0.947757185,0,0,0.734709541,0
0.947493597,0,0,0.731886174,0
0.947411947,0,0,0.730603972,0
0.946150308,0,0,0.72992464,0
0.946721075,0,0,0.730037153,0
0.946495784,0,0,0.729249651,0
0.946571408,0,0,0.726321304,0
0.947192776,0,0,0.725479076,0
0.947763529,0,0,0.725261892,0
0.94726679,0,0,0.721922528,0
0.947194274,0,0,0.719574801,0
0.946276911,0,0,0.716386515,0
0.944923156,0,0,0.714352995,0
0.946026686,0,0,0.712523822,0
0.945252233,0,0,0.70715945,0
0.944984459,0,0,0.705227576,0
0.943371637,0,0,0.701196546,0
0.941936899,0,0,0.699087711,0
0.939780709,0,0,0.696497179,0
0.937792965,0,0,0.694253474,0
0.937123207,0,0,0.690376578,0
0.933545441,0,0,0.689003547,0
0.930730516,0,0,0.688451962,0
0.927842434,0,0,0.688244447,0
0.92439208,0,0,0.686648881,0
0.92064734,0,0,0.683882854,0
0.917455705,0,0,0.68153535,0
0.915008526,0,0,0.676612415,0
0.910942521,0,0,0.675202313,0
0.907919889,0,0,0.672218649,0
0.904341444,0,0,0.668289087,0
0.900556948,0,0,0.665659869,0
0.897081996,0,0,0.661469076,0
0.89263829,0,0,0.658220816,0
0.889188838,0,0,0.654605756,0
0.884457929,0,0,0.649937747,0
0.879380454,0,0,0.646280169,0
0.873573314,0,0,0.642910437,0
0.867588182,0,0,0.637870975,0
0.86160594,0,0,0.63206203,0
0.85653066,0,0,0.626367257,0
0.852222351,0,0,0.62110591,0
0.846425518,0,0,0.614738613,0
0.840939608,0,0,0.608984325,0
0.835561233,0,0,0.60445545,0
0.82987053,0,0,0.600274543,0
0.824467567,0,0,0.596278697,0
0.819526005,0,0,0.591460806,0
0.81320234,0,0,0.586858124,0
0.807216659,0,0,0.58497015,0
0.801147432,0,0,0.579753853,0
0.795065392,0,0,0.574710397,0
0.78873344,0,0,0.572855042,0
0.782042617,0,0,0.567807432,0
0.775604903,0,0,0.565085023,0
0.768623028,0,0,0.56212143,0
0.76263983,0,0,0.559286606,0
0.755661786,0,0,0.555607964,0
0.74862567,0,0,0.552262259,0
0.741572963,0,0,0.548689606,0
0.73247893,0,0,0.547264711,0
0.724910329,0,0,0.546045107,0
0.717696576,0,0,0.54400047,0
0.710604207,0,0,0.54457992,0
0.703360501,0,0,0.544274041,0
0.69522632,0,0,0.541325943,0
0.687604422,0,0,0.538482725,0
0.680349032,0,0,0.536598819,0
0.672946576,0,0,0.535045552,0
0.664946573,0,0,0.531786315,0
0.657328658,0,0,0.528406888,0
0.649481774,0,0,0.526180253,0
0.641336493,0,0,0.522346175,0
0.633477151,0,0,0.520788045,0
0.625939542,0,0,0.518065905,0
0.618783743,0,0,0.515474341,0
0.610264516,0,0,0.513777458,0
0.602297179,0,0,0.509799967,0
0.594698968,0,0,0.507765151,0
0.58773762,0,0,0.504490774,0
0.579866279,0,0,0.500547748,0
0.572640263,0,0,0.496615728,0
0.566206587,0,0,0.494193703,0
0.558674961,0,0,0.488702275,0
0.551659225,0,0,0.485106202,0
0.54426668,0,0,0.48299176,0
0.538270644,0,0,0.478387954,0
0.531733116,0,0,0.475022114,0
0.525648262,0,0,0.470601578,0
0.520404851,0,0,0.467089487,0
0.514579654,0,0,0.465885849,0
0.509373153,0,0,0.462799275,0
0.502129837,0,0,0.460673348,0
0.496889679,0,0,0.456678193,0
0.491963915,0,0,0.452059719,0
0.487279785,0,0,0.448007816,0
0.481312672,0,0,0.445909101,0
0.476441009,0,0,0.441515627,0
0.471168914,0,0,0.438124559,0
0.465541941,0,0,0.435018541,0
0.460208141,0,0,0.431378067,0
0.455487381,0,0,0.427401096,0
0.451270606,0,0,0.423223138,0
0.445972955,0,0,0.41787947,0
0.440971835,0,0,0.414417293,0
0.435973062,0,0,0.411281229,0
0.430091642,0,0,0.406302581,0
0.425689471,0,0,0.401262315,0
0.420364445,0,0,0.397560536,0
0.41575933,0,0,0.392882879,0
0.411058548,0,0,0.388830214,0
0.406978979,0,0,0.385778825,0
0.401119648,0,0,0.381047734,0
0.396262029,0,0,0.379721939,0
0.392329853,0,0,0.375997288,0
0.390130534,0,0,0.373688486,0
0.386606061,0,0,0.369383328,0
0.38387224,0,0,0.365288745,0
0.38301093,0,0,0.363166782,0
0.378938174,0,0,0.359407051,0
0.376662717,0,0,0.354281573,0
0.372899565,0,0,0.349355792,0
0.370074516,0,0,0.343376415,0
0.367545808,0,0,0.337048536,0
0.364523986,0,0,0.332083586,0
0.362365592,0,0,0.328762666,0
0.360939528,0,0,0.325120488,0
0.360325668,0,0,0.319041869,0
0.359174738,0,0,0.3121885,0
0.357709717,0,0,0.308248609,0
0.355767909,0,0,0.305042927,0
0.353399318,0,0,0.300544827,0
0.351031999,0,0,0.29442851,0
0.349666889,0,0,0.290166862,0
0.348122625,0,0,0.285588853,0
0.346432058,0,0,0.281408888,0
0.346422752,0,0,0.275548327,0
0.345406916,0,0,0.271023404,0
0.344187941,0,0,0.265252556,0
0.341283897,0,0,0.261831567,0
0.339790028,0,0,0.258517577,0
0.33962675,0,0,0.254300148,0
0.338383505,0,0,0.252156737,0
0.337067803,0,0,0.250181014,0
0.337597199,0,0,0.247300402,0
0.336699416,0,0,0.242436979,0
0.336701072,0,0,0.240354855,0
0.336488835,0,0,0.237763549,0
0.336339606,0,0,0.234133457,0
0.337006824,0,0,0.232352873,0
0.337640537,0,0,0.230766943,0
0.337598329,0,0,0.227194489,0
0.337796869,0,0,0.225078864,0
0.337388897,0,0,0.223664034,0
0.338914967,0,0,0.220757501,0
0.340374828,0,0,0.218091797,0
0.340476352,0,0,0.216002591,0
0.340185904,0,0,0.21505784,0
0.341810065,0,0,0.212768141,0
0.343000686,0,0,0.211265167,0
0.343236142,0,0,0.209549744,0
0.343691255,0,0,0.208813021,0
0.343742745,0,0,0.206460298,0
0.343433979,0,0,0.203094265,0
0.345855977,0,0,0.201093005,0
0.345782053,0,0,0.198858395,0
0.347092919,0,0,0.196535218,0
0.347260452,0,0,0.19445205,0
0.347365709,0,0,0.190627391,0
0.348274872,0,0,0.187713169,0
0.349088657,0,0,0.183021322,0
0.350214139,0,0,0.181442747,0
0.352459169,0,0,0.179141963,0
0.355075475,0,0,0.176950356,0
0.357675709,0,0,0.1737106,0
0.360345029,0,0,0.16986979,0
0.36302583,0,0,0.165765968,0
0.366472209,0,0,0.162452945,0
0.370407292,0,0,0.160982068,0
0.373508503,0,0,0.158861836,0
0.376511713,0,0,0.15478447,0
0.379624415,0,0,0.152474512,0
0.38365261,0,0,0.150400592,0
0.386523659,0,0,0.147914081,0
0.390783255,0,0,0.144553759,0
0.393993664,0,0,0.143076493,0
0.397007553,0,0,0.139644275,0
0.400501041,0,0,0.13657107,0
0.403496589,0,0,0.133728746,0
0.408322462,0,0,0.130636047,0
0.411317972,0,0,0.126277902,0
0.415070966,0,0,0.122467271,0
0.418517533,0,0,0.118232899,0
0.421808013,0,0,0.115923935,0
0.42534978,0,0,0.113942768,0
0.42986403,0,0,0.108240187,0
0.43467771,0,0,0.10458436,0
0.437910615,0,0,0.09823457,0
0.442460224,0,0,0.094470519,0
0.445370448,0,0,0.092634492,0
0.449800246,0,0,0.087335547,0
0.453504305,0,0,0.08358674,0
0.458577003,0,0,0.081311239,0
0.462606493,0,0,0.077701654,0
0.467426919,0,0,0.074608416,0
0.471151942,0,0,0.070660215,0
0.474909352,0,0,0.066502499,0
0.479468636,0,0,0.063745371,0
0.485074546,0,0,0.061611879,0
0.489772604,0,0,0.059110982,0
0.495011297,0,0,0.056517355,0
0.500215404,0,0,0.052963537,0
0.504939309,0,0,0.049750484,0
0.509908906,0,0,0.045017985,0
0.513676794,0,0,0.040067504,0
0.519316881,0,0,0.03499427,0
0.523347788,0,0,0.03191306,0
0.52645144,0,0,0.028079559,0
0.530384636,0,0,0.027151677,0
0.534578596,0,0,0.024291407,0
0.537798284,0,0,0.022760809,0
0.54080625,0,0,0.021302706,0
0.545795948,0,0,0.019915347,0
0.552189519,0,0,0.019599046,0
0.557816637,0,0,0.017006813,0
0.562863571,0,0,0.016261575,0
0.568438132,0,0,0.015162003,0
0.573187994,0,0,0.013353842,0
0.576867546,0,0,0.011909539,0
0.580676057,0,0,0.007966815,0
0.586114703,0,0,0.00566767,0
0.591145032,0,0,0.003968338,0
0.595709313,0,0,0.002734902,0
0.599625387,0,0,0.001820784,0
0.604556087,0,0,0.00012245,0
0.607732037,0,0,0,0
0.612157387,0,0,0.000739007,0
0.615921449,0,0,0.002971006,0
0.620344875,0,0,0.003878778,0
0.624881454,0,0,0.003385428,0
0.627503947,0,0,0.004575364,0
0.632739349,0,0,0.005619599,0
0.637063992,0,0,0.006256223,0
0.639508141,0,0,0.007207722,0
0.64267964,0,0,0.009514473,0
0.645752552,0,0,0.011582466,0
0.64976424,0,0,0.013128008,0
0.653639884,0,0,0.014142155,0
0.655517994,0,0,0.015645339,0
0.657687349,0,0,0.018827335,0
0.660415264,0,0,0.021003285,0
0.663394573,0,0,0.024329776,0
0.666016332,0,0,0.026248368,0
0.667740704,0,0,0.030358542,0
0.669305568,0,0,0.034231122,0
0.671917054,0,0,0.036730787,0
0.676044765,0,0,0.040063991,0
0.677221653,0,0,0.043842013,0
0.679697195,0,0,0.04624431,0
0.682712396,0,0,0.048817083,0
0.684969698,0,0,0.050957633,0
0.687590113,0,0,0.053950333,0
0.690634783,0,0,0.057455173,0
0.692042856,0,0,0.061174886,0
0.695638377,0,0,0.062690513,0
0.697504375,0,0,0.065303013,0
0.701415338,0,0,0.068093061,0
0.70569794,0,0,0.072593842,0
0.709546008,0,0,0.075345632,0
0.713786141,0,0,0.07862877,0
0.718410203,0,0,0.080754296,0
0.721423279,0,0,0.083531684,0
0.724331231,0,0,0.085796432,0
0.726866321,0,0,0.088360994,0
0.731722217,0,0,0.092958204,0
0.736207801,0,0,0.097853345,0
0.738683182,0,0,0.101419501,0
0.741290537,0,0,0.105286942,0
0.743925451,0,0,0.108304704,0
0.747600975,0,0,0.112997785,0
0.749144978,0,0,0.115656541,0
0.750742494,0,0,0.119332927,0
0.753126063,0,0,0.1240336,0
0.754854428,0,0,0.127048566,0
0.757271553,0,0,0.12967572,0
0.759492766,0,0,0.133978944,0
0.761656791,0,0,0.136872767,0
0.763737364,0,0,0.141217068,0
0.764561016,0,0,0.144584129,0
0.766716527,0,0,0.146858617,0
0.768703818,0,0,0.150683085,0
0.771102398,0,0,0.15352316,0
0.772690978,0,0,0.157777218,0
0.774766108,0,0,0.158714821,0
0.776187411,0,0,0.163538986,0
0.77720914,0,0,0.166294007,0
0.77836524,0,0,0.172069116,0
0.779541051,0,0,0.174665519,0
0.781092027,0,0,0.178189236,0
0.781493385,0,0,0.184063205,0
0.782770067,0,0,0.187194506,0
0.783959211,0,0,0.189814897,0
0.785895533,0,0,0.19176031,0
0.785624096,0,0,0.194549578,0
0.78627786,0,0,0.198912044,0
0.786789684,0,0,0.203002422,0
0.787499958,0,0,0.206253907,0
0.786791923,0,0,0.209569015,0
0.787218503,0,0,0.213803223,0
0.787230929,0,0,0.216721717,0
0.78736865,0,0,0.218804468,0
0.789218285,0,0,0.221066805,0
0.789448209,0,0,0.223040048,0
0.78886464,0,0,0.226677132,0
0.788113749,0,0,0.230201083,0
0.78874431,0,0,0.234801874,0
0.789073919,0,0,0.237448882,0
0.789963454,0,0,0.23983862,0
0.791992145,0,0,0.243009995,0
0.794799393,0,0,0.245365618,0
0.798587419,0,0,0.24609391,0
0.799441388,0,0,0.248399008,0
0.799943395,0,0,0.248387517,0
0.8007034,0,0,0.250771486,0
0.801273066,0,0,0.25340895,0
0.801413393,0,0,0.256167878,0
0.801823333,0,0,0.260324921,0
0.804184121,0,0,0.261775194,0
0.804851487,0,0,0.26346691,0
0.804683586,0,0,0.26618473,0
0.80604379,0,0,0.269015157,0
0.806378115,0,0,0.271865168,0
0.807478857,0,0,0.274232414,0
0.80776843,0,0,0.277821149,0
0.80928169,0,0,0.279775676,0
0.810255577,0,0,0.281767878,0
0.812079485,0,0,0.284039594,0
0.813553758,0,0,0.288118906,0
0.814956098,0,0,0.293310844,0
0.817130657,0,0,0.297732641,0
0.817427209,0,0,0.301784684,0
0.818689455,0,0,0.305632997,0
0.819792546,0,0,0.309475139,0
0.821108906,0,0,0.311330375,0
0.822525411,0,0,0.312381416,0
0.823665618,0,0,0.313420638,0
0.823967785,0,0,0.316087691,0
0.825353428,0,0,0.319284666,0
0.826277632,0,0,0.321031291,0
0.827146767,0,0,0.323449402,0
0.827793905,0,0,0.327022104,0
0.829332841,0,0,0.329659961,0
0.830002182,0,0,0.331368081,0
0.830601245,0,0,0.332127551,0
0.831528932,0,0,0.335748588,0
0.831268637,0,0,0.338627143,0
0.832146476,0,0,0.342970284,0
0.832868637,0,0,0.347977814,0
0.833890247,0,0,0.351790481,0
0.835551934,0,0,0.356475454,0
0.836807095,0,0,0.360223786,0
0.837894927,0,0,0.361110872,0
0.838735908,0,0,0.3635993,0
0.839664803,0,0,0.368132985,0
0.841707477,0,0,0.373187792,0
0.842323279,0,0,0.377523974,0
0.843198751,0,0,0.379790307,0
0.843579224,0,0,0.383639064,0
0.843615265,0,0,0.388567381,0
0.843088052,0,0,0.39323112,0
0.843451305,0,0,0.396383693,0
0.844768812,0,0,0.401695876,0
0.845805965,0,0,0.405174026,0
0.845919326,0,0,0.40944185,0
0.845435887,0,0,0.414321413,0
0.846173515,0,0,0.419346343,0
0.846214497,0,0,0.421776476,0
0.846343467,0,0,0.424826082,0
0.845847538,0,0,0.428810818,0
0.846295578,0,0,0.433075119,0
0.846341574,0,0,0.435462131,0
0.846443374,0,0,0.438807801,0
0.846260911,0,0,0.443972204,0
0.845776394,0,0,0.447602707,0
0.845901739,0,0,0.450890699,0
0.844818532,0,0,0.455705423,0
0.844203743,0,0,0.459673145,0
0.844293015,0,0,0.461869091,0
0.843218041,0,0,0.46560239,0
0.84252683,0,0,0.469438041,0
0.841569803,0,0,0.472117938,0
0.840648138,0,0,0.474578473,0
0.83859103,0,0,0.477931475,0
0.8363329,0,0,0.480586172,0
0.833602354,0,0,0.483570239,0
0.832014341,0,0,0.484334812,0
0.829229921,0,0,0.486615069,0
0.826968471,0,0,0.488705941,0
0.825030437,0,0,0.490752908,0
0.823019979,0,0,0.493484362,0
0.820136952,0,0,0.495776001,0
0.816732951,0,0,0.4966534,0
0.814633917,0,0,0.499549547,0
0.812317749,0,0,0.49996049,0
0.809472054,0,0,0.500852685,0
0.806827633,0,0,0.502540064,0
0.80395331,0,0,0.503594372,0
0.802160344,0,0,0.501606339,0
0.799928459,0,0,0.499589679,0
0.797973808,0,0,0.498916503,0
0.795217297,0,0,0.498417221,0
0.793441641,0,0,0.498040948,0
0.792238735,0,0,0.49546213,0
0.789724253,0,0,0.493501059,0
0.786601831,0,0,0.490849984,0
0.783403796,0,0,0.489989832,0
0.780388704,0,0,0.488022053,0
0.775939489,0,0,0.485505921,0
0.773123466,0,0,0.482737499,0
0.769122049,0,0,0.48218861,0
0.767477939,0,0,0.480235521,0
0.76524591,0,0,0.477907463,0
0.76255621,0,0,0.476488612,0
0.760458746,0,0,0.471678878,0
0.757499333,0,0,0.467869618,0
0.754196205,0,0,0.463393323,0
0.749345759,0,0,0.461181117,0
0.745256064,0,0,0.458072351,0
0.741622397,0,0,0.453556964,0
0.737433109,0,0,0.449249166,0
0.733767922,0,0,0.446443904,0
0.730681829,0,0,0.44335194,0
0.726991746,0,0,0.439296426,0
0.72162546,0,0,0.436820405,0
0.717035923,0,0,0.432527115,0
0.711433846,0,0,0.427169632,0
0.706564793,0,0,0.421165461,0
0.70147974,0,0,0.415027763,0
0.696748201,0,0,0.407975946,0
0.692187762,0,0,0.400164569,0
0.687486024,0,0,0.393585085,0
0.682935197,0,0,0.386998486,0
0.678694627,0,0,0.38097872,0
0.673346291,0,0,0.375796221,0
0.667360113,0,0,0.371499065,0
0.662757305,0,0,0.36650981,0
0.657209006,0,0,0.361322319,0
0.651616901,0,0,0.355930121,0
0.646276619,0,0,0.351195197,0
0.641012647,0,0,0.345204974,0
0.635726068,0,0,0.341546013,0
0.630545058,0,0,0.337578592,0
0.625896431,0,0,0.333364551,0
0.619726053,0,0,0.329486567,0
0.614750781,0,0,0.324172809,0
0.610716405,0,0,0.317811023,0
0.607168603,0,0,0.312146222,0
0.602829154,0,0,0.308307687,0
0.598302679,0,0,0.302094691,0
0.594967864,0,0,0.295392352,0
0.591349477,0,0,0.292073169,0
0.588218964,0,0,0.286267175,0
0.585753573,0,0,0.281957451,0
0.582227215,0,0,0.275103194,0
0.579810307,0,0,0.269953302,0
0.576887798,0,0,0.265892119,0
0.574366773,0,0,0.262270288,0
0.573036322,0,0,0.257247084,0
0.571318016,0,0,0.254086274,0
0.569241624,0,0,0.249935178,0
0.567064095,0,0,0.245662181,0
0.565723001,0,0,0.243080403,0
0.564114596,0,0,0.238216088,0
0.561310974,0,0,0.234166205,0
0.55872368,0,0,0.228603349,0
0.557391097,0,0,0.225700352,0
0.555921332,0,0,0.222688159,0
0.55370595,0,0,0.219616463,0
0.551761019,0,0,0.214806569,0
0.550071625,0,0,0.213759136,0
0.548277425,0,0,0.210334075,0
0.546815116,0,0,0.205798555,0
0.545982665,0,0,0.202661796,0
0.544155511,0,0,0.199010622,0
0.543257965,0,0,0.196621774,0
0.542240154,0,0,0.193494878,0
0.541617967,0,0,0.192598123,0
0.541635527,0,0,0.19208186,0
0.541204796,0,0,0.189034238,0
0.541277073,0,0,0.187864179,0
0.541268094,0,0,0.18574202,0
0.542634025,0,0,0.185829697,0
0.543455439,0,0,0.183908723,0
0.544337494,0,0,0.182749528,0
0.544533528,0,0,0.183302949,0
0.544883546,0,0,0.185053827,0
0.545794319,0,0,0.186316961,0
0.545704945,0,0,0.186275575,0
0.547130484,0,0,0.18506195,0
0.5479805,0,0,0.185385937,0
0.549122104,0,0,0.186078647,0
0.549241359,0,0,0.184740632,0
0.549682179,0,0,0.184323654,0
0.550811484,0,0,0.183733302,0
0.551982813,0,0,0.183132453,0
0.553455353,0,0,0.182528063,0
0.554038342,0,0,0.183556171,0
0.555098499,0,0,0.184973717,0
0.555854157,0,0,0.18725772,0
0.556623679,0,0,0.188166809,0
0.55730709,0,0,0.19030472,0
0.557700403,0,0,0.193353252,0
0.558673199,0,0,0.197077478,0
0.560270384,0,0,0.19987133,0
0.562186257,0,0,0.202271557,0
0.563807469,0,0,0.204803772,0
0.565922612,0,0,0.207526313,0
0.567585893,0,0,0.211051139,0
0.569422007,0,0,0.21356177,0
0.569891482,0,0,0.215910237,0
0.570682953,0,0,0.219925342,0
0.571727716,0,0,0.222872207,0
0.571929578,0,0,0.227128653,0
0.57268779,0,0,0.230695622,0
0.573829775,0,0,0.234342259,0
0.575306406,0,0,0.237740341,0
0.576792047,0,0,0.242493908,0
0.578180479,0,0,0.247725711,0
0.579674733,0,0,0.252658615,0
0.58076846,0,0,0.256275534,0
0.58104998,0,0,0.25983021,0
0.581715859,0,0,0.263335073,0
0.583844103,0,0,0.266830255,0
0.585185152,0,0,0.272114809,0
0.587240017,0,0,0.277335102,0
0.588740839,0,0,0.282188697,0
0.590316394,0,0,0.286947566,0
0.591609202,0,0,0.292364712,0
0.592639363,0,0,0.298505182,0
0.593847462,0,0,0.304158656,0
0.595034276,0,0,0.309293329,0
0.595852418,0,0,0.315797045,0
0.597563565,0,0,0.321523909,0
0.599188078,0,0,0.327414323,0
0.599922233,0,0,0.333123688,0
0.601644784,0,0,0.338951553,0
0.603609972,0,0,0.344908918,0
0.605542263,0,0,0.350489722,0
0.607549334,0,0,0.35616157,0
0.609640446,0,0,0.360225903,0
0.611774676,0,0,0.364494855,0
0.613656123,0,0,0.370129434,0
0.61718222,0,0,0.374349456,0
0.61995904,0,0,0.379874136,0
0.622179221,0,0,0.385139852,0
0.623945005,0,0,0.389529785,0
0.626372569,0,0,0.393356424,0
0.628706735,0,0,0.397806168,0
0.630297567,0,0,0.402589428,0
0.632696926,0,0,0.406752591,0
0.634846888,0,0,0.41189088,0
0.63639178,0,0,0.415406686,0
0.638194653,0,0,0.420627319,0
0.639368207,0,0,0.424236489,0
0.641272014,0,0,0.427983344,0
0.643057164,0,0,0.43075582,0
0.644010659,0,0,0.434994129,0
0.645819643,0,0,0.43768994,0
0.647508294,0,0,0.442203758,0
0.649027495,0,0,0.444800107,0
0.650117069,0,0,0.447529709,0
0.650579359,0,0,0.450696432,0
0.652706571,0,0,0.453434628,0
0.654201372,0,0,0.457206978,0
0.65486411,0,0,0.459766925,0
0.656139397,0,0,0.462941738,0
0.657596631,0,0,0.465711707,0
0.659072809,0,0,0.470138679,0
0.66066058,0,0,0.471670576,0
0.662248464,0,0,0.474710595,0
0.663803318,0,0,0.478230558,0
0.665254557,0,0,0.481647521,0
0.667293599,0,0,0.485297245,0
0.668755329,0,0,0.488632461,0
0.670875908,0,0,0.490994221,0
0.672192692,0,0,0.492421453,0
0.673442256,0,0,0.494327363,0
0.674557943,0,0,0.497397095,0
0.674788579,0,0,0.500449522,0
0.675778492,0,0,0.503415454,0
0.675658088,0,0,0.505762214,0
0.675996838,0,0,0.509572866,0
0.67639114,0,0,0.512267495,0
0.677111084,0,0,0.515034959,0
0.677824556,0,0,0.516870762,0
0.67841578,0,0,0.517465886,0
0.679950507,0,0,0.518940984,0
0.679980704,0,0,0.520980763,0
0.68032544,0,0,0.521756977,0
0.680580998,0,0,0.524166403,0
0.681509145,0,0,0.526716329,0
0.682437292,0,0,0.529266255,0
0.683365439,0,0,0.531816181,0
0.684293586,0,0,0.534366106,0
0.685221733,0,0,0.536916032,0
0.68614988,0,0,0.539465958,0
0.687078027,0,0,0.542015883,0
0.688006174,0,0,0.544565809,0
0.688934321,0,0,0.547115735,0
0.689862467,0,0,0.54966566,0
0.690790614,0,0,0.552215586,0
0.691718761,0,0,0.554765512,0
0.692646908,0,0,0.557315437,0
0.693575055,0,0,0.559865363,0
0.694503202,0,0,0.562415289,0
0.695431349,0,0,0.564965215,0
0.696359496,0,0,0.56751514,0
0.697287643,0,0,0.570065066,0
0.69821579,0,0,0.572614992,0
0.699143937,0,0,0.575164917,0
0.700072084,0,0,0.577714843,0
0.701000231,0,0,0.580264769,0
0.701928378,0,0,0.582814694,0
0.702856524,0,0,0.58536462,0
0.703784671,0,0,0.587914546,0
0.704712818,0,0,0.590464471,0
0.705640965,0,0,0.593014397,0
0.706569112,0,0,0.595564323,0
0.707497259,0,0,0.598114249,0
0.708425406,0,0,0.600664174,0
0.709353553,0,0,0.6032141,0
0.7102817,0,0,0.605764026,0
0.711209847,0,0,0.608313951,0
0.712137994,0,0,0.610863877,0
0.713066141,0,0,0.613413803,0
0.713994288,0,0,0.615963728,0
0.714922435,0,0,0.618513654,0
0.715850581,0,0,0.62106358,0
0.716778728,0,0,0.623613505,0
0.717706875,0,0,0.626163431,0
0.718635022,0,0,0.628713357,0
0.719563169,0,0,0.631263283,0
0.720491316,0,0,0.633813208,0
0.721419463,0,0,0.636363134,0
0.72234761,0,0,0.63891306,0
0.723275757,0,0,0.641462985,0
0.724203904,0,0,0.644012911,0
0.725132051,0,0,0.646562837,0
0.726060198,0,0,0.649112762,0
0.726988345,0,0,0.651662688,0
0.732212969,0,0,0.661667189,0
0.732951355,0,0,0.663887871,0
0.733671839,0,0,0.666077492,0
0.734374421,0,0,0.668236052,0
0.735059101,0,0,0.670363552,0
0.735725878,0,0,0.672459991,0
0.736374754,0,0,0.67452537,0
0.737005728,0,0,0.676559687,0
0.7376188,0,0,0.678562944,0
0.73821397,0,0,0.68053514,0
0.738791238,0,0,0.682476276,0
0.739350604,0,0,0.68438635,0
0.739892068,0,0,0.686265364,0
0.74041563,0,0,0.688113317,0
0.74092129,0,0,0.68993021,0
0.741409048,0,0,0.691716042,0
0.741878904,0,0,0.693470813,0
0.742330858,0,0,0.695194523,0
0.74276491,0,0,0.696887173,0
0.74318106,0,0,0.698548761,0
0.743579308,0,0,0.70017929,0
0.743959654,0,0,0.701778757,0
0.744322098,0,0,0.703347164,0
0.74466664,0,0,0.70488451,0
0.74499328,0,0,0.706390795,0
0.745302018,0,0,0.707866019,0
0.745592854,0,0,0.709310183,0
0.745865788,0,0,0.710723286,0
0.74612082,0,0,0.712105328,0
0.74635795,0,0,0.71345631,0
0.746577178,0,0,0.714776231,0
0.746778504,0,0,0.716065091,0
0.746961929,0,0,0.71732289,0
0.747127451,0,0,0.718549629,0
0.747275071,0,0,0.719745307,0
0.747404789,0,0,0.720909924,0
0.747516605,0,0,0.722043481,0
0.747610519,0,0,0.723145976,0
0.747686532,0,0,0.724217411,0
0.747744642,0,0,0.725257786,0
0.74778485,0,0,0.726267099,0
0.747807156,0,0,0.727245352,0
0.74781156,0,0,0.728192544,0
0.747798063,0,0,0.729108675,0
0.747766663,0,0,0.729993746,0
0.747717361,0,0,0.730847756,0
0.747650157,0,0,0.731670705,0
0.747565052,0,0,0.732462594,0
0.747462044,0,0,0.733223421,0
0.747341134,0,0,0.733953188,0
0,0,0,0.686124553,0
0.003830512,0,0,0.686461142,0
0.007661025,0,0,0.68679773,0
0.011491537,0,0,0.687134319,0
0.01532205,0,0,0.687470908,0
0.019152562,0,0,0.687807497,0
0.022983075,0,0,0.688144085,0
0.026813587,0,0,0.688480674,0
0.0306441,0,0,0.688817263,0
0.034474612,0,0,0.689153852,0
0.038305124,0,0,0.68949044,0
0.042135637,0,0,0.689827029,0
0.045966149,0,0,0.690163618,0
0.049796662,0,0,0.690500207,0
0.053627174,0,0,0.690836795,0
0.057457687,0,0,0.691173384,0
0.061288199,0,0,0.691509973,0
0.065118712,0,0,0.691846562,0
0.068949224,0,0,0.69218315,0
0.072779736,0,0,0.692519739,0
0.076610249,0,0,0.692856328,0
0.080440761,0,0,0.693192917,0
0.084271274,0,0,0.693529505,0
0.088101786,0,0,0.693866094,0
0.091932299,0,0,0.694202683,0
0.095762811,0,0,0.694539271,0
0.099593324,0,0,0.69487586,0
0.103423836,0,0,0.695212449,0
0.107254348,0,0,0.695549038,0
0.111084861,0,0,0.695885626,0
0.114915373,0,0,0.696222215,0
0.118745886,0,0,0.696558804,0
0.122576398,0,0,0.696895393,0
0.126406911,0,0,0.697231981,0
0.130237423,0,0,0.69756857,0
0.134067936,0,0,0.697905159,0
0.137898448,0,0,0.698241748,0
0.141728961,0,0,0.698578336,0
0.145559473,0,0,0.698914925,0
0.149389985,0,0,0.699251514,0
0.153220498,0,0,0.699588103,0
0.15705101,0,0,0.699924691,0
0.160881523,0,0,0.70026128,0
0.164712035,0,0,0.700597869,0
0.168542548,0,0,0.700934458,0
0.17237306,0,0,0.701271046,0
0.176203573,0,0,0.701607635,0
0.180034085,0,0,0.701944224,0
0.183864597,0,0,0.702280813,0
0.18769511,0,0,0.702617401,0
0.191525622,0,0,0.70295399,0
0.195356135,0,0,0.703290579,0
0.199186647,0,0,0.703627167,0
0.20301716,0,0,0.703963756,0
0.206847672,0,0,0.704300345,0
0.210678185,0,0,0.704636934,0
0.214508697,0,0,0.704973522,0
0.218339209,0,0,0.705310111,0
0.222169722,0,0,0.7056467,0
0.226000234,0,0,0.705983289,0
0.229830747,0,0,0.706319877,0
0.233661259,0,0,0.706656466,0
0.237491772,0,0,0.706993055,0
0.241322284,0,0,0.707329644,0
0.245152797,0,0,0.707666232,0
0.248983309,0,0,0.708002821,0
0.252813821,0,0,0.70833941,0
0.256644334,0,0,0.708675999,0
0.260474846,0,0,0.709012587,0
0.264305359,0,0,0.709349176,0
0.268135871,0,0,0.709685765,0
0.271966384,0,0,0.710022354,0
0.275796896,0,0,0.710358942,0
0.279627409,0,0,0.710695531,0
0.283457921,0,0,0.71103212,0
0.287288433,0,0,0.711368709,0
0.291118946,0,0,0.711705297,0
0.294949458,0,0,0.712041886,0
0.298779971,0,0,0.712378475,0
0.302610483,0,0,0.712715063,0
0.306440996,0,0,0.713051652,0
0.310271508,0,0,0.713388241,0
0.314102021,0,0,0.71372483,0
0.317932533,0,0,0.714061418,0
0.321763045,0,0,0.714398007,0
0.325593558,0,0,0.714734596,0
0.32942407,0,0,0.715071185,0
0.333254583,0,0,0.715407773,0
0.337085095,0,0,0.715744362,0
0.340915608,0,0,0.716080951,0
0.34474612,0,0,0.71641754,0
0.348576633,0,0,0.716754128,0
0.352407145,0,0,0.717090717,0
0.356237657,0,0,0.717427306,0
0.36006817,0,0,0.717763895,0
0.363898682,0,0,0.718100483,0
0.367729195,0,0,0.718437072,0
0.371559707,0,0,0.718773661,0
0.37539022,0,0,0.71911025,0
0.379220732,0,0,0.719446838,0
0.383689682,0,0,0.718311467,0
0.38826659,0,0,0.715644211,0
0.392773284,0,0,0.714906288,0
0.397194535,0,0,0.714879757,0
0.401592638,0,0,0.708458288,0
0.406009329,0,0,0.703637654,0
0.410397872,0,0,0.699333197,0
0.414643891,0,0,0.697188123,0
0.418782702,0,0,0.696265952,0
0.42285396,0,0,0.693602367,0
0.426820502,0,0,0.691749394,0
0.430693,0,0,0.69136077,0
0.434388099,0,0,0.692937823,0
0.438027031,0,0,0.694427542,0
0.441639374,0,0,0.697572436,0
0.445067691,0,0,0.700647281,0
0.448374502,0,0,0.704351817,0
0.451625359,0,0,0.70815029,0
0.454800629,0,0,0.710648865,0
0.457945302,0,0,0.715743471,0
0.461048332,0,0,0.718377504,0
0.464087254,0,0,0.724083425,0
0.467141509,0,0,0.727249574,0
0.470102149,0,0,0.730357325,0
0.473032271,0,0,0.735079762,0
0.475945492,0,0,0.739046848,0
0.478812723,0,0,0.743626726,0
0.481553708,0,0,0.74877546,0
0.484310534,0,0,0.754303572,0
0.487107309,0,0,0.760403876,0
0.489913252,0,0,0.767185745,0
0.49255,0,0,0.775724132,0
0.495184893,0,0,0.783994969,0
0.49783239,0,0,0.792024709,0
0.500380691,0,0,0.797733879,0
0.503046497,0,0,0.806041456,0
0.505531181,0,0,0.814652308,0
0.507846062,0,0,0.819872321,0
0.510353628,0,0,0.826018584,0
0.512892519,0,0,0.831037088,0
0.515373133,0,0,0.837150717,0
0.517806429,0,0,0.842829131,0
0.520108447,0,0,0.84797281,0
0.522600879,0,0,0.85293935,0
0.525061424,0,0,0.858432704,0
0.52732908,0,0,0.86617129,0
0.529780655,0,0,0.87181061,0
0.532205821,0,0,0.878439725,0
0.534703787,0,0,0.884794733,0
0.537173237,0,0,0.890583568,0
0.539387247,0,0,0.893712287,0
0.541917538,0,0,0.900600025,0
0.544620094,0,0,0.907197288,0
0.547347088,0,0,0.910017685,0
0.550100965,0,0,0.915658858,0
0.552712012,0,0,0.91853584,0
0.555439255,0,0,0.922912257,0
0.558445999,0,0,0.92669085,0
0.561470884,0,0,0.931070811,0
0.564278094,0,0,0.935701123,0
0.567484341,0,0,0.941794527,0
0.570597303,0,0,0.944983585,0
0.573825355,0,0,0.951284733,0
0.577184529,0,0,0.957557179,0
0.580637563,0,0,0.963564767,0
0.584180732,0,0,0.968915669,0
0.587816323,0,0,0.973715082,0
0.591439677,0,0,0.977634624,0
0.595212112,0,0,0.981171173,0
0.599096013,0,0,0.982180211,0
0.603021207,0,0,0.985814634,0
0.607118974,0,0,0.98651888,0
0.611284504,0,0,0.989639827,0
0.615601597,0,0,0.992555841,0
0.620040893,0,0,0.995440854,0
0.624465764,0,0,0.998098078,0
0.629233128,0,0,1,0
0.634001317,0,0,0.998616355,0
0.639108617,0,0,0.999473038,0
0.644109194,0,0,0.999698233,0
0.649518134,0,0,0.999793252,0
0.655049941,0,0,0.997235831,0
0.660471824,0,0,0.996098806,0
0.666133059,0,0,0.994795578,0
0.67213352,0,0,0.990892447,0
0.678048723,0,0,0.987961931,0
0.684320401,0,0,0.984315611,0
0.690795494,0,0,0.979407331,0
0.69718239,0,0,0.973072977,0
0.703893079,0,0,0.968282207,0
0.710556936,0,0,0.962425988,0
0.717344528,0,0,0.954185254,0
0.724475584,0,0,0.945755196,0
0.731547569,0,0,0.938646859,0
0.738941111,0,0,0.931396307,0
0.746482425,0,0,0.923074614,0
0.754254964,0,0,0.912349432,0
0.761974657,0,0,0.902746641,0
0.770014376,0,0,0.889247039,0
0.777373007,0,0,0.879199963,0
0.784761346,0,0,0.870674456,0
0.791880009,0,0,0.857066208,0
0.799260205,0,0,0.844197079,0
0.806472627,0,0,0.837310962,0
0.813634315,0,0,0.829685497,0
0.820471176,0,0,0.822347632,0
0.827403746,0,0,0.813383526,0
0.834284324,0,0,0.801116031,0
0.841040893,0,0,0.793656653,0
0.847572219,0,0,0.785646761,0
0.854164652,0,0,0.77621929,0
0.860757908,0,0,0.764606273,0
0.867157781,0,0,0.751688901,0
0.873441944,0,0,0.739038995,0
0.879691906,0,0,0.725471004,0
0.885952615,0,0,0.70977786,0
0.891874152,0,0,0.694797781,0
0.897869571,0,0,0.681114906,0
0.903649955,0,0,0.666834345,0
0.909250751,0,0,0.655306844,0
0.914536431,0,0,0.641378488,0
0.919849353,0,0,0.629142229,0
0.925005612,0,0,0.617568403,0
0.929731529,0,0,0.604755675,0
0.934488021,0,0,0.592989465,0
0.939084485,0,0,0.578767576,0
0.943565649,0,0,0.565653268,0
0.947680902,0,0,0.551724173,0
0.951696161,0,0,0.53602601,0
0.955553447,0,0,0.521233776,0
0.959182937,0,0,0.502502642,0
0.962545332,0,0,0.48628839,0
0.965892745,0,0,0.469969411,0
0.969056889,0,0,0.454514753,0
0.97210727,0,0,0.436737956,0
0.974923354,0,0,0.417948609,0
0.977863174,0,0,0.403192085,0
0.980453277,0,0,0.388493678,0
0.98284072,0,0,0.374584698,0
0.985128688,0,0,0.359617317,0
0.987245757,0,0,0.342785886,0
0.989375899,0,0,0.328905183,0
0.990949442,0,0,0.31571193,0
0.992545964,0,0,0.299960353,0
0.994158461,0,0,0.284305123,0
0.995393033,0,0,0.272423538,0
0.996533598,0,0,0.258828344,0
0.997227645,0,0,0.244721354,0
0.99782653,0,0,0.231798864,0
0.998773317,0,0,0.222495212,0
0.999374198,0,0,0.211641421,0
0.999727872,0,0,0.199415844,0
0.999907707,0,0,0.192005104,0
0.999953031,0,0,0.181171855,0
1,0,0,0.173844678,0
0.999909353,0,0,0.166588569,0
0.999387468,0,0,0.159268557,0
0.998731065,0,0,0.151854053,0
0.998354255,0,0,0.144661508,0
0.997662913,0,0,0.136407182,0
0.997012073,0,0,0.130277014,0
0.996217863,0,0,0.123067064,0
0.995393648,0,0,0.11627047,0
0.994495431,0,0,0.108222344,0
0.993573774,0,0,0.100688643,0
0.99258244,0,0,0.091667017,0
0.991613077,0,0,0.084728703,0
0.990579211,0,0,0.077672473,0
0.989557976,0,0,0.075665047,0
0.988568323,0,0,0.071147984,0
0.987483721,0,0,0.066792858,0
0.986521596,0,0,0.060507872,0
0.98550213,0,0,0.056152563,0
0.984521209,0,0,0.052264069,0
0.983699032,0,0,0.050059433,0
0.982564734,0,0,0.046171415,0
0.981597347,0,0,0.045392454,0
9.81E-01,0,0,0.042164598,0
9.80E-01,0,0,0.040717645,0
0.978892484,0,0,0.040792062,0
9.78E-01,0,0,0.043067321,0
9.77E-01,0,0,0.041703479,0
9.76E-01,0,0,0.040359512,0
9.76E-01,0,0,0.042627098,0
0.974981343,0,0,0.041406082,0
0.974179838,0,0,0.041752042,0
0.973339471,0,0,0.045124861,0
0.972661436,0,0,0.04763176,0
0.971887452,0,0,0.049008275,0
0.971293777,0,0,0.05138535,0
0.97071435,0,0,0.055621528,0
0.969920468,0,0,0.05989034,0
0.969212475,0,0,0.062244836,0
0.968441845,0,0,0.066311299,0
0.967582922,0,0,0.067514689,0
0.966581567,0,0,0.072779492,0
0.965749163,0,0,0.07532065,0
0.964768893,0,0,0.082571518,0
0.963648425,0,0,0.083841946,0
0.962413178,0,0,0.086285053,0
0.961414577,0,0,0.09413948,0
0.960095891,0,0,0.098838368,0
0.958647877,0,0,0.102919234,0
0.957068513,0,0,0.107004645,0
0.955769045,0,0,0.108756388,0
0.954179667,0,0,0.112903909,0
0.952396543,0,0,0.120354932,0
0.950416217,0,0,0.121084425,0
0.948603063,0,0,0.122904028,0
0.946471244,0,0,0.128271144,0
0.944246703,0,0,0.132684047,0
0.942013331,0,0,0.13827956,0
0.939391127,0,0,0.142058547,0
0.936715168,0,0,0.145014783,0
0.93394753,0,0,0.153835632,0
0.931314611,0,0,0.157631429,0
0.928323313,0,0,0.164978273,0
0.925192975,0,0,0.169091822,0
0.922029245,0,0,0.174822458,0
0.918823408,0,0,0.179744515,0
0.91535428,0,0,0.185214728,0
0.911663062,0,0,0.186391901,0
0.908271175,0,0,0.189558724,0
0.904581075,0,0,0.189665818,0
0.900839454,0,0,0.192623946,0
0.897125687,0,0,0.196106207,0
0.893515236,0,0,0.202203622,0
0.889687026,0,0,0.209274886,0
0.88560693,0,0,0.211162269,0
0.88183755,0,0,0.214557452,0
0.87806415,0,0,0.216115763,0
0.874075303,0,0,0.215690164,0
0.870172152,0,0,0.218710625,0
0.866057989,0,0,0.219656531,0
0.862121915,0,0,0.224253798,0
0.858004866,0,0,0.227675146,0
0.853853141,0,0,0.230471383,0
0.849526124,0,0,0.233260216,0
0.845254944,0,0,0.23822009,0
0.840974831,0,0,0.243982556,0
0.836467735,0,0,0.250486787,0
0.832195855,0,0,0.257129942,0
0.82774895,0,0,0.264915618,0
0.823319604,0,0,0.27221471,0
0.819004171,0,0,0.27758077,0
0.814700188,0,0,0.282288751,0
0.810552523,0,0,0.287325732,0
0.806669578,0,0,0.292727101,0
0.802685248,0,0,0.298299715,0
0.798711197,0,0,0.299791414,0
0.794777042,0,0,0.306030665,0
0.790928728,0,0,0.311195368,0
0.787115767,0,0,0.314659358,0
0.783424467,0,0,0.320663663,0
0.779819241,0,0,0.324161229,0
0.77642457,0,0,0.327751082,0
0.773203938,0,0,0.331901491,0
0.769971422,0,0,0.337271766,0
0.766632489,0,0,0.342631699,0
0.763566318,0,0,0.347700706,0
0.760591129,0,0,0.350443285,0
0.757715841,0,0,0.352594421,0
0.754985194,0,0,0.354520573,0
0.752292905,0,0,0.3562211,0
0.749738251,0,0,0.360878633,0
0.747333127,0,0,0.364011076,0
0.745035906,0,0,0.36826705,0
0.742906128,0,0,0.371385338,0
0.740837805,0,0,0.37467736,0
0.738953335,0,0,0.380029242,0
0.737134004,0,0,0.385614003,0
0.735441461,0,0,0.389200684,0
0.733721597,0,0,0.394549816,0
0.732168558,0,0,0.396638248,0
0.73072593,0,0,0.40015879,0
0.729483766,0,0,0.403688041,0
0.728184217,0,0,0.407889126,0
0.727124308,0,0,0.410505264,0
0.726204107,0,0,0.41171722,0
0.72537929,0,0,0.413955606,0
0.724673231,0,0,0.418054177,0
0.7242102,0,0,0.422126264,0
0.723559627,0,0,0.423918641,0
0.723189283,0,0,0.429173393,0
0.722867476,0,0,0.434502165,0
0.722599034,0,0,0.436399973,0
0.722506788,0,0,0.441074682,0
0.722444546,0,0,0.443543935,0
0.722497247,0,0,0.446809844,0
0.722601385,0,0,0.450015944,0
0.72277555,0,0,0.452483264,0
0.723058631,0,0,0.454919867,0
0.723381214,0,0,0.455580083,0
0.723866326,0,0,0.458316418,0
0.724451919,0,0,0.460796733,0
0.725034976,0,0,0.46315905,0
0.725461939,0,0,0.462416277,0
0.726210677,0,0,0.464300133,0
0.726876584,0,0,0.465145002,0
0.727485586,0,0,0.463818096,0
0.728088403,0,0,0.464978844,0
0.728880702,0,0,0.465314299,0
0.729710192,0,0,0.464688693,0
0.730304839,0,0,0.46830848,0
0.730982336,0,0,0.468144106,0
0.731688064,0,0,0.468127764,0
0.732441296,0,0,0.47071585,0
0.73302286,0,0,0.472172964,0
0.73371196,0,0,0.472303604,0
0.734391876,0,0,0.473730319,0
0.7350432,0,0,0.474730153,0
0.735998916,0,0,0.473750223,0
0.736876982,0,0,0.475247853,0
0.737618714,0,0,0.471585087,0
0.73838999,0,0,0.472807376,0
0.739279958,0,0,0.470489365,0
0.740254276,0,0,0.47010798,0
0.741127471,0,0,0.469352732,0
0.742251363,0,0,0.466151244,0
0.743335863,0,0,0.464573899,0
0.744518873,0,0,0.464717506,0
0.745630806,0,0,0.464437222,0
0.746863698,0,0,0.46727091,0
0.748007357,0,0,0.46892514,0
0.749156801,0,0,0.469054487,0
0.750367848,0,0,0.466551295,0
0.751629057,0,0,0.463762471,0
0.753019251,0,0,0.464046459,0
0.754156706,0,0,0.466206766,0
0.755430359,0,0,0.46761453,0
0.756837558,0,0,0.469736961,0
0.758084044,0,0,0.47026369,0
0.759287231,0,0,0.473590351,0
0.760647315,0,0,0.476469495,0
0.761978562,0,0,0.477422749,0
0.763442995,0,0,0.478380639,0
0.765121337,0,0,0.482854119,0
0.766576031,0,0,0.484984272,0
0.767998688,0,0,0.489626374,0
0.769589551,0,0,0.491061775,0
0.771217655,0,0,0.491555392,0
0.773009824,0,0,0.49358021,0
0.774615766,0,0,0.494344455,0
0.776361674,0,0,0.494395014,0
0.778234401,0,0,0.493900556,0
0.78017711,0,0,0.495632829,0
0.782036925,0,0,0.494869217,0
0.783783746,0,0,0.493234932,0
0.785538686,0,0,0.493970558,0
0.787373875,0,0,0.493729014,0
0.789220591,0,0,0.490213973,0
0.790885354,0,0,0.489231134,0
0.792517553,0,0,0.487963495,0
0.794167759,0,0,0.484337718,0
0.795996599,0,0,0.484036515,0
0.797773113,0,0,0.482232543,0
0.799464125,0,0,0.4787583,0
0.801322721,0,0,0.474160638,0
0.803212355,0,0,0.470389601,0
0.804972085,0,0,0.464246179,0
0.806595718,0,0,0.460392017,0
0.808314188,0,0,0.45494336,0
0.810069858,0,0,0.449803143,0
0.811788778,0,0,0.443912798,0
0.813483173,0,0,0.438910176,0
0.81511545,0,0,0.433406273,0
0.816879446,0,0,0.427100736,0
0.818603104,0,0,0.420126978,0
0.820261918,0,0,0.416033372,0
0.821959937,0,0,0.409566712,0
0.823798567,0,0,0.405985774,0
0.825840398,0,0,0.397211296,0
0.827854878,0,0,0.389888786,0
0.829994089,0,0,0.382864571,0
0.832350758,0,0,0.376538861,0
0.834519885,0,0,0.370434571,0
0.836720884,0,0,0.367617633,0
0.838886504,0,0,0.361239053,0
0.841405418,0,0,0.354307745,0
0.843614616,0,0,0.347677255,0
0.845814813,0,0,0.343129936,0
0.848373518,0,0,0.337357577,0
0.850828664,0,0,0.330556134,0
0.85319582,0,0,0.324295753,0
0.855799907,0,0,0.317784758,0
0.85817127,0,0,0.310248095,0
0.860495941,0,0,0.305203057,0
0.863020183,0,0,0.300718236,0
0.865430711,0,0,0.294090353,0
0.868024411,0,0,0.287927386,0
0.870591165,0,0,0.284503345,0
0.872970482,0,0,0.280286893,0
0.875465801,0,0,0.27533839,0
0.877828318,0,0,0.267754023,0
0.880170276,0,0,0.260881499,0
0.882571277,0,0,0.257502309,0
0.885076425,0,0,0.253066459,0
0.887309064,0,0,0.251492943,0
0.88969418,0,0,0.247125953,0
0.891912488,0,0,0.240838389,0
0.894306009,0,0,0.23910191,0
0.896332106,0,0,0.235508776,0
0.898443343,0,0,0.230166953,0
0.900255686,0,0,0.226228795,0
0.902174586,0,0,0.221345818,0
0.904013067,0,0,0.218137201,0
0.905799525,0,0,0.218005758,0
0.907506397,0,0,0.212635931,0
0.909265145,0,0,0.207845129,0
0.910714326,0,0,0.203535157,0
0.912031736,0,0,0.201689264,0
0.913356122,0,0,0.201270264,0
0.914532574,0,0,0.20022246,0
0.915572482,0,0,0.199459318,0
0.916422105,0,0,0.201325897,0
0.917358399,0,0,0.202563712,0
0.918030466,0,0,0.202013691,0
0.918528111,0,0,0.201240712,0
0.918993248,0,0,0.198697121,0
0.919487479,0,0,0.198051647,0
0.919703218,0,0,0.195820905,0
0.919803155,0,0,0.193091463,0
0.92006602,0,0,0.190999852,0
0.920032408,0,0,0.188813396,0
0.918992056,0,0,0.1894528,0
0.918196807,0,0,0.188307356,0
0.91727885,0,0,0.187501765,0
0.916583688,0,0,0.187598676,0
0.915622398,0,0,0.187086184,0
0.914658678,0,0,0.189881486,0
0.914066628,0,0,0.191202907,0
0.913297948,0,0,0.192241384,0
0.912505415,0,0,0.191665332,0
0.911510346,0,0,0.193231855,0
0.910497496,0,0,0.19535365,0
0.908962661,0,0,0.194307367,0
0.907729441,0,0,0.193021274,0
0.906565666,0,0,0.191451029,0
0.905254996,0,0,0.190080521,0
0.903795315,0,0,0.190780842,0
0.902139595,0,0,0.190469254,0
0.900979934,0,0,0.188899325,0
0.899449363,0,0,0.189230834,0
0.897740947,0,0,0.189485032,0
0.896114242,0,0,0.187101312,0
0.894320265,0,0,0.186556824,0
0.892710617,0,0,0.187205227,0
0.891023579,0,0,0.188121183,0
0.88905967,0,0,0.185320655,0
0.887010624,0,0,0.184162555,0
0.885117047,0,0,0.183687751,0
0.883345801,0,0,0.179983967,0
0.881254385,0,0,0.179846195,0
0.879262428,0,0,0.177150395,0
0.877283168,0,0,0.175002455,0
0.875500208,0,0,0.173721349,0
0.873713329,0,0,0.172900761,0
0.871771945,0,0,0.170203538,0
0.869883481,0,0,0.171264073,0
0.868095697,0,0,0.169589734,0
0.865967117,0,0,0.169790149,0
0.864229815,0,0,0.170171025,0
0.862517664,0,0,0.170369806,0
0.860921689,0,0,0.171090332,0
0.859459966,0,0,0.172700546,0
0.857852621,0,0,0.173153922,0
0.85639643,0,0,0.174685395,0
0.854822465,0,0,0.172568666,0
0.853549812,0,0,0.17343768,0
0.852191395,0,0,0.173276165,0
0.850715508,0,0,0.175746625,0
0.849353007,0,0,0.176333774,0
0.847885632,0,0,0.17769814,0
0.846279222,0,0,0.178369568,0
0.845383007,0,0,0.179196537,0
0.84438525,0,0,0.177222416,0
0.843340302,0,0,0.179954367,0
0.841956316,0,0,0.179819772,0
0.840664242,0,0,0.179531454,0
0.839855798,0,0,0.177349483,0
0.838363362,0,0,0.178027521,0
0.837268027,0,0,0.178414455,0
0.836258889,0,0,0.177419359,0
0.835000228,0,0,0.179104524,0
0.833945608,0,0,0.181187479,0
0.832926796,0,0,0.180589505,0
0.831769466,0,0,0.179919177,0
0.830598567,0,0,0.17899757,0
0.829254458,0,0,0.17903668,0
0.82774665,0,0,0.178136633,0
0.826240483,0,0,0.17491349,0
0.824839489,0,0,0.175147009,0
0.823282893,0,0,0.17344188,0
0.82184107,0,0,0.174114684,0
0.820311359,0,0,0.170145521,0
0.818397691,0,0,0.16839836,0
0.816475536,0,0,0.164109697,0
0.814462166,0,0,0.163730407,0
0.812389203,0,0,0.161834427,0
0.810006512,0,0,0.157029312,0
0.807682692,0,0,0.155071369,0
0.805283267,0,0,0.152855377,0
0.8029896,0,0,0.150450357,0
0.800274543,0,0,0.149790551,0
0.797572929,0,0,0.147200328,0
0.794877979,0,0,0.141907925,0
0.792049032,0,0,0.142127252,0
0.788935568,0,0,0.140906803,0
0.78596438,0,0,0.138046055,0
0.782868915,0,0,0.135188851,0
0.779590788,0,0,0.132681755,0
0.776496017,0,0,0.129629404,0
0.773163282,0,0,0.128525403,0
0.769549844,0,0,0.12259805,0
0.765918318,0,0,0.119194624,0
0.762449653,0,0,0.112995435,0
0.758955785,0,0,0.10988011,0
0.755382382,0,0,0.106711916,0
0.751827169,0,0,0.103984487,0
0.748275556,0,0,0.101346378,0
0.744805869,0,0,0.101484972,0
0.741034719,0,0,0.099064441,0
0.737354461,0,0,0.099254118,0
0.734618537,0,0,0.096724591,0
0.731653519,0,0,0.093749928,0
0.728850591,0,0,0.091102748,0
0.726023677,0,0,0.086355294,0
0.723590692,0,0,0.084825199,0
0.720894601,0,0,0.082521056,0
0.718107263,0,0,0.083256389,0
0.715400026,0,0,0.084181128,0
0.712636718,0,0,0.084746522,0
0.710129098,0,0,0.085428017,0
0.707527406,0,0,0.085346763,0
0.705325411,0,0,0.086408739,0
0.702958708,0,0,0.087720397,0
0.700420175,0,0,0.087547167,0
0.698237795,0,0,0.08668303,0
0.696107423,0,0,0.084377352,0
0.694127863,0,0,0.082117277,0
0.691886744,0,0,0.079783602,0
0.689855964,0,0,0.075511211,0
0.687941582,0,0,0.072426462,0
0.686021487,0,0,0.070398453,0
0.684125404,0,0,0.068301812,0
0.682296366,0,0,0.065944472,0
0.680440904,0,0,0.062590935,0
0.678726022,0,0,0.059611056,0
0.677139328,0,0,0.0592546,0
0.675671685,0,0,0.05773908,0
0.674226698,0,0,0.056709136,0
0.673123229,0,0,0.056370145,0
0.671788275,0,0,0.055335344,0
0.670473484,0,0,0.055052397,0
0.669070994,0,0,0.052618383,0
0.667702457,0,0,0.049384184,0
0.666408943,0,0,0.048131986,0
0.665400023,0,0,0.045747445,0
0.664388051,0,0,0.043793028,0
0.663857172,0,0,0.041576334,0
0.662941267,0,0,0.039432912,0
0.662121808,0,0,0.038491735,0
0.661385763,0,0,0.03725644,0
0.660736141,0,0,0.034940347,0
0.660149518,0,0,0.033057104,0
0.659647211,0,0,0.030765479,0
0.659352898,0,0,0.029985797,0
0.658908744,0,0,0.029665121,0
0.658236075,0,0,0.027905815,0
0.657720953,0,0,0.024473989,0
0.657449388,0,0,0.02392421,0
0.657449832,0,0,0.02240617,0
0.657387502,0,0,0.022070689,0
0.656945789,0,0,0.022975961,0
0.656463111,0,0,0.023483554,0
0.656129164,0,0,0.02182165,0
0.655797874,0,0,0.020930858,0
0.655658954,0,0,0.02043968,0
0.655104249,0,0,0.019599614,0
0.654905388,0,0,0.020214645,0
0.65419847,0,0,0.021524916,0
0.653701279,0,0,0.021149559,0
0.653038213,0,0,0.018729567,0
0.652289366,0,0,0.016753746,0
0.651481077,0,0,0.015740286,0
0.650440344,0,0,0.013584236,0
0.649437112,0,0,0.013603552,0
0.648345571,0,0,0.012720096,0
0.647391028,0,0,0.010701093,0
0.646488309,0,0,0.010324934,0
0.645293589,0,0,0.008070967,0
0.644177992,0,0,0.007336962,0
0.642790449,0,0,0.005350191,0
0.641337289,0,0,0.005216914,0
0.639932461,0,0,0.004218856,0
0.638695122,0,0,0.004207411,0
0.63718055,0,0,0.002447501,0
0.635632385,0,0,0.001504564,0
0.634065968,0,0,0.000694557,0
0.632509783,0,0,0,0
0.630794895,0,0,0.000168235,0
0.629019119,0,0,0.002047996,0
0.627360949,0,0,0.001846238,0
0.625595536,0,0,0.002551154,0
0.62384722,0,0,0.003757187,0
0.622092151,0,0,0.003122311,0
0.620442956,0,0,0.004360983,0
0.618706297,0,0,0.007437032,0
0.616965116,0,0,0.010757078,0
0.615219788,0,0,0.011813546,0
0.613289383,0,0,0.015608612,0
0.611517252,0,0,0.016875291,0
0.610120714,0,0,0.021503943,0
0.608455313,0,0,0.023840343,0
0.606793167,0,0,0.028022309,0
0.60508125,0,0,0.03248898,0
0.603308281,0,0,0.03677218,0
0.601402082,0,0,0.04144107,0
0.599584886,0,0,0.047712197,0
0.597636453,0,0,0.051955503,0
0.595732773,0,0,0.058480888,0
0.593788194,0,0,0.06395331,0
0.591920681,0,0,0.068764089,0
0.590047668,0,0,0.077383962,0
0.588125812,0,0,0.085795351,0
0.586146097,0,0,0.095108043,0
0.584013096,0,0,0.10293574,0
0.582066896,0,0,0.111128948,0
0.579874696,0,0,0.117720747,0
0.577805509,0,0,0.12284397,0
0.5756743,0,0,0.127317808,0
0.573604295,0,0,0.131820522,0
0.571399662,0,0,0.136961279,0
0.569135478,0,0,0.140658176,0
0.566790975,0,0,0.14577726,0
0.564345117,0,0,0.151269238,0
0.562042515,0,0,0.157359954,0
0.559871375,0,0,0.162474036,0
0.557776385,0,0,0.167843799,0
0.555665538,0,0,0.173695509,0
0.553606224,0,0,0.17956326,0
0.55164309,0,0,0.18515407,0
0.549560192,0,0,0.191204078,0
0.547625744,0,0,0.196822203,0
0.545549334,0,0,0.201787677,0
0.543583458,0,0,0.206758063,0
0.54177541,0,0,0.212495889,0
0.540048481,0,0,0.216812463,0
0.538332237,0,0,0.220895005,0
0.536668889,0,0,0.225980267,0
0.535112723,0,0,0.228941632,0
0.533753032,0,0,0.232649197,0
0.532552888,0,0,0.237070986,0
0.531487855,0,0,0.241084626,0
0.530580042,0,0,0.246855703,0
0.529701419,0,0,0.2520373,0
0.528894732,0,0,0.256287758,0
0.528351706,0,0,0.259832158,0
0.527867424,0,0,0.266096218,0
0.527649468,0,0,0.272547262,0
0.52752269,0,0,0.277322151,0
0.527462703,0,0,0.282838061,0
0.527485248,0,0,0.287606912,0
0.527614338,0,0,0.293898675,0
0.527843366,0,0,0.29970615,0
0.528211406,0,0,0.306061624,0
0.528610469,0,0,0.310410274,0
0.529437739,0,0,0.316017833,0
0.530356152,0,0,0.322421248,0
0.531060381,0,0,0.328788291,0
0.531778195,0,0,0.334853446,0
0.5325832,0,0,0.34064863,0
0.533455827,0,0,0.345266671,0
0.534370314,0,0,0.349641466,0
0.535467289,0,0,0.354592657,0
0.536738963,0,0,0.362024574,0
0.537958272,0,0,0.370197527,0
0.53907115,0,0,0.377794845,0
0.540337208,0,0,0.383306062,0
0.541799298,0,0,0.387962878,0
0.543050763,0,0,0.395267081,0
0.54441921,0,0,0.40317864,0
0.54578441,0,0,0.410374358,0
0.547172495,0,0,0.418232378,0
0.548711566,0,0,0.425194057,0
0.550286317,0,0,0.431967824,0
0.551846091,0,0,0.438381931,0
0.553443492,0,0,0.444497805,0
0.555003968,0,0,0.451879473,0
0.556584704,0,0,0.458912589,0
0.558064474,0,0,0.466945496,0
0.559608794,0,0,0.479753234,0
0.56110221,0,0,0.492428957,0
0.562263616,0,0,0.505833037,0
0.563620022,0,0,0.517130252,0
0.565003604,0,0,0.528183672,0
0.566454547,0,0,0.539764354,0
0.567836775,0,0,0.550869274,0
0.569168429,0,0,0.562097885,0
0.57041742,0,0,0.572206994,0
0.571635599,0,0,0.580961216,0
0.573063707,0,0,0.589621591,0
0.574499307,0,0,0.599023023,0
0.575801972,0,0,0.608262022,0
0.577049938,0,0,0.617014086,0
0.578139639,0,0,0.624157163,0
0.579197657,0,0,0.631169442,0
0.580181216,0,0,0.637645421,0
0.581148764,0,0,0.643949463,0
0.582064216,0,0,0.649544941,0
0.582892632,0,0,0.655124149,0
0.583550397,0,0,0.659987561,0
0.584180354,0,0,0.664386478,0
0.584736083,0,0,0.66943557,0
0.585235702,0,0,0.673489011,0
0.585668252,0,0,0.677933686,0
0.586034579,0,0,0.682241716,0
0.586372689,0,0,0.68512777,0
0.586596881,0,0,0.687486954,0
0.586768856,0,0,0.6904369,0
0.58693584,0,0,0.691830338,0
0.586937431,0,0,0.693660732,0
0.586869381,0,0,0.69396634,0
0.586775657,0,0,0.694706626,0
0.586607758,0,0,0.695155482,0
0.58635592,0,0,0.694913489,0
0.586002876,0,0,0.693096281,0
0.585677045,0,0,0.690916079,0
0.585273776,0,0,0.689560384,0
0.584783982,0,0,0.687936223,0
0.584163154,0,0,0.686095443,0
0.58356971,0,0,0.683525551,0
0.583026073,0,0,0.681014163,0
0.582531908,0,0,0.676508259,0
0.582332711,0,0,0.671806441,0
0.581852456,0,0,0.666707551,0
0.581346252,0,0,0.661436341,0
0.580740285,0,0,0.655600071,0
0.580184411,0,0,0.649227229,0
0.57963741,0,0,0.642459827,0
0.578983205,0,0,0.63592028,0
0.578517905,0,0,0.628480608,0
0.578053453,0,0,0.621181761,0
0.577676712,0,0,0.613489867,0
0.577387532,0,0,0.605792079,0
0.577102562,0,0,0.597655208,0
0.576816779,0,0,0.589438735,0
0.576622675,0,0,0.582015564,0
0.576491744,0,0,0.573466234,0
0.576438433,0,0,0.566030321,0
0.576348219,0,0,0.558585497,0
0.576291597,0,0,0.549589447,0
0.576344413,0,0,0.541940708,0
0.57641274,0,0,0.532847294,0
0.576608517,0,0,0.524069632,0
0.576842679,0,0,0.516367556,0
0.577079014,0,0,0.509079525,0
0.577285879,0,0,0.500495286,0
0.577480133,0,0,0.491925248,0
0.577731083,0,0,0.484516882,0
0.57800995,0,0,0.476243041,0
0.578312066,0,0,0.469420408,0
0.578586496,0,0,0.461979016,0
0.578834507,0,0,0.455083333,0
0.579125166,0,0,0.448262475,0
0.579399735,0,0,0.442867092,0
0.579634533,0,0,0.436496318,0
0.579868664,0,0,0.431289161,0
0.580139395,0,0,0.425427318,0
0.580449966,0,0,0.421085301,0
0.58079892,0,0,0.417175484,0
0.581097305,0,0,0.413428502,0
0.581440041,0,0,0.410527175,0
0.581608225,0,0,0.407930508,0
0.581727937,0,0,0.405162237,0
0.581897907,0,0,0.402132449,0
0.582145314,0,0,0.400406618,0
0.582367944,0,0,0.399254961,0
0.582545617,0,0,0.399164191,0
0.582726855,0,0,0.398195042,0
0.582925659,0,0,0.39768131,0
0.583189366,0,0,0.397570601,0
0.583452799,0,0,0.398023657,0
0.583623807,0,0,0.398952808,0
0.583787395,0,0,0.400653945,0
0.583948815,0,0,0.403735094,0
0.584108973,0,0,0.407200557,0
0.584299215,0,0,0.410310891,0
0.584361853,0,0,0.414184256,0
0.584511841,0,0,0.418637168,0
0.584632413,0,0,0.417219511,0
0.584839676,0,0,0.415935124,0
0.585362663,0,0,0.414476981,0
0.585634169,0,0,0.413331936,0
0.585953309,0,0,0.41197102,0
0.586302208,0,0,0.410856501,0
0.586638038,0,0,0.410100493,0
0.587019601,0,0,0.408968848,0
0.587459384,0,0,0.408348197,0
0.587928824,0,0,0.407595315,0
0.588197286,0,0,0.406700336,0
0.588465748,0,0,0.405805356,0
0.58873421,0,0,0.404910377,0
0.589002672,0,0,0.404015397,0
0.589271134,0,0,0.403120418,0
0.589539597,0,0,0.402225439,0
0.589808059,0,0,0.401330459,0
0.590076521,0,0,0.40043548,0
0.590344983,0,0,0.3995405,0
0.590613445,0,0,0.398645521,0
0.590881907,0,0,0.397750541,0
0.591150369,0,0,0.396855562,0
0.591418832,0,0,0.395960582,0
0.591687294,0,0,0.395065603,0
0.591955756,0,0,0.394170624,0
0.592224218,0,0,0.393275644,0
0.59249268,0,0,0.392380665,0
0.592761142,0,0,0.391485685,0
0.593029605,0,0,0.390590706,0
0.593298067,0,0,0.389695726,0
0.593566529,0,0,0.388800747,0
0.593834991,0,0,0.387905767,0
0.594103453,0,0,0.387010788,0
0.594371915,0,0,0.386115809,0
0.594640378,0,0,0.385220829,0
0.59490884,0,0,0.38432585,0
0.595177302,0,0,0.38343087,0
0.595445764,0,0,0.382535891,0
0.595714226,0,0,0.381640911,0
0.595982688,0,0,0.380745932,0
0.596251151,0,0,0.379850952,0
0.596519613,0,0,0.378955973,0
0.596788075,0,0,0.378060994,0
0.597056537,0,0,0.377166014,0
0.597324999,0,0,0.376271035,0
0.597593461,0,0,0.375376055,0
0.597861924,0,0,0.374481076,0
0.598130386,0,0,0.373586096,0
0.598398848,0,0,0.372691117,0
0.59866731,0,0,0.371796137,0
0.598935772,0,0,0.370901158,0
0.599204234,0,0,0.370006179,0
0.599472697,0,0,0.369111199,0
0.599741159,0,0,0.36821622,0
0.600009621,0,0,0.36732124,0
0.600278083,0,0,0.366426261,0
0.600546545,0,0,0.365531281,0
0.600815007,0,0,0.364636302,0
0.60108347,0,0,0.363741322,0
0.601351932,0,0,0.362846343,0
0.598067653,0,0,0.356329681,0
0.598493028,0,0,0.355682993,0
0.598933206,0,0,0.355059728,0
0.599388187,0,0,0.354459887,0
0.599857971,0,0,0.353883469,0
0.600342558,0,0,0.353330476,0
0.600841948,0,0,0.352800906,0
0.601356142,0,0,0.352294759,0
0.601885138,0,0,0.351812036,0
0.602428938,0,0,0.351352737,0
0.602987541,0,0,0.350916862,0
0.603560946,0,0,0.35050441,0
0.604149155,0,0,0.350115382,0
0.604752167,0,0,0.349749778,0
0.605369982,0,0,0.349407597,0
0.6060026,0,0,0.34908884,0
0.606650022,0,0,0.348793507,0
0.607312246,0,0,0.348521597,0
0.607989273,0,0,0.348273111,0
0.608681104,0,0,0.348048049,0
0.609387738,0,0,0.34784641,0
0.610109174,0,0,0.347668195,0
0.610845414,0,0,0.347513404,0
0.611596457,0,0,0.347382036,0
0.612362303,0,0,0.347274092,0
0.613142952,0,0,0.347189572,0
0.613938404,0,0,0.347128476,0
0.614748659,0,0,0.347090803,0
0.615573717,0,0,0.347076553,0
0.616413579,0,0,0.347085728,0
0.617268243,0,0,0.347118326,0
0.618137711,0,0,0.347174348,0
0.619021981,0,0,0.347253793,0
0.619921055,0,0,0.347356663,0
0.620834932,0,0,0.347482955,0
0.621763612,0,0,0.347632672,0
0.622707095,0,0,0.347805812,0
0.623665381,0,0,0.348002376,0
0.62463847,0,0,0.348222364,0
0.625626363,0,0,0.348465775,0
0.626629058,0,0,0.34873261,0
0.627646556,0,0,0.349022868,0
0.628678858,0,0,0.34933655,0
0.629725962,0,0,0.349673656,0
0.63078787,0,0,0.350034186,0
0.631864581,0,0,0.350418139,0
0.632956095,0,0,0.350825516,0
0.634062412,0,0,0.351256317,0
0.635183532,0,0,0.351710541,0
0.636319455,0,0,0.352188189,0
