0.182835457,0.349385996,0.48733895,0,0
0.184475036,0.348699904,0.486203179,0,0
0.186114615,0.348013811,0.485067409,0,0
0.187754194,0.347327719,0.483931639,0,0
0.189393773,0.346641627,0.482795868,0,0
0.191033352,0.345955534,0.481660098,0,0
0.192672931,0.345269442,0.480524328,0,0
0.19431251,0.34458335,0.479388557,0,0
0.195952089,0.343897257,0.478252787,0,0
0.197591668,0.343211165,0.477117017,0,0
0.199231247,0.342525073,0.475981247,0,0
0.200870826,0.341838981,0.474845476,0,0
0.202510405,0.341152888,0.473709706,0,0
0.204149984,0.340466796,0.472573936,0,0
0.205789563,0.339780704,0.471438165,0,0
0.207429142,0.339094611,0.470302395,0,0
0.209068721,0.338408519,0.469166625,0,0
0.2107083,0.337722427,0.468030854,0,0
0.212347879,0.337036334,0.466895084,0,0
0.213987458,0.336350242,0.465759314,0,0
0.215627037,0.33566415,0.464623544,0,0
0.217266616,0.334978057,0.463487773,0,0
0.218906195,0.334291965,0.462352003,0,0
0.220545774,0.333605873,0.461216233,0,0
0.222185353,0.33291978,0.460080462,0,0
0.223824932,0.332233688,0.458944692,0,0
0.225464511,0.331547596,0.457808922,0,0
0.22710409,0.330861503,0.456673151,0,0
0.228743669,0.330175411,0.455537381,0,0
0.230383248,0.329489319,0.454401611,0,0
0.232022827,0.328803226,0.453265841,0,0
0.233662406,0.328117134,0.45213007,0,0
0.235301985,0.327431042,0.4509943,0,0
0.236941564,0.32674495,0.44985853,0,0
0.238581143,0.326058857,0.448722759,0,0
0.240220722,0.325372765,0.447586989,0,0
0.241860301,0.324686673,0.446451219,0,0
0.24349988,0.32400058,0.445315448,0,0
0.245139459,0.323314488,0.444179678,0,0
0.246779038,0.322628396,0.443043908,0,0
0.248418617,0.321942303,0.441908138,0,0
0.250058196,0.321256211,0.440772367,0,0
0.251697775,0.320570119,0.439636597,0,0
0.253337354,0.319884026,0.438500827,0,0
0.254976933,0.319197934,0.437365056,0,0
0.256616512,0.318511842,0.436229286,0,0
0.258256091,0.317825749,0.435093516,0,0
0.25989567,0.317139657,0.433957745,0,0
0.261535249,0.316453565,0.432821975,0,0
0.263174828,0.315767472,0.431686205,0,0
0.264814407,0.31508138,0.430550435,0,0
0.266453986,0.314395288,0.429414664,0,0
0.268093565,0.313709195,0.428278894,0,0
0.269733144,0.313023103,0.427143124,0,0
0.271372723,0.312337011,0.426007353,0,0
0.273012302,0.311650918,0.424871583,0,0
0.274651881,0.310964826,0.423735813,0,0
0.27629146,0.310278734,0.422600042,0,0
0.277931039,0.309592642,0.421464272,0,0
0.279570618,0.308906549,0.420328502,0,0
0.281210197,0.308220457,0.419192732,0,0
0.282849776,0.307534365,0.418056961,0,0
0.284489355,0.306848272,0.416921191,0,0
0.286128934,0.30616218,0.415785421,0,0
0.287768513,0.305476088,0.41464965,0,0
0.289408092,0.304789995,0.41351388,0,0
0.291047671,0.304103903,0.41237811,0,0
0.29268725,0.303417811,0.411242339,0,0
0.294326829,0.302731718,0.410106569,0,0
0.295966408,0.302045626,0.408970799,0,0
0.297605987,0.301359534,0.407835029,0,0
0.299245566,0.300673441,0.406699258,0,0
0.300885145,0.299987349,0.405563488,0,0
0.302524724,0.299301257,0.404427718,0,0
0.304164303,0.298615164,0.403291947,0,0
0.305803882,0.297929072,0.402156177,0,0
0.307443461,0.29724298,0.401020407,0,0
0.30908304,0.296556887,0.399884636,0,0
0.310722619,0.295870795,0.398748866,0,0
0.312362198,0.295184703,0.397613096,0,0
0.314001777,0.29449861,0.396477326,0,0
0.315641356,0.293812518,0.395341555,0,0
0.317280935,0.293126426,0.394205785,0,0
0.318920514,0.292440334,0.393070015,0,0
0.320560093,0.291754241,0.391934244,0,0
0.322199672,0.291068149,0.390798474,0,0
0.323839251,0.290382057,0.389662704,0,0
0.32547883,0.289695964,0.388526933,0,0
0.327118409,0.289009872,0.387391163,0,0
0.328757988,0.28832378,0.386255393,0,0
0.330397567,0.287637687,0.385119623,0,0
0.332037146,0.286951595,0.383983852,0,0
0.333676725,0.286265503,0.382848082,0,0
0.335316304,0.28557941,0.381712312,0,0
0.336955883,0.284893318,0.380576541,0,0
0.338595462,0.284207226,0.379440771,0,0
0.340235041,0.283521133,0.378305001,0,0
0.34187462,0.282835041,0.37716923,0,0
0.343514199,0.282148949,0.37603346,0,0
0.345153778,0.281462856,0.37489769,0,0
0.347682483,0.28190131,0.374365721,0,0
0.348610066,0.281925518,0.37344955,0,0
0.349694091,0.282240811,0.372457681,0,0
0.351668997,0.281983048,0.371573847,0,0
0.353615659,0.282350537,0.370642045,0,0
0.354895582,0.282898967,0.369420745,0,0
0.35676756,0.283152158,0.368200417,0,0
0.35810656,0.282537851,0.366978209,0,0
0.360010147,0.282473379,0.365016782,0,0
0.36141773,0.281952042,0.363797719,0,0
0.362824434,0.281339619,0.362780119,0,0
0.364233107,0.280613753,0.361528768,0,0
0.365706765,0.279357009,0.360323144,0,0
0.36770159,0.278362604,0.358867588,0,0
0.369206505,0.277352141,0.357802294,0,0
0.37077498,0.275562386,0.356525527,0,0
0.372864323,0.274441063,0.355417755,0,0
0.374363485,0.273251679,0.354293938,0,0
0.375946657,0.27153133,0.353139641,0,0
0.37753969,0.270419665,0.351780351,0,0
0.379675644,0.269364117,0.350270232,0,0
0.381224923,0.267372686,0.349141414,0,0
0.38226197,0.265815719,0.347961393,0,0
0.383355797,0.264101764,0.346271282,0,0
0.384896085,0.262428421,0.344918937,0,0
0.387130167,0.260494302,0.343797964,0,0
0.388311702,0.258540637,0.342495834,0,0
0.390030084,0.256907666,0.341191257,0,0
0.391736224,0.254823115,0.340049113,0,0
0.393473915,0.25247422,0.338654869,0,0
0.395262594,0.250721875,0.33729172,0,0
0.397036817,0.248507255,0.3361482,0,0
0.398310808,0.246082642,0.334801395,0,0
0.399555012,0.243584639,0.333737822,0,0
0.401392398,0.241094581,0.332307466,0,0
0.403220796,0.238633893,0.331255746,0,0
0.40455913,0.236198612,0.330216742,0,0
0.406544139,0.234137314,0.328952848,0,0
0.408606914,0.231633792,0.327908805,0,0
0.410548834,0.229526616,0.326500046,0,0
0.412921572,0.226899822,0.325475576,0,0
0.414729484,0.223779495,0.324453092,0,0
0.417131976,0.220667577,0.323222883,0,0
0.419110153,0.218087618,0.321993898,0,0
0.42087109,0.215480961,0.320799666,0,0
0.422301541,0.213359477,0.319836332,0,0
0.42407727,0.210769049,0.318657491,0,0
0.425799279,0.208689233,0.317462952,0,0
0.426977768,0.206058737,0.316368709,0,0
0.428831843,0.203469081,0.31526148,0,0
0.431103305,0.20121865,0.314065926,0,0
0.433432761,0.198749483,0.312852846,0,0
0.435196231,0.19639293,0.31168423,0,0
0.436437725,0.194486423,0.310655864,0,0
0.438729871,0.192073062,0.30941633,0,0
0.441031967,0.189913822,0.308368754,0,0
0.442758467,0.187713386,0.306831947,0,0
0.444549322,0.185247764,0.305562432,0,0
0.446045607,0.182869793,0.304347558,0,0
0.448468718,0.18051323,0.30310808,0,0
0.450295674,0.17818302,0.301674444,0,0
0.452120063,0.17536804,0.30060928,0,0
0.454023332,0.172619266,0.299343428,0,0
0.455939503,0.170038012,0.297877857,0,0
0.457813018,0.167888327,0.296630227,0,0
0.459725459,0.165833669,0.295351226,0,0
0.461672635,0.164300164,0.293928037,0,0
0.463617643,0.162222685,0.292378806,0,0
0.465615138,0.160239493,0.291152475,0,0
0.468131925,0.159247629,0.289887804,0,0
0.47007488,0.156904324,0.288840874,0,0
0.472036393,0.156086302,0.287827922,0,0
0.474002762,0.154874011,0.286292011,0,0
0.47550386,0.15322819,0.285181779,0,0
0.477544328,0.151767597,0.283954367,0,0
0.479661793,0.150419355,0.282607618,0,0
0.482280936,0.149190844,0.281422561,0,0
0.483803856,0.148612915,0.280479201,0,0
0.485781554,0.147121581,0.279351806,0,0
0.488344675,0.146419646,0.278223414,0,0
0.490848145,0.146233614,0.277160778,0,0
0.493163399,0.145898117,0.276030851,0,0
0.495589414,0.146085206,0.274776457,0,0
0.497905792,0.146491088,0.27390424,0,0
0.500022225,0.146288991,0.273036722,0,0
0.50182917,0.14685186,0.272004501,0,0
0.503362863,0.147727464,0.271091601,0,0
0.505194536,0.148836452,0.270235816,0,0
0.507440702,0.149718588,0.269186309,0,0
0.509117979,0.151357926,0.26827558,0,0
0.511118491,0.153337497,0.267385598,0,0
0.51220315,0.15561778,0.266301122,0,0
0.513205476,0.158119165,0.265365542,0,0
0.514681155,0.160397252,0.26423991,0,0
0.516659219,0.163731998,0.263166348,0,0
0.518227946,0.167043317,0.262109353,0,0
0.520120678,0.171118016,0.26126143,0,0
0.52154263,0.174868706,0.260107868,0,0
0.523457818,0.178404018,0.259057901,0,0
0.523414373,0.181967262,0.257446413,0,0
0.524759491,0.185352586,0.256100576,0,0
0.526987949,0.188450769,0.254771415,0,0
0.528130614,0.192183055,0.25346386,0,0
0.528747856,0.195718162,0.251966316,0,0
0.530277466,0.197283987,0.250695848,0,0
0.531669801,0.200152856,0.249425612,0,0
0.533417274,0.202717809,0.24832902,0,0
0.534512886,0.205127108,0.247755808,0,0
0.536210962,0.208800352,0.246589806,0,0
0.536843454,0.212492024,0.245071152,0,0
0.538215143,0.216762412,0.243893419,0,0
0.539178028,0.220948437,0.242569565,0,0
0.539244542,0.225285162,0.241750794,0,0
0.540384426,0.228490721,0.240521735,0,0
0.541124957,0.232416579,0.239634914,0,0
0.541908714,0.236194185,0.238396182,0,0
0.543166642,0.239938905,0.237229041,0,0
0.543510936,0.244107148,0.235995322,0,0
0.543538404,0.247524197,0.234918007,0,0
0.544055159,0.25071658,0.234063696,0,0
0.544285755,0.254196813,0.232861628,0,0
0.545617824,0.257569402,0.231597886,0,0
0.546734226,0.261050381,0.231010853,0,0
0.548028394,0.264108651,0.230303628,0,0
0.548043383,0.266874633,0.229281194,0,0
0.548823929,0.269894276,0.228372829,0,0
0.549614066,0.272424323,0.227654049,0,0
0.550234255,0.275212,0.226631782,0,0
0.550877786,0.277067979,0.225932034,0,0
0.551445903,0.279344469,0.225303224,0,0
0.552062871,0.281293169,0.224477588,0,0
0.553722109,0.28398484,0.223851171,0,0
0.554678426,0.286557736,0.22305627,0,0
0.554963453,0.288407323,0.22268738,0,0
0.556108897,0.289881238,0.22176844,0,0
0.557734557,0.291606134,0.221026982,0,0
0.558209272,0.292640955,0.220512283,0,0
0.559064329,0.295270952,0.219797524,0,0
0.55964264,0.296758464,0.219457755,0,0
0.559905985,0.298763074,0.21873402,0,0
0.560122325,0.30034241,0.217882104,0,0
0.560527599,0.302740204,0.217274168,0,0
0.560864012,0.304527545,0.216814492,0,0
0.560608217,0.305616059,0.216369195,0,0
0.560719045,0.306812038,0.215763817,0,0
0.561119955,0.308285152,0.215326129,0,0
0.56146689,0.309222864,0.214870873,0,0
0.562208551,0.310514066,0.214425237,0,0
0.562821509,0.31118808,0.213911355,0,0
0.563267626,0.312006483,0.213242303,0,0
0.562613601,0.312329921,0.212600381,0,0
0.562359765,0.313143836,0.211999102,0,0
0.562587584,0.312852476,0.211496479,0,0
0.562660169,0.312975364,0.211194668,0,0
0.56254729,0.313251367,0.210637699,0,0
0.562917971,0.313490304,0.210524208,0,0
0.563640815,0.313803172,0.210165097,0,0
0.564185298,0.314171508,0.209769542,0,0
0.563827887,0.31445581,0.209510151,0,0
0.563533158,0.315060055,0.209431941,0,0
0.563536967,0.31567575,0.208911013,0,0
0.562808165,0.316726563,0.208619508,0,0
0.563437064,0.317361332,0.208680203,0,0
0.562727954,0.317725486,0.208631567,0,0
0.562938807,0.318186071,0.208442455,0,0
0.562633356,0.318016152,0.208494524,0,0
0.562330428,0.31881862,0.208910763,0,0
0.561967849,0.319314066,0.209089703,0,0
0.561085565,0.319006129,0.209360579,0,0
0.560743695,0.320275624,0.209227783,0,0
0.561292654,0.320669588,0.209171208,0,0
0.560805882,0.321268734,0.2095794,0,0
0.561335644,0.322748848,0.209605633,0,0
0.560893226,0.325034872,0.20986111,0,0
0.560357306,0.32735404,0.210390155,0,0
0.560398987,0.330303662,0.21083417,0,0
0.560303079,0.333115131,0.210984669,0,0
0.560237599,0.338211407,0.211538617,0,0
0.559073916,0.342878089,0.212102829,0,0
0.558238857,0.346854269,0.212468262,0,0
0.557065665,0.352314546,0.212961711,0,0
0.555614855,0.35796418,0.213854982,0,0
0.554326643,0.363541867,0.214398724,0,0
0.553961411,0.370227979,0.214831203,0,0
0.552765856,0.376537369,0.215230524,0,0
0.552145045,0.382875542,0.215629847,0,0
0.551234071,0.389687695,0.216071958,0,0
0.5494918,0.396425794,0.216642645,0,0
0.54786737,0.403037816,0.21727287,0,0
0.546054504,0.410216733,0.217755891,0,0
0.545564176,0.417127663,0.218391374,0,0
0.544480087,0.423950228,0.21889824,0,0
0.543311704,0.431763498,0.219632432,0,0
0.54150189,0.439233878,0.220365612,0,0
0.539868661,0.447404128,0.220984542,0,0
0.538531778,0.454418896,0.221604718,0,0
0.53759804,0.462193725,0.222519669,0,0
0.536066616,0.47072141,0.223384847,0,0
0.53506684,0.478275449,0.223963832,0,0
0.534571205,0.485970775,0.224723354,0,0
0.533212355,0.494113402,0.225298086,0,0
0.531631633,0.501757825,0.225682333,0,0
0.5312516,0.508486717,0.22628449,0,0
0.530088139,0.517364151,0.226689384,0,0
0.527640223,0.523612801,0.227084097,0,0
0.525667817,0.532007384,0.227324793,0,0
0.524001417,0.540329805,0.227891911,0,0
0.521435021,0.54744456,0.228325762,0,0
0.519892859,0.554468323,0.22897229,0,0
0.518245091,0.560897925,0.229554184,0,0
0.517006153,0.567541991,0.230216123,0,0
0.516228381,0.574246461,0.230704033,0,0
0.515751158,0.581983083,0.231347182,0,0
0.514846636,0.590003473,0.231848704,0,0
0.513440472,0.597611004,0.232248235,0,0
0.512362094,0.605173649,0.232641305,0,0
0.512324333,0.612704453,0.233217617,0,0
0.512677516,0.617395543,0.233630507,0,0
0.511324102,0.623894403,0.234168983,0,0
0.511206259,0.629995295,0.234502606,0,0
0.510180904,0.634825444,0.234948268,0,0
0.510075124,0.637736088,0.235255781,0,0
0.509477559,0.641067427,0.235410058,0,0
0.509453112,0.64399838,0.235679276,0,0
0.509911954,0.645925654,0.236128178,0,0
0.509900317,0.647216503,0.236252161,0,0
0.509916428,0.649196153,0.236501093,0,0
0.509915144,0.651004302,0.236675822,0,0
0.510584805,0.65156393,0.236866104,0,0
0.511145148,0.652738361,0.237051896,0,0
0.510980279,0.653041787,0.237444936,0,0
0.511302396,0.653489206,0.237553334,0,0
0.51279515,0.654726742,0.237792398,0,0
0.513402674,0.657836154,0.23803939,0,0
0.513583626,0.661008062,0.238140121,0,0
0.514536068,0.66321918,0.23841402,0,0
0.514931151,0.664103787,0.238451205,0,0
0.515499505,0.665543617,0.238667674,0,0
0.51591701,0.667389718,0.238714093,0,0
0.517072199,0.67022386,0.238955235,0,0
0.5168478,0.673244435,0.239144118,0,0
0.517160475,0.675343226,0.239227383,0,0
0.518478081,0.678794595,0.239231398,0,0
0.520009493,0.681865716,0.23937694,0,0
0.520543253,0.684788348,0.239248781,0,0
0.521755998,0.68793082,0.239138989,0,0
0.523321486,0.690739427,0.23891804,0,0
0.524637866,0.694287272,0.238616949,0,0
0.525655935,0.696830738,0.238856188,0,0
0.527658796,0.700014248,0.238955068,0,0
0.529883407,0.702850285,0.239146407,0,0
0.532182501,0.706182223,0.238918573,0,0
0.534022098,0.70942988,0.238526873,0,0
0.535293608,0.712606778,0.238322975,0,0
0.537209905,0.715108314,0.238030045,0,0
0.538675119,0.717791245,0.237959619,0,0
0.540585921,0.720383054,0.237870416,0,0
0.542609937,0.723467372,0.237778148,0,0
0.544413271,0.72596876,0.237666913,0,0
0.546749305,0.729007891,0.237632232,0,0
0.550157168,0.732005157,0.237577495,0,0
0.551651163,0.735504049,0.237475853,0,0
0.55510653,0.738928097,0.237329642,0,0
0.557595454,0.742386773,0.237283264,0,0
0.560165538,0.746376628,0.237583724,0,0
0.563298735,0.750475944,0.237344734,0,0
0.56642215,0.755155792,0.237103019,0,0
0.569872325,0.759554567,0.237127764,0,0
0.57324606,0.764431791,0.237050303,0,0
0.575481162,0.769474489,0.236929903,0,0
0.57872309,0.775361514,0.237223708,0,0
0.581182383,0.781732864,0.237319247,0,0
0.584181981,0.787656699,0.237488233,0,0
0.587060207,0.794378781,0.237765222,0,0
0.5894886,0.800824085,0.23785826,0,0
0.593185035,0.807763102,0.237978641,0,0
0.596300073,0.813945897,0.238020066,0,0
0.600100691,0.820460861,0.238022997,0,0
0.603548554,0.827676792,0.238300619,0,0
0.607268648,0.833653109,0.238558574,0,0
0.610838504,0.839267598,0.238677032,0,0
0.613683683,0.84569604,0.239069051,0,0
0.615660619,0.851951502,0.239040541,0,0
0.619367225,0.858349313,0.239312349,0,0
0.622879478,0.864830847,0.239648793,0,0
0.626259478,0.871098895,0.239745214,0,0
0.630201965,0.878234457,0.239916916,0,0
0.634018966,0.884792856,0.240034252,0,0
0.637393112,0.891126586,0.240141164,0,0
0.640445168,0.897563561,0.240198594,0,0
0.645159093,0.904561253,0.240156945,0,0
0.64958247,0.911197837,0.24031773,0,0
0.654076112,0.917418605,0.240820368,0,0
0.65878623,0.923050339,0.240787681,0,0
0.662669129,0.929423643,0.240449017,0,0
0.665610162,0.935129839,0.240140315,0,0
0.668686464,0.940417812,0.240343534,0,0
0.672995179,0.945329991,0.240089966,0,0
0.676344456,0.95049056,0.239636936,0,0
0.679820135,0.954932317,0.239362936,0,0
0.68389978,0.959820698,0.239102483,0,0
0.687432697,0.964592801,0.2387285,0,0
0.691238356,0.968633265,0.238599722,0,0
0.696093572,0.974108977,0.238381738,0,0
0.70037371,0.977832041,0.238193241,0,0
0.704178136,0.980764085,0.23800704,0,0
0.70874058,0.984578843,0.237866435,0,0
0.713523113,0.988293174,0.23784141,0,0
0.717594906,0.991631809,0.237538071,0,0
0.722062201,0.995237244,0.237279018,0,0
0.726306985,0.997715722,0.237048393,0,0
0.730324188,0.999275747,0.236759353,0,0
0.734996972,1,0.236335161,0,0
0.739403114,0.999879806,0.235968194,0,0
0.744331299,0.998930694,0.235585374,0,0
0.748579291,0.997145434,0.23505745,0,0
0.753045723,0.99742397,0.23471485,0,0
0.7582926,0.995371547,0.234161945,0,0
0.763641298,0.992922171,0.233753861,0,0
0.768587393,0.990363798,0.233486165,0,0
0.773995895,0.989406387,0.233041117,0,0
0.779322963,0.987453788,0.232491059,0,0
0.784280552,0.986027319,0.231855771,0,0
0.788865875,0.985518579,0.231195135,0,0
0.793374994,0.98514344,0.230641659,0,0
0.799001921,0.98410369,0.230265349,0,0
0.803830185,0.983869834,0.229897016,0,0
0.808629497,0.98426435,0.229282746,0,0
0.813529328,0.984506494,0.228681148,0,0
0.819026263,0.985286901,0.227879105,0,0
0.824905095,0.98605803,0.227221016,0,0
0.829802317,0.98681296,0.22624937,0,0
0.834294167,0.986879023,0.2255156,0,0
0.839057787,0.986212689,0.224857506,0,0
0.84375534,0.98690747,0.223836168,0,0
0.848871178,0.987388093,0.222854814,0,0
0.853660366,0.987862602,0.221667815,0,0
0.858330466,0.987913253,0.221021994,0,0
0.862330985,0.987535414,0.220369546,0,0
0.867463479,0.986680057,0.219498012,0,0
0.872995427,0.986597729,0.218240841,0,0
0.8773997,0.985708881,0.217018261,0,0
0.882121169,0.984539294,0.215510469,0,0
0.886969211,0.983383699,0.214146668,0,0
0.891890227,0.981451565,0.212779559,0,0
0.896801246,0.980204741,0.211484893,0,0
0.901023629,0.977704831,0.210291104,0,0
0.905678207,0.976261308,0.208927105,0,0
0.910224191,0.974629315,0.207734778,0,0
0.914685781,0.972551983,0.206530393,0,0
0.918801867,0.970401072,0.205092772,0,0
0.923477089,0.968514978,0.203958907,0,0
0.928710118,0.9655475,0.202426478,0,0
0.932434828,0.96361487,0.201518179,0,0
0.936088381,0.96164843,0.199941779,0,0
0.940281852,0.959748811,0.198497417,0,0
0.944372515,0.957358505,0.19699706,0,0
0.949400897,0.955450367,0.195686334,0,0
0.952710425,0.953643359,0.194244877,0,0
0.956171964,0.951302721,0.192978066,0,0
0.960090196,0.949085798,0.19152733,0,0
0.96277971,0.94732589,0.189989539,0,0
0.965992027,0.945865013,0.188740055,0,0
0.969432903,0.943985382,0.187124107,0,0
0.972387831,0.94212075,0.185808822,0,0
0.975013123,0.939870263,0.184484241,0,0
0.977496162,0.939118512,0.183028287,0,0
0.979358575,0.938343867,0.181952916,0,0
0.981710696,0.937033036,0.180845807,0,0
0.984096722,0.936135794,0.17941742,0,0
0.986738934,0.934416567,0.178211018,0,0
0.989606687,0.933009729,0.177031189,0,0
0.992174068,0.931984051,0.17541279,0,0
0.994259971,0.931195585,0.174041784,0,0
0.995658647,0.930275171,0.172874523,0,0
0.996478069,0.929251788,0.171599465,0,0
0.997411377,0.927447905,0.170207286,0,0
0.998132226,0.926134059,0.168691708,0,0
0.998234197,0.925050655,0.167326045,0,0
0.998392689,0.92448861,0.165698424,0,0
0.999193071,0.923133808,0.163734627,0,0
0.999779306,0.921823356,0.162218277,0,0
1,0.919861814,0.16061418,0,0
0.999459509,0.918362761,0.158846697,0,0
0.999726136,0.91639613,0.157204711,0,0
0.999470694,0.914403933,0.155539155,0,0
0.999092561,0.912745059,0.153683207,0,0
0.99841779,0.91070411,0.151880004,0,0
0.998498152,0.908699095,0.150158594,0,0
0.99669794,0.906260848,0.148528585,0,0
0.995124334,0.903681886,0.146648449,0,0
0.993377228,0.899864762,0.142602456,0,0
0.991440815,0.896708198,0.141055935,0,0
0.989049487,0.893019069,0.137975694,0,0
0.98784507,0.889434476,0.135781009,0,0
0.985915418,0.885244865,0.133214036,0,0
0.984006399,0.881528733,0.131469683,0,0
0.982087392,0.877383354,0.129704651,0,0
0.97997657,0.872587878,0.127987052,0,0
0.977496785,0.867572317,0.126329578,0,0
0.974521271,0.862637749,0.124859018,0,0
0.971514511,0.857472924,0.123412556,0,0
0.968340741,0.851554275,0.122207354,0,0
0.965691029,0.847399576,0.120958013,0,0
0.962226054,0.842631758,0.119759909,0,0
0.959101322,0.837914524,0.118659424,0,0
0.955638123,0.832923373,0.118124094,0,0
0.952365091,0.827028997,0.117016875,0,0
0.949891652,0.820501421,0.11601664,0,0
0.946744074,0.813326848,0.115518365,0,0
0.943501381,0.806981927,0.114420309,0,0
0.940397835,0.799747145,0.113274762,0,0
0.937022166,0.792850577,0.112343564,0,0
0.933995613,0.785823103,0.111307952,0,0
0.930552167,0.778628191,0.110325619,0,0
0.92644368,0.771461985,0.109344745,0,0
0.922813024,0.763259448,0.108381075,0,0
0.919179235,0.755826384,0.107416784,0,0
0.915585718,0.74855169,0.106769965,0,0
0.911324523,0.741006454,0.105855378,0,0
0.906934452,0.73393035,0.105101272,0,0
0.903365523,0.726481586,0.104421997,0,0
0.89904847,0.718827662,0.103589242,0,0
0.895547671,0.711208724,0.102761759,0,0
0.89155411,0.703171477,0.101718631,0,0
0.887400486,0.695884372,0.100631304,0,0
0.883622946,0.688277295,0.099878067,0,0
0.879289352,0.682068212,0.099079,0,0
0.874873581,0.674710047,0.098144027,0,0
0.869908276,0.667801977,0.097224376,0,0
0.864815311,0.660687975,0.096388965,0,0
0.860456052,0.652940201,0.095549226,0,0
0.855745733,0.645554453,0.094503468,0,0
0.850692053,0.638800472,0.093654735,0,0
0.845040242,0.631589024,0.092933494,0,0
0.839854711,0.625325202,0.092223964,0,0
0.834560391,0.617817265,0.091098272,0,0
0.829293461,0.61141209,0.089774553,0,0
0.823586306,0.604495431,0.088636077,0,0
0.817528995,0.598596578,0.087927902,0,0
0.811984114,0.59209429,0.087132948,0,0
0.805941743,0.585690811,0.086272665,0,0
0.801288792,0.580349867,0.08567702,0,0
0.795490064,0.574395243,0.08506114,0,0
0.789399862,0.568402937,0.084275228,0,0
0.783829169,0.563094254,0.083577781,0,0
0.777759628,0.55765309,0.08281368,0,0
0.771120022,0.552137842,0.081953602,0,0
0.764518125,0.546782297,0.081134888,0,0
0.759269165,0.542152972,0.080665249,0,0
0.752525519,0.53680971,0.079986288,0,0
0.746047106,0.532573752,0.079563464,0,0
0.739438406,0.528113447,0.078599913,0,0
0.732904963,0.523939063,0.078225537,0,0
0.726199443,0.52027239,0.077758901,0,0
0.718344231,0.516844866,0.077309436,0,0
0.710575569,0.513091243,0.076725853,0,0
0.704174429,0.509414515,0.076275818,0,0
0.69708745,0.506134157,0.075702119,0,0
0.689388783,0.503288972,0.07536482,0,0
0.68278303,0.50052316,0.075159005,0,0
0.674431571,0.497691097,0.074831708,0,0
0.667737409,0.495377381,0.07440621,0,0
0.659887424,0.493178832,0.074167318,0,0
0.652816084,0.491972278,0.073927334,0,0
0.645813384,0.490141233,0.073448836,0,0
0.639416994,0.488341572,0.072885127,0,0
0.63240493,0.487530656,0.072450316,0,0
0.625064532,0.485936729,0.07190726,0,0
0.615983725,0.484615336,0.071517342,0,0
0.607727826,0.483882229,0.07080303,0,0
0.599712119,0.482443694,0.070358104,0,0
0.591208227,0.481029815,0.06984034,0,0
0.583031405,0.479671821,0.06910941,0,0
0.57461029,0.477344526,0.068468137,0,0
0.566768207,0.475965527,0.068057087,0,0
0.5582896,0.4738289,0.067596783,0,0
0.550307741,0.47182178,0.068238011,0,0
0.542395522,0.469494834,0.06742733,0,0
0.534301729,0.467191625,0.066726711,0,0
0.526846761,0.46384722,0.066000754,0,0
0.518042202,0.461303619,0.065267171,0,0
0.509125923,0.458048953,0.064434613,0,0
0.500446289,0.454892418,0.063792943,0,0
0.491669389,0.451633499,0.063071694,0,0
0.482779026,0.447279901,0.062116316,0,0
0.474786116,0.442953144,0.061440364,0,0
0.46638748,0.438480182,0.061547533,0,0
0.457967112,0.433625434,0.061427545,0,0
0.449093153,0.428729071,0.060350922,0,0
0.441019761,0.424113871,0.061146809,0,0
0.432535629,0.419010935,0.060940055,0,0
0.424534105,0.412992288,0.061815742,0,0
0.416374052,0.406915554,0.062152415,0,0
0.40855906,0.401196574,0.062188792,0,0
0.3996755,0.394537473,0.062344222,0,0
0.391384103,0.387425703,0.062604784,0,0
0.383386444,0.380696236,0.062773606,0,0
0.375231983,0.373940094,0.063178477,0,0
0.366668417,0.366306405,0.063542006,0,0
0.358565904,0.358711826,0.063746788,0,0
0.349685855,0.352074225,0.064010584,0,0
0.341227313,0.343801419,0.064642575,0,0
0.333807669,0.338270592,0.066106705,0,0
0.326647684,0.330288309,0.066307318,0,0
0.319277093,0.321880168,0.065699635,0,0
0.312821315,0.314459706,0.066169049,0,0
0.305054748,0.307118718,0.066241922,0,0
0.29870424,0.300614283,0.065688328,0,0
0.291998974,0.292909271,0.065845429,0,0
0.285298774,0.285903233,0.066013981,0,0
0.278010452,0.278502813,0.067474708,0,0
0.270349025,0.270810259,0.067215469,0,0
0.263916694,0.262440092,0.067223822,0,0
0.257385842,0.253864607,0.068633446,0,0
0.250229103,0.245748569,0.068358759,0,0
0.243097321,0.239649512,0.068108145,0,0
0.236787103,0.231544341,0.067106102,0,0
0.230756468,0.224848835,0.066775083,0,0
0.224952059,0.21801777,0.066335655,0,0
0.218619114,0.212953027,0.067116194,0,0
0.212912261,0.206857818,0.066158223,0,0
0.206636045,0.20102677,0.065173539,0,0
0.20034057,0.196243803,0.064496857,0,0
0.194770731,0.191201695,0.063596292,0,0
0.188062773,0.186124304,0.062772805,0,0
0.181991992,0.180235587,0.06193756,0,0
0.175499484,0.176206673,0.061060762,0,0
0.169631178,0.171227136,0.060087169,0,0
0.164389192,0.167006478,0.059353748,0,0
0.159033393,0.162894672,0.05819598,0,0
0.152861145,0.158869364,0.056718708,0,0
0.14693763,0.154695754,0.055166963,0,0
0.142375528,0.150702517,0.053856244,0,0
0.13678795,0.146192549,0.052213485,0,0
0.131479219,0.142470982,0.050852076,0,0
0.126949192,0.138361394,0.049131054,0,0
0.122481927,0.13437387,0.047351951,0,0
0.117705268,0.129967944,0.045664244,0,0
0.113541311,0.126347892,0.043787242,0,0
0.109902633,0.122309175,0.04161639,0,0
0.105716012,0.11714614,0.040029305,0,0
0.101935205,0.113080707,0.038319577,0,0
0.098237686,0.109407306,0.036800239,0,0
0.09458083,0.106038382,0.035218919,0,0
0.091272819,0.10223301,0.033245017,0,0
0.088215968,0.099215741,0.031453391,0,0
0.085081126,0.096107391,0.029659535,0,0
0.081341115,0.093210426,0.027880261,0,0
0.078277123,0.090694069,0.026153106,0,0
0.074786868,0.088121922,0.023812508,0,0
0.071798452,0.086404333,0.021885901,0,0
0.069007953,0.08410219,0.019947295,0,0
0.065905155,0.082350718,0.019012011,0,0
0.064196182,0.080186191,0.018172985,0,0
0.06203855,0.078786781,0.017323968,0,0
0.059278562,0.07792566,0.01667239,0,0
0.056838432,0.07765799,0.016209278,0,0
0.05492061,0.077300867,0.015539519,0,0
0.052518878,0.076770558,0.015063843,0,0
0.051475617,0.076079141,0.014825565,0,0
0.048654352,0.075513045,0.014812005,0,0
0.047010265,0.075387522,0.015518662,0,0
0.045136597,0.074856172,0.016318371,0,0
0.042846647,0.074192455,0.01738289,0,0
0.040742023,0.073803348,0.019113096,0,0
0.038151396,0.073047917,0.020506548,0,0
0.03604148,0.072832463,0.022502079,0,0
0.035259297,0.07272566,0.025010527,0,0
0.033613414,0.072315768,0.027924833,0,0
0.032234996,0.072046951,0.030871055,0,0
0.030876048,0.071697586,0.034419173,0,0
0.029213316,0.070353389,0.03839481,0,0
0.028234096,0.070246315,0.042378225,0,0
0.0260032,0.069093556,0.04663027,0,0
0.024220885,0.067940899,0.051047335,0,0
0.022213207,0.0666128,0.05499339,0,0
0.020482146,0.064919176,0.06035185,0,0
0.019103117,0.063168584,0.065967318,0,0
0.017504639,0.062276106,0.072352862,0,0
0.016432049,0.060492445,0.078348344,0,0
0.01611731,0.058822194,0.085311356,0,0
0.014612097,0.056971671,0.092315019,0,0
0.013041487,0.054840268,0.100048704,0,0
0.01241214,0.053150137,0.108286999,0,0
0.011356817,0.05104181,0.116596479,0,0
0.009611193,0.049137746,0.12432405,0,0
0.009641192,0.046768507,0.132439058,0,0
0.008870599,0.043597297,0.141627597,0,0
0.007076638,0.04156922,0.150907071,0,0
0.00571136,0.038531996,0.15989119,0,0
0.004377239,0.036542,0.168894738,0,0
0.002842392,0.033938768,0.17892965,0,0
0.001943153,0.031318228,0.188771484,0,0
0.001777815,0.028763522,0.199308795,0,0
0.001564534,0.026578024,0.209455663,0,0
0.000620837,0.024580952,0.220025852,0,0
0,0.022290763,0.23115069,0,0
0.000177676,0.020868973,0.242380391,0,0
0.000426778,0.019177779,0.253942899,0,0
0.001059683,0.017516516,0.265320801,0,0
0.001268065,0.016358871,0.27680291,0,0
0.001638099,0.013012053,0.28752972,0,0
0.001766123,0.011256099,0.299510885,0,0
0.002299298,0.010510873,0.311551959,0,0
0.002170281,0.008759912,0.323135798,0,0
0.002091611,0.006734898,0.335462697,0,0
0.002595583,0.00465848,0.348043483,0,0
0.002214984,0.002806217,0.36043505,0,0
0.002158933,0.001202845,0.372660405,0,0
0.003471475,0.000409338,0.383786875,0,0
0.003838629,0,0.396735571,0,0
0.004778499,0.000130646,0.409226624,0,0
0.005914688,0.001121253,0.420571276,0,0
0.007053538,0.00234463,0.432953346,0,0
0.008254372,0.001662538,0.44582476,0,0
0.009624353,0.003084315,0.458645206,0,0
0.010211736,0.003810345,0.471162416,0,0
0.011138677,0.004820706,0.48359631,0,0
0.011734828,0.005015544,0.494548531,0,0
0.012876392,0.006034741,0.506902201,0,0
0.014590917,0.007244743,0.519491069,0,0
0.016199947,0.007144544,0.531359941,0,0
0.017868483,0.007394058,0.543393266,0,0
0.019623794,0.008571031,0.555264148,0,0
0.021476929,0.009623511,0.566928917,0,0
0.023871816,0.009220858,0.578266339,0,0
0.026218785,0.00983706,0.589741493,0,0
0.028058096,0.009923763,0.60071095,0,0
0.029153178,0.010867491,0.611746115,0,0
0.031111021,0.010893013,0.622744898,0,0
0.034444488,0.010627501,0.633460721,0,0
0.036416011,0.010890556,0.644003823,0,0
0.039582912,0.01066596,0.654354288,0,0
0.042252161,0.011234521,0.66453967,0,0
0.044828851,0.011609167,0.674824259,0,0
0.047529817,0.012424035,0.684246914,0,0
0.050839952,0.012960117,0.693255711,0,0
0.053619902,0.013621783,0.702596016,0,0
0.056147562,0.014778218,0.712447994,0,0
0.058290514,0.016471773,0.721347139,0,0
0.060995373,0.018219803,0.730134244,0,0
0.063844275,0.019897957,0.738701239,0,0
0.066233724,0.021288616,0.747007743,0,0
0.068606569,0.023380897,0.755335117,0,0
0.070924881,0.02536839,0.763414263,0,0
0.072798012,0.027726012,0.770799831,0,0
0.075575042,0.029450468,0.778018693,0,0
0.077691084,0.032197274,0.785063503,0,0
0.079797461,0.035145444,0.792782043,0,0
0.082042073,0.037369981,0.80050698,0,0
0.084663236,0.040710308,0.808071184,0,0
0.087636123,0.043876775,0.814459053,0,0
0.089832662,0.047800257,0.820827933,0,0
0.092609726,0.050970451,0.827105142,0,0
0.095369969,0.054282552,0.833483284,0,0
0.097656762,0.05691926,0.839426528,0,0
0.10046135,0.059803762,0.845586317,0,0
0.102881212,0.063271312,0.851854099,0,0
0.105334214,0.067100609,0.858021722,0,0
0.108117167,0.07117484,0.864279893,0,0
0.110882359,0.074915457,0.869645411,0,0
0.113511529,0.07915188,0.875316313,0,0
0.116125952,0.083429953,0.880886363,0,0
0.118605545,0.087266187,0.88597245,0,0
0.121889685,0.091089347,0.891414492,0,0
0.124689952,0.09437269,0.896430082,0,0
0.127023237,0.098224574,0.900951555,0,0
0.128900321,0.10185439,0.905430642,0,0
0.13119703,0.105104348,0.910017394,0,0
0.133138159,0.108461551,0.914219856,0,0
0.135703308,0.11193994,0.918257023,0,0
0.138485266,0.114876141,0.922359264,0,0
0.141374101,0.118189592,0.926120217,0,0
0.144423816,0.121931128,0.930240755,0,0
0.147873856,0.125897447,0.933620404,0,0
0.151192456,0.129544797,0.937261474,0,0
0.153750578,0.132420267,0.940718,0,0
0.156143386,0.13551443,0.943621326,0,0
0.159007621,0.139106694,0.94692218,0,0
0.162569262,0.142737583,0.949603348,0,0
0.166315035,0.146341362,0.952422869,0,0
0.17023302,0.149313447,0.954531866,0,0
0.17345992,0.152782558,0.956728843,0,0
0.177362328,0.156020849,0.958743529,0,0
0.181464125,0.158835858,0.960557413,0,0
0.184765688,0.161992308,0.96212446,0,0
0.189051127,0.165411517,0.963846912,0,0
0.193827096,0.168285959,0.965373234,0,0
0.19863109,0.17152189,0.966535366,0,0
0.202880078,0.174809848,0.970274432,0,0
0.208507197,0.178303829,0.971149337,0,0
0.213433777,0.181716644,0.974058953,0,0
0.218305651,0.18532354,0.975509822,0,0
0.222884769,0.188944056,0.977193697,0,0
0.227519389,0.192712219,0.978738414,0,0
0.231455442,0.196402481,0.979799388,0,0
0.236745427,0.200211951,0.980848288,0,0
0.241040223,0.204539405,0.981661685,0,0
0.246801118,0.208494788,0.982726613,0,0
0.252084841,0.212505252,0.983499872,0,0
0.257986774,0.21810569,0.986606623,0,0
0.263623554,0.223422142,0.989351614,0,0
0.269551373,0.227895092,0.991847441,0,0
0.275588609,0.232927488,0.994286411,0,0
0.281935757,0.238168371,0.996112761,0,0
0.287343582,0.243096859,0.997488138,0,0
0.293529767,0.248336887,0.998521813,0,0
0.299412959,0.253509848,0.999563767,0,0
0.305220697,0.257868822,1,0,0
0.31135928,0.262137004,0.999972174,0,0
0.316521288,0.266686751,0.999805763,0,0
0.322132663,0.270763121,0.99888768,0,0
0.328063981,0.275245799,0.998140291,0,0
0.333556611,0.279531564,0.996564785,0,0
0.339025473,0.284073459,0.994902989,0,0
0.344804823,0.288194826,0.992913572,0,0
0.350142055,0.292271926,0.990637491,0,0
0.355802856,0.295813991,0.98802881,0,0
0.36142454,0.299236497,0.985273517,0,0
0.36656262,0.30257974,0.981947007,0,0
0.371355426,0.306604303,0.978658845,0,0
0.376382299,0.310470536,0.975073837,0,0
0.381669621,0.313538773,0.970940527,0,0
0.38683173,0.316398368,0.966501308,0,0
0.391550728,0.319799494,0.962040892,0,0
0.396172984,0.322863875,0.957025754,0,0
0.400733975,0.326152419,0.951740749,0,0
0.405624734,0.328406385,0.946185377,0,0
0.410978392,0.331398239,0.94054199,0,0
0.414986405,0.333936451,0.934744686,0,0
0.419036571,0.336465553,0.928396308,0,0
0.422741242,0.339180406,0.92207733,0,0
0.426834776,0.341613133,0.915139098,0,0
0.430836583,0.34421928,0.907954152,0,0
0.434628428,0.346512318,0.901239428,0,0
0.437859121,0.34871141,0.894363221,0,0
0.441469305,0.350843593,0.88702927,0,0
0.445033512,0.352928562,0.879190122,0,0
0.448520745,0.354804277,0.871157807,0,0
0.451489923,0.356712625,0.862947528,0,0
0.454317698,0.358154653,0.854417534,0,0
0.457467914,0.360157159,0.845733753,0,0
0.460164022,0.361773562,0.836994881,0,0
0.463157203,0.363295428,0.828083781,0,0
0.466783537,0.364921983,0.81935898,0,0
0.469256394,0.36675558,0.810541731,0,0
0.472050904,0.368182629,0.801703333,0,0
0.474805868,0.369565338,0.792739143,0,0
0.477919942,0.371188635,0.783413793,0,0
0.4805825,0.37260566,0.77414698,0,0
0.482800216,0.373539257,0.765047769,0,0
0.485359481,0.374351295,0.755755308,0,0
0.487422797,0.37572539,0.74653036,0,0
0.489613785,0.376797558,0.737043351,0,0
0.492028885,0.378368369,0.727822499,0,0
0.49398353,0.379721986,0.718622676,0,0
0.49633529,0.38073459,0.7092329,0,0
0.498611366,0.381778924,0.699827995,0,0
0.500870434,0.382672943,0.690375191,0,0
0.503070751,0.383494651,0.681174204,0,0
0.505220759,0.38399742,0.671761017,0,0
0.507353836,0.384551415,0.662465263,0,0
0.509246799,0.385379114,0.653208365,0,0
0.510843327,0.386075319,0.644026403,0,0
0.512398712,0.387086727,0.63509502,0,0
0.514806072,0.387852822,0.626295026,0,0
0.517517023,0.388488929,0.617579538,0,0
0.519701754,0.389331512,0.609022903,0,0
0.522255639,0.389910609,0.600589677,0,0
0.524475504,0.390787071,0.592295725,0,0
0.526676661,0.391740039,0.58416149,0,0
0.529009381,0.392900007,0.576412291,0,0
0.53133211,0.393756962,0.5686224,0,0
0.533672494,0.394425011,0.56102119,0,0
0.536016292,0.39539819,0.553590476,0,0
0.538995539,0.397057072,0.546385607,0,0
0.542028879,0.39845954,0.539387387,0,0
0.545148375,0.399809437,0.532850801,0,0
0.547719495,0.400913209,0.52657885,0,0
0.550330003,0.402010376,0.5203738,0,0
0.553010248,0.403498654,0.514649627,0,0
0.556185323,0.40478727,0.509004864,0,0
0.558971564,0.406384708,0.503619708,0,0
0.561854043,0.40804851,0.498522522,0,0
0.564712602,0.409862935,0.493723538,0,0
0.567612103,0.411967265,0.488955633,0,0
0.570468271,0.414092238,0.484738775,0,0
0.573473282,0.416419657,0.480839184,0,0
0.577294891,0.418423698,0.475317052,0,0
0.580017084,0.420769906,0.471831938,0,0
0.583246061,0.423237154,0.467053166,0,0
0.586040376,0.425764888,0.463022965,0,0
0.589255827,0.428587509,0.4595069,0,0
0.592989942,0.431336707,0.456303754,0,0
0.597638311,0.434338921,0.453187425,0,0
0.601050773,0.437393989,0.450239616,0,0
0.605369326,0.440530029,0.447707112,0,0
0.608821616,0.443920686,0.445375664,0,0
0.612685538,0.447447496,0.443258747,0,0
0.615904663,0.449717247,0.438592387,0,0
0.619123787,0.451986999,0.433926027,0,0
0.622342912,0.45425675,0.429259667,0,0
0.625562036,0.456526502,0.424593307,0,0
0.628781161,0.458796254,0.419926947,0,0
0.632000285,0.461066005,0.415260587,0,0
0.63521941,0.463335757,0.410594227,0,0
0.638438534,0.465605508,0.405927867,0,0
0.641657659,0.46787526,0.401261507,0,0
0.644876783,0.470145011,0.396595147,0,0
0.648095908,0.472414763,0.391928787,0,0
0.651315032,0.474684514,0.387262427,0,0
0.654534157,0.476954266,0.382596067,0,0
0.657753282,0.479224017,0.377929707,0,0
0.660972406,0.481493769,0.373263347,0,0
0.664191531,0.483763521,0.368596988,0,0
0.667410655,0.486033272,0.363930628,0,0
0.67062978,0.488303024,0.359264268,0,0
0.673848904,0.490572775,0.354597908,0,0
0.677068029,0.492842527,0.349931548,0,0
0.680287153,0.495112278,0.345265188,0,0
0.683506278,0.49738203,0.340598828,0,0
0.686725402,0.499651781,0.335932468,0,0
0.689944527,0.501921533,0.331266108,0,0
0.693163652,0.504191284,0.326599748,0,0
0.696382776,0.506461036,0.321933388,0,0
0.699601901,0.508730788,0.317267028,0,0
0.702821025,0.511000539,0.312600668,0,0
0.70604015,0.513270291,0.307934308,0,0
0.709259274,0.515540042,0.303267948,0,0
0.712478399,0.517809794,0.298601588,0,0
0.715697523,0.520079545,0.293935228,0,0
0.718916648,0.522349297,0.289268868,0,0
0.722135772,0.524619048,0.284602508,0,0
0.725354897,0.5268888,0.279936148,0,0
0.728574021,0.529158552,0.275269788,0,0
0.731793146,0.531428303,0.270603428,0,0
0.735012271,0.533698055,0.265937068,0,0
0.738231395,0.535967806,0.261270708,0,0
0.74145052,0.538237558,0.256604348,0,0
0.744669644,0.540507309,0.251937988,0,0
0.747888769,0.542777061,0.247271628,0,0
0.751107893,0.545046812,0.242605268,0,0
0.754327018,0.547316564,0.237938908,0,0
0.757546142,0.549586315,0.233272548,0,0
0.760765267,0.551856067,0.228606188,0,0
0.763984391,0.554125819,0.223939828,0,0
0.767203516,0.55639557,0.219273468,0,0
0.770422641,0.558665322,0.214607108,0,0
0.773641765,0.560935073,0.209940748,0,0
0.785471259,0.568798222,0.201419406,0,0
0.788310093,0.570820932,0.196923308,0,0
0.791113049,0.572820336,0.192443272,0,0
0.793880129,0.574796434,0.187979299,0,0
0.796611333,0.576749227,0.183531387,0,0
0.79930666,0.578678713,0.179099539,0,0
0.801966111,0.580584894,0.174683753,0,0
0.804589685,0.582467769,0.170284029,0,0
0.807177382,0.584327338,0.165900368,0,0
0.809729203,0.586163601,0.161532769,0,0
0.812245147,0.587976558,0.157181232,0,0
0.814725215,0.58976621,0.152845758,0,0
0.817169406,0.591532556,0.148526347,0,0
0.819577721,0.593275596,0.144222997,0,0
0.821950159,0.59499533,0.139935711,0,0
0.824286721,0.596691758,0.135664486,0,0
0.826587406,0.598364881,0.131409324,0,0
0.828852214,0.600014697,0.127170225,0,0
0.831081146,0.601641208,0.122947188,0,0
0.833274202,0.603244413,0.118740213,0,0
0.835431381,0.604824312,0.114549301,0,0
0.837552683,0.606380906,0.110374451,0,0
0.839638109,0.607914193,0.106215663,0,0
0.841687658,0.609424175,0.102072939,0,0
0.843701331,0.610910851,0.097946276,0,0
0.845679127,0.612374221,0.093835676,0,0
0.847621047,0.613814285,0.089741138,0,0
0.84952709,0.615231044,0.085662663,0,0
0.851397257,0.616624496,0.08160025,0,0
0.853231547,0.617994643,0.0775539,0,0
0.85502996,0.619341484,0.073523612,0,0
0.856792497,0.620665019,0.069509386,0,0
0.858519158,0.621965249,0.065511223,0,0
0.860209942,0.623242172,0.061529122,0,0
0.861864849,0.62449579,0.057563084,0,0
0.86348388,0.625726102,0.053613108,0,0
0.865067034,0.626933108,0.049679194,0,0
0.866614312,0.628116808,0.045761343,0,0
0.868125713,0.629277202,0.041859555,0,0
0.869601238,0.630414291,0.037973829,0,0
0.871040886,0.631528074,0.034104165,0,0
0.872444657,0.632618551,0.030250563,0,0
0.873812552,0.633685722,0.026413025,0,0
0.875144571,0.634729587,0.022591548,0,0
0.876440713,0.635750147,0.018786134,0,0
0.877700978,0.6367474,0.014996782,0,0
0.878925367,0.637721348,0.011223493,0,0
0.880113879,0.63867199,0.007466266,0,0
0.881266515,0.639599326,0.003725102,0,0
0.882383274,0.640503357,0,0,0
