1.000670e+00,1.000670e+00,5.592525e-01,4.383009e-01,9.633494e-21
1.024539e+00,1.024173e+00,5.751448e-01,4.522554e-01,1.250016e-03
9.615067e-01,9.607514e-01,5.426301e-01,4.283662e-01,2.578447e-03
1.017871e+00,1.016757e+00,5.766318e-01,4.564832e-01,3.803134e-03
9.625622e-01,9.610609e-01,5.484195e-01,4.359577e-01,5.124779e-03
9.987411e-01,9.968752e-01,5.711808e-01,4.552893e-01,6.369489e-03
9.675153e-01,9.652675e-01,5.563914e-01,4.452622e-01,7.673174e-03
9.811494e-01,9.785309e-01,5.665956e-01,4.547774e-01,8.938763e-03
9.683410e-01,9.653446e-01,5.620707e-01,4.527781e-01,1.022843e-02
9.689595e-01,9.655888e-01,5.650252e-01,4.566261e-01,1.150606e-02
9.640404e-01,9.602940e-01,5.648955e-01,4.580631e-01,1.278887e-02
9.607208e-01,9.565992e-01,5.656555e-01,4.601949e-01,1.406962e-02
9.567926e-01,9.522984e-01,5.660572e-01,4.620353e-01,1.534147e-02
9.529061e-01,9.480389e-01,5.664845e-01,4.638970e-01,1.661444e-02
9.490731e-01,9.438326e-01,5.669448e-01,4.657864e-01,1.788892e-02
9.453021e-01,9.396878e-01,5.674432e-01,4.677077e-01,1.916510e-02
9.415985e-01,9.356099e-01,5.679828e-01,4.696635e-01,2.044301e-02
9.379653e-01,9.316018e-01,5.685651e-01,4.716547e-01,2.172259e-02
9.344028e-01,9.276640e-01,5.691901e-01,4.736810e-01,2.300367e-02
9.309090e-01,9.237945e-01,5.698561e-01,4.757412e-01,2.428607e-02
9.274788e-01,9.199884e-01,5.705599e-01,4.778323e-01,2.556958e-02
9.241038e-01,9.162371e-01,5.712965e-01,4.799502e-01,2.685403e-02
9.207715e-01,9.125283e-01,5.720585e-01,4.820890e-01,2.813924e-02
9.168560e-01,9.082415e-01,5.724582e-01,4.839224e-01,2.940663e-02
9.129803e-01,9.039940e-01,5.728837e-01,4.857782e-01,3.067578e-02
9.091559e-01,8.997971e-01,5.733426e-01,4.876629e-01,3.194725e-02
9.053907e-01,8.956587e-01,5.738401e-01,4.895810e-01,3.322135e-02
9.016902e-01,8.915841e-01,5.743793e-01,4.915351e-01,3.449821e-02
8.980570e-01,8.875761e-01,5.749616e-01,4.935263e-01,3.577779e-02
8.944915e-01,8.836350e-01,5.755870e-01,4.955543e-01,3.705993e-02
8.909918e-01,8.797590e-01,5.762540e-01,4.976177e-01,3.834439e-02
8.875531e-01,8.759434e-01,5.769592e-01,4.997135e-01,3.963092e-02
8.841672e-01,8.721801e-01,5.776975e-01,5.018374e-01,4.091920e-02
8.808222e-01,8.684574e-01,5.784615e-01,5.039831e-01,4.220886e-02
8.769193e-01,8.641845e-01,5.788592e-01,5.058095e-01,4.347180e-02
8.730545e-01,8.599490e-01,5.792830e-01,5.076594e-01,4.473712e-02
8.692386e-01,8.557616e-01,5.797405e-01,5.095394e-01,4.600557e-02
8.654794e-01,8.516297e-01,5.802370e-01,5.114543e-01,4.727761e-02
8.617818e-01,8.475584e-01,5.807757e-01,5.134067e-01,4.855341e-02
8.581486e-01,8.435503e-01,5.813580e-01,5.153979e-01,4.983299e-02
8.545802e-01,8.396060e-01,5.819839e-01,5.174276e-01,5.111618e-02
8.510746e-01,8.357235e-01,5.826518e-01,5.194942e-01,5.240272e-02
8.476273e-01,8.318985e-01,5.833584e-01,5.215947e-01,5.369226e-02
8.442306e-01,8.281232e-01,5.840985e-01,5.237245e-01,5.498436e-02
8.408729e-01,8.243865e-01,5.848646e-01,5.258772e-01,5.627849e-02
8.369827e-01,8.201276e-01,5.852602e-01,5.276967e-01,5.753696e-02
8.331287e-01,8.159041e-01,5.856822e-01,5.295406e-01,5.879846e-02
8.293214e-01,8.117260e-01,5.861384e-01,5.314159e-01,6.006390e-02
8.255681e-01,8.076007e-01,5.866339e-01,5.333276e-01,6.133386e-02
8.218735e-01,8.035327e-01,5.871721e-01,5.352784e-01,6.260861e-02
8.182403e-01,7.995246e-01,5.877545e-01,5.372695e-01,6.388819e-02
8.146688e-01,7.955769e-01,5.883809e-01,5.393009e-01,6.517244e-02
8.111574e-01,7.916880e-01,5.890497e-01,5.413707e-01,6.646105e-02
8.077015e-01,7.878535e-01,5.897577e-01,5.434759e-01,6.775360e-02
8.042939e-01,7.840663e-01,5.904995e-01,5.456117e-01,6.904953e-02
8.009237e-01,7.803156e-01,5.912676e-01,5.477712e-01,7.034811e-02
7.970461e-01,7.760706e-01,5.916611e-01,5.495838e-01,7.160213e-02
7.932030e-01,7.718591e-01,5.920815e-01,5.514218e-01,7.285980e-02
7.894042e-01,7.676905e-01,5.925363e-01,5.532924e-01,7.412223e-02
7.856567e-01,7.635716e-01,5.930309e-01,5.552008e-01,7.539012e-02
7.819652e-01,7.595070e-01,5.935686e-01,5.571500e-01,7.666381e-02
7.783319e-01,7.554989e-01,5.941509e-01,5.591412e-01,7.794339e-02
7.747575e-01,7.515479e-01,5.947778e-01,5.611741e-01,7.922869e-02
7.712401e-01,7.476525e-01,5.954476e-01,5.632472e-01,8.051938e-02
7.677758e-01,7.438085e-01,5.961569e-01,5.653571e-01,8.181494e-02
7.643573e-01,7.400093e-01,5.969004e-01,5.674988e-01,8.311469e-02
7.609744e-01,7.362447e-01,5.976706e-01,5.696653e-01,8.441773e-02
7.571094e-01,7.320137e-01,5.980621e-01,5.714710e-01,8.566729e-02
7.532772e-01,7.278142e-01,5.984807e-01,5.733029e-01,8.692114e-02
7.494870e-01,7.236550e-01,5.989341e-01,5.751689e-01,8.818056e-02
7.457454e-01,7.195426e-01,5.994278e-01,5.770741e-01,8.944637e-02
7.420568e-01,7.154812e-01,5.999650e-01,5.790216e-01,9.071901e-02
7.384236e-01,7.114732e-01,6.005474e-01,5.810128e-01,9.199859e-02
7.348462e-01,7.075189e-01,6.011747e-01,5.830474e-01,9.328495e-02
7.313229e-01,7.036169e-01,6.018454e-01,5.851237e-01,9.457771e-02
7.278500e-01,6.997636e-01,6.025561e-01,5.872382e-01,9.587628e-02
7.244207e-01,6.959524e-01,6.033014e-01,5.893859e-01,9.717986e-02
7.210251e-01,6.921738e-01,6.040736e-01,5.915594e-01,9.848735e-02
7.171728e-01,6.879568e-01,6.044631e-01,5.933581e-01,9.973246e-02
7.133514e-01,6.837692e-01,6.048799e-01,5.951841e-01,1.009825e-01
7.095698e-01,6.796195e-01,6.053320e-01,5.970454e-01,1.022389e-01
7.058341e-01,6.755136e-01,6.058247e-01,5.989474e-01,1.035026e-01
7.021485e-01,6.714555e-01,6.063615e-01,6.008933e-01,1.047742e-01
6.985153e-01,6.674474e-01,6.069438e-01,6.028844e-01,1.060538e-01
6.949348e-01,6.634898e-01,6.075716e-01,6.049207e-01,1.073412e-01
6.914057e-01,6.595814e-01,6.082433e-01,6.070002e-01,1.086360e-01
6.879242e-01,6.557186e-01,6.089554e-01,6.091194e-01,1.099376e-01
6.844840e-01,6.518954e-01,6.097024e-01,6.112731e-01,1.112450e-01
6.810758e-01,6.481029e-01,6.104766e-01,6.134534e-01,1.125570e-01
6.772362e-01,6.438998e-01,6.108641e-01,6.152452e-01,1.137976e-01
6.734257e-01,6.397242e-01,6.112792e-01,6.170653e-01,1.150438e-01
6.696525e-01,6.355840e-01,6.117299e-01,6.189219e-01,1.162972e-01
6.659228e-01,6.314846e-01,6.122216e-01,6.208207e-01,1.175589e-01
6.622402e-01,6.274298e-01,6.127579e-01,6.227649e-01,1.188294e-01
6.586069e-01,6.234217e-01,6.133403e-01,6.247561e-01,1.201090e-01
6.550235e-01,6.194608e-01,6.139686e-01,6.267939e-01,1.213975e-01
6.514885e-01,6.155459e-01,6.146412e-01,6.288767e-01,1.226944e-01
6.479984e-01,6.116737e-01,6.153546e-01,6.310006e-01,1.239990e-01
6.445474e-01,6.078385e-01,6.161034e-01,6.331602e-01,1.253102e-01
6.411265e-01,6.040320e-01,6.168796e-01,6.353475e-01,1.266266e-01
6.372995e-01,5.998419e-01,6.172736e-01,6.371327e-01,1.278645e-01
6.334999e-01,5.956800e-01,6.176685e-01,6.389468e-01,1.291032e-01
6.297354e-01,5.915419e-01,6.181763e-01,6.408013e-01,1.303688e-01
6.260116e-01,5.874631e-01,6.185553e-01,6.426934e-01,1.315899e-01
6.223320e-01,5.833844e-01,6.192960e-01,6.446442e-01,1.329337e-01
6.186989e-01,5.794194e-01,6.195629e-01,6.466225e-01,1.340899e-01
6.151125e-01,5.753940e-01,6.206325e-01,6.486809e-01,1.355622e-01
6.115713e-01,5.715546e-01,6.207095e-01,6.507398e-01,1.366159e-01
6.080730e-01,5.675721e-01,6.221825e-01,6.529015e-01,1.382219e-01
6.046107e-01,5.638490e-01,6.219459e-01,6.550256e-01,1.392034e-01
6.011749e-01,5.610410e-01,6.134813e-01,6.568700e-01,1.387277e-01
5.973343e-01,5.576273e-01,6.087042e-01,6.580979e-01,1.390939e-01
5.934977e-01,5.544991e-01,6.074921e-01,6.588858e-01,1.380131e-01
5.896973e-01,5.507351e-01,6.072172e-01,6.598673e-01,1.416242e-01
5.858638e-01,5.470811e-01,6.045359e-01,6.607652e-01,1.441851e-01
5.820587e-01,5.441727e-01,5.984875e-01,6.618712e-01,1.443493e-01
5.783036e-01,5.403089e-01,5.975337e-01,6.631867e-01,1.457723e-01
5.746308e-01,5.366661e-01,6.003843e-01,6.646762e-01,1.463310e-01
5.710898e-01,5.330208e-01,6.043578e-01,6.665570e-01,1.474441e-01
5.675408e-01,5.291412e-01,6.050898e-01,6.680029e-01,1.482471e-01
5.639660e-01,5.259591e-01,6.031376e-01,6.695830e-01,1.491802e-01
5.604366e-01,5.221618e-01,6.042933e-01,6.715296e-01,1.500233e-01
5.566147e-01,5.180804e-01,6.047539e-01,6.727564e-01,1.507976e-01
5.528300e-01,5.139515e-01,6.081486e-01,6.741761e-01,1.515884e-01
5.490274e-01,5.096293e-01,6.093842e-01,6.761310e-01,1.525742e-01
5.453458e-01,5.053156e-01,6.122694e-01,6.780189e-01,1.534380e-01
5.415557e-01,5.008467e-01,6.153128e-01,6.802300e-01,1.547759e-01
5.381119e-01,4.961738e-01,6.165196e-01,6.827231e-01,1.553871e-01
5.346646e-01,4.916035e-01,6.190069e-01,6.847449e-01,1.570209e-01
5.311402e-01,4.869178e-01,6.215905e-01,6.874699e-01,1.573869e-01
5.278946e-01,4.826328e-01,6.251669e-01,6.907617e-01,1.599672e-01
5.243266e-01,4.781196e-01,6.279609e-01,6.937656e-01,1.651413e-01
5.208655e-01,4.733766e-01,6.311114e-01,6.972665e-01,1.661169e-01
5.170741e-01,4.686646e-01,6.338288e-01,7.003666e-01,1.712219e-01
5.133104e-01,4.628345e-01,6.375511e-01,7.038666e-01,1.730461e-01
5.096195e-01,4.602180e-01,6.406370e-01,7.072748e-01,1.723907e-01
5.059537e-01,4.562515e-01,6.474921e-01,7.097388e-01,1.775682e-01
5.023840e-01,4.509742e-01,6.518055e-01,7.132320e-01,1.803007e-01
4.988391e-01,4.459169e-01,6.520006e-01,7.167012e-01,1.805361e-01
4.953717e-01,4.413917e-01,6.570161e-01,7.201192e-01,1.818765e-01
4.919252e-01,4.394712e-01,6.640445e-01,7.242279e-01,1.826147e-01
4.885748e-01,4.360395e-01,6.688854e-01,7.278053e-01,1.838891e-01
4.852069e-01,4.334439e-01,6.719914e-01,7.318844e-01,1.852360e-01
4.817555e-01,4.299160e-01,6.783832e-01,7.360114e-01,1.866804e-01
4.781787e-01,4.236411e-01,6.870030e-01,7.394555e-01,1.882225e-01
4.744423e-01,4.201442e-01,6.929092e-01,7.428143e-01,1.898543e-01
4.708854e-01,4.144106e-01,6.986443e-01,7.461213e-01,1.918291e-01
4.674729e-01,4.077705e-01,7.049512e-01,7.498382e-01,1.940027e-01
4.640327e-01,4.008852e-01,7.118797e-01,7.531773e-01,1.962686e-01
4.606802e-01,3.938499e-01,7.177181e-01,7.562249e-01,1.986863e-01
4.573331e-01,3.882643e-01,7.231058e-01,7.597525e-01,2.013452e-01
4.540333e-01,3.820551e-01,7.316972e-01,7.629052e-01,2.041293e-01
4.507534e-01,3.760449e-01,7.398024e-01,7.663831e-01,2.069238e-01
4.474945e-01,3.700844e-01,7.481202e-01,7.702579e-01,2.099064e-01
4.442375e-01,3.664488e-01,7.564455e-01,7.733857e-01,2.129199e-01
4.406927e-01,3.621015e-01,7.617943e-01,7.760037e-01,2.159365e-01
4.371720e-01,3.542923e-01,7.697993e-01,7.788222e-01,2.191740e-01
4.336889e-01,3.470127e-01,7.789740e-01,7.825994e-01,2.225806e-01
4.300000e-01,3.402461e-01,7.884849e-01,7.861050e-01,2.260430e-01
4.264383e-01,3.329242e-01,7.989196e-01,7.882480e-01,2.295883e-01
4.230330e-01,3.261908e-01,8.059233e-01,7.916812e-01,2.332982e-01
4.195800e-01,3.192764e-01,8.135298e-01,7.949714e-01,2.371777e-01
4.161992e-01,3.120352e-01,8.234918e-01,7.980497e-01,2.411871e-01
4.128156e-01,3.038667e-01,8.335525e-01,8.017093e-01,2.451712e-01
4.094669e-01,2.976001e-01,8.463666e-01,8.040635e-01,2.491118e-01
4.061133e-01,2.930969e-01,8.559162e-01,8.069365e-01,2.530658e-01
4.025044e-01,2.854519e-01,8.620118e-01,8.092582e-01,2.568826e-01
3.989078e-01,2.792385e-01,8.722739e-01,8.112872e-01,2.606900e-01
3.953363e-01,2.742046e-01,8.793873e-01,8.132696e-01,2.644535e-01
3.917924e-01,2.667039e-01,8.876916e-01,8.151730e-01,2.683791e-01
3.882812e-01,2.580409e-01,8.951551e-01,8.178622e-01,2.719338e-01
3.848257e-01,2.497535e-01,9.022469e-01,8.205020e-01,2.764201e-01
3.814070e-01,2.415181e-01,9.110237e-01,8.233863e-01,2.809132e-01
3.780234e-01,2.334259e-01,9.165728e-01,8.265640e-01,2.842912e-01
3.746839e-01,2.245273e-01,9.271233e-01,8.297879e-01,2.879792e-01
3.713723e-01,2.162135e-01,9.372124e-01,8.337829e-01,2.914589e-01
3.680887e-01,2.089405e-01,9.444806e-01,8.372932e-01,2.949032e-01
3.645807e-01,2.000102e-01,9.534085e-01,8.403895e-01,2.981427e-01
3.610777e-01,1.938175e-01,9.569509e-01,8.440901e-01,3.013662e-01
3.576073e-01,1.876158e-01,9.622421e-01,8.477026e-01,3.045255e-01
3.541443e-01,1.814634e-01,9.673375e-01,8.516103e-01,3.075205e-01
3.507327e-01,1.740258e-01,9.742668e-01,8.561360e-01,3.105102e-01
3.473173e-01,1.647859e-01,9.796616e-01,8.607435e-01,3.133653e-01
3.439889e-01,1.564335e-01,9.846672e-01,8.652764e-01,3.163646e-01
3.405648e-01,1.482117e-01,9.889256e-01,8.698566e-01,3.192576e-01
3.370703e-01,1.424701e-01,9.887997e-01,8.748447e-01,3.216412e-01
3.338255e-01,1.357585e-01,9.939879e-01,8.800268e-01,3.239467e-01
3.305512e-01,1.280501e-01,9.951348e-01,8.850887e-01,3.260809e-01
3.270766e-01,1.229342e-01,9.950996e-01,8.897347e-01,3.278212e-01
3.234847e-01,1.151706e-01,9.972927e-01,8.946510e-01,3.294428e-01
3.197559e-01,1.068904e-01,9.998570e-01,9.001342e-01,3.310906e-01
3.163463e-01,9.932006e-02,9.984950e-01,9.039141e-01,3.325631e-01
3.129801e-01,9.254685e-02,9.969488e-01,9.084668e-01,3.338887e-01
3.097322e-01,8.868871e-02,9.918577e-01,9.143225e-01,3.349500e-01
3.062630e-01,8.203907e-02,9.870199e-01,9.197551e-01,3.359613e-01
3.026868e-01,7.585990e-02,9.836094e-01,9.255295e-01,3.368862e-01
2.995845e-01,7.087182e-02,9.769651e-01,9.309525e-01,3.375938e-01
2.964181e-01,6.463328e-02,9.730265e-01,9.364715e-01,3.384492e-01
2.933523e-01,6.129128e-02,9.688763e-01,9.418858e-01,3.390166e-01
2.901532e-01,5.491145e-02,9.657763e-01,9.465286e-01,3.391570e-01
2.869937e-01,4.832935e-02,9.574336e-01,9.510729e-01,3.391403e-01
2.840471e-01,4.308300e-02,9.489901e-01,9.557430e-01,3.389254e-01
2.812046e-01,3.687120e-02,9.427478e-01,9.600410e-01,3.385967e-01
2.784442e-01,3.270290e-02,9.323717e-01,9.639329e-01,3.381397e-01
2.757678e-01,3.137954e-02,9.240289e-01,9.679878e-01,3.377658e-01
2.731148e-01,2.807747e-02,9.179766e-01,9.712942e-01,3.372548e-01
2.704418e-01,2.276424e-02,9.064891e-01,9.749448e-01,3.365154e-01
2.676953e-01,1.930691e-02,8.951786e-01,9.777601e-01,3.357204e-01
2.647869e-01,1.806700e-02,8.865910e-01,9.777701e-01,3.348321e-01
2.615964e-01,1.738840e-02,8.736343e-01,9.778427e-01,3.339469e-01
2.580026e-01,1.361350e-02,8.594979e-01,9.773187e-01,3.326733e-01
2.540956e-01,1.022878e-02,8.470035e-01,9.765447e-01,3.312230e-01
2.497187e-01,9.705799e-03,8.348203e-01,9.755500e-01,3.296051e-01
2.450757e-01,8.287121e-03,8.216811e-01,9.745110e-01,3.280106e-01
2.397672e-01,4.676308e-03,8.089292e-01,9.736299e-01,3.267587e-01
2.341834e-01,4.866490e-03,7.930057e-01,9.725789e-01,3.247018e-01
2.280576e-01,5.880321e-03,7.785832e-01,9.714191e-01,3.228010e-01
2.218540e-01,4.446956e-03,7.653651e-01,9.697450e-01,3.201005e-01
2.149639e-01,3.815896e-03,7.517117e-01,9.681494e-01,3.183255e-01
2.085109e-01,2.153387e-03,7.459868e-01,9.671958e-01,3.177426e-01
2.045827e-01,1.160796e-03,7.392470e-01,9.661258e-01,3.167924e-01
1.977842e-01,1.498590e-04,7.275108e-01,9.648056e-01,3.170245e-01
1.905136e-01,-1.177472e-04,7.139063e-01,9.636283e-01,3.121871e-01
1.868964e-01,3.019994e-03,7.021388e-01,9.623125e-01,3.091317e-01
1.818200e-01,3.537799e-03,6.943716e-01,9.632603e-01,3.077601e-01
1.759679e-01,3.484644e-03,6.816411e-01,9.654400e-01,3.054063e-01
1.713122e-01,3.703168e-03,6.666955e-01,9.668268e-01,3.039040e-01
1.668345e-01,5.349034e-03,6.515694e-01,9.677377e-01,3.018930e-01
1.633082e-01,1.056241e-02,6.400804e-01,9.685752e-01,3.003500e-01
1.603398e-01,1.320230e-02,6.302533e-01,9.695811e-01,2.987400e-01
1.580477e-01,1.465072e-02,6.155530e-01,9.705542e-01,2.974489e-01
1.561950e-01,1.645005e-02,6.018028e-01,9.714194e-01,2.961695e-01
1.546793e-01,1.844920e-02,5.851243e-01,9.711923e-01,2.948661e-01
1.536898e-01,2.107250e-02,5.742139e-01,9.707354e-01,2.935861e-01
1.529371e-01,2.333732e-02,5.604520e-01,9.700187e-01,2.925324e-01
1.523251e-01,2.662617e-02,5.470749e-01,9.692205e-01,2.912820e-01
1.513793e-01,2.974532e-02,5.380231e-01,9.667250e-01,2.907899e-01
1.505507e-01,3.531430e-02,5.271041e-01,9.652803e-01,2.895145e-01
1.496765e-01,4.181708e-02,5.150526e-01,9.645266e-01,2.900392e-01
1.484456e-01,4.500313e-02,5.016943e-01,9.625848e-01,2.874589e-01
1.473692e-01,5.020849e-02,4.887505e-01,9.609469e-01,2.831098e-01
1.459263e-01,5.432119e-02,4.762178e-01,9.582423e-01,2.824124e-01
1.441415e-01,5.935611e-02,4.655718e-01,9.553200e-01,2.770653e-01
1.419826e-01,6.840155e-02,4.567995e-01,9.512076e-01,2.755998e-01
1.394502e-01,7.110367e-02,4.477690e-01,9.475732e-01,2.757432e-01
1.365074e-01,7.561214e-02,4.354539e-01,9.449620e-01,2.703460e-01
1.332035e-01,8.152034e-02,4.282567e-01,9.408080e-01,2.678087e-01
1.294214e-01,8.723097e-02,4.220821e-01,9.366608e-01,2.673666e-01
1.256115e-01,9.156790e-02,4.113208e-01,9.317635e-01,2.661703e-01
1.215431e-01,9.580348e-02,4.017033e-01,9.264562e-01,2.659276e-01
1.167432e-01,1.023887e-01,3.957470e-01,9.221059e-01,2.653947e-01
1.119064e-01,1.042639e-01,3.915265e-01,9.167316e-01,2.651182e-01
1.068934e-01,1.081200e-01,3.843712e-01,9.116437e-01,2.650455e-01
1.015567e-01,1.134573e-01,3.747530e-01,9.064469e-01,2.650788e-01
9.618251e-02,1.161954e-01,3.664702e-01,9.003028e-01,2.651005e-01
9.047020e-02,1.212190e-01,3.616910e-01,8.943876e-01,2.649829e-01
8.455809e-02,1.271741e-01,3.536636e-01,8.880473e-01,2.649173e-01
7.857357e-02,1.336972e-01,3.448330e-01,8.818148e-01,2.650844e-01
7.247980e-02,1.396392e-01,3.400018e-01,8.756809e-01,2.653711e-01
6.640267e-02,1.464545e-01,3.365649e-01,8.695526e-01,2.655351e-01
6.035910e-02,1.565206e-01,3.298666e-01,8.640942e-01,2.658641e-01
5.440836e-02,1.632446e-01,3.215358e-01,8.581892e-01,2.664177e-01
4.859105e-02,1.691174e-01,3.119205e-01,8.521145e-01,2.669652e-01
4.296048e-02,1.742780e-01,3.052123e-01,8.461307e-01,2.677025e-01
3.753462e-02,1.768854e-01,3.040451e-01,8.396618e-01,2.684331e-01
3.228156e-02,1.854032e-01,2.963640e-01,8.332640e-01,2.689763e-01
2.733444e-02,1.937089e-01,2.887921e-01,8.261259e-01,2.694306e-01
2.275451e-02,1.982790e-01,2.822645e-01,8.185023e-01,2.701154e-01
1.870328e-02,2.030700e-01,2.773491e-01,8.126309e-01,2.708709e-01
1.425268e-02,2.078115e-01,2.785213e-01,8.058835e-01,2.715199e-01
1.127135e-02,2.123110e-01,2.762783e-01,7.991905e-01,2.722200e-01
6.977605e-03,2.176151e-01,2.715263e-01,7.931066e-01,2.728077e-01
6.104041e-03,2.229156e-01,2.675726e-01,7.867505e-01,2.733544e-01
8.389311e-03,2.278089e-01,2.594060e-01,7.815684e-01,2.739721e-01
5.280266e-03,2.321951e-01,2.545819e-01,7.760746e-01,2.747499e-01
3.482884e-03,2.368793e-01,2.505412e-01,7.709448e-01,2.755673e-01
2.027786e-03,2.427657e-01,2.418190e-01,7.662901e-01,2.761536e-01
6.925235e-04,2.444851e-01,2.385327e-01,7.620643e-01,2.768413e-01
3.601479e-04,2.469793e-01,2.336351e-01,7.581272e-01,2.773757e-01
-3.694346e-04,2.550894e-01,2.322454e-01,7.539855e-01,2.782411e-01
7.106283e-04,2.604058e-01,2.305221e-01,7.502571e-01,2.779771e-01
5.726544e-04,2.642011e-01,2.252168e-01,7.467084e-01,2.777610e-01
4.442087e-03,2.683793e-01,2.228818e-01,7.435264e-01,2.784725e-01
9.990407e-03,2.734166e-01,2.166797e-01,7.403197e-01,2.787685e-01
1.079071e-02,2.780987e-01,2.121188e-01,7.364344e-01,2.792510e-01
1.324346e-02,2.819338e-01,2.075366e-01,7.336381e-01,2.796302e-01
1.580329e-02,2.873318e-01,2.021544e-01,7.312852e-01,2.799283e-01
1.887479e-02,2.895504e-01,1.998672e-01,7.284166e-01,2.799814e-01
2.210713e-02,2.948461e-01,1.926604e-01,7.260508e-01,2.800687e-01
2.937987e-02,2.971523e-01,1.894892e-01,7.232277e-01,2.801346e-01
3.913215e-02,3.000877e-01,1.803146e-01,7.199752e-01,2.804945e-01
4.466785e-02,3.059714e-01,1.754634e-01,7.175283e-01,2.807671e-01
4.866354e-02,3.102857e-01,1.702419e-01,7.156981e-01,2.804885e-01
5.374757e-02,3.160630e-01,1.619237e-01,7.141736e-01,2.803751e-01
5.903864e-02,3.211716e-01,1.606629e-01,7.120704e-01,2.806882e-01
6.450256e-02,3.270981e-01,1.531962e-01,7.100082e-01,2.809124e-01
7.042594e-02,3.306850e-01,1.504277e-01,7.085153e-01,2.813189e-01
7.658911e-02,3.323538e-01,1.490377e-01,7.066636e-01,2.820511e-01
8.315421e-02,3.394532e-01,1.425603e-01,7.046108e-01,2.823301e-01
9.054542e-02,3.466358e-01,1.362145e-01,7.025292e-01,2.825728e-01
9.688803e-02,3.541089e-01,1.324912e-01,7.019799e-01,2.827123e-01
1.078540e-01,3.580210e-01,1.290046e-01,7.007654e-01,2.828746e-01
1.170122e-01,3.578130e-01,1.300664e-01,6.987133e-01,2.833075e-01
1.245982e-01,3.614019e-01,1.278677e-01,6.967569e-01,2.837226e-01
1.325973e-01,3.633364e-01,1.277036e-01,6.943585e-01,2.842110e-01
1.419355e-01,3.659416e-01,1.308007e-01,6.923182e-01,2.847921e-01
1.536392e-01,3.687118e-01,1.289736e-01,6.901433e-01,2.853115e-01
1.614708e-01,3.698258e-01,1.285307e-01,6.880225e-01,2.860095e-01
1.699080e-01,3.774235e-01,1.243297e-01,6.856381e-01,2.869326e-01
1.781130e-01,3.811052e-01,1.226649e-01,6.825336e-01,2.877848e-01
1.893913e-01,3.833141e-01,1.225366e-01,6.796397e-01,2.888969e-01
1.983042e-01,3.906749e-01,1.192814e-01,6.765681e-01,2.901904e-01
2.056781e-01,3.938552e-01,1.204379e-01,6.731437e-01,2.916785e-01
2.138003e-01,3.935243e-01,1.189918e-01,6.696329e-01,2.931846e-01
2.213932e-01,3.959317e-01,1.151580e-01,6.668949e-01,2.948871e-01
2.289929e-01,3.998965e-01,1.185699e-01,6.627437e-01,2.966399e-01
2.367363e-01,4.029570e-01,1.220453e-01,6.597907e-01,2.987583e-01
2.440239e-01,4.040832e-01,1.228521e-01,6.595733e-01,3.011848e-01
2.521103e-01,4.043991e-01,1.283578e-01,6.585503e-01,3.031685e-01
2.621460e-01,4.085520e-01,1.355751e-01,6.585113e-01,3.054978e-01
2.697643e-01,4.152703e-01,1.389221e-01,6.576400e-01,3.079514e-01
2.798232e-01,4.163174e-01,1.430009e-01,6.567550e-01,3.103298e-01
2.887294e-01,4.180253e-01,1.443942e-01,6.562408e-01,3.123666e-01
2.971378e-01,4.248066e-01,1.449011e-01,6.554397e-01,3.143075e-01
3.067942e-01,4.291533e-01,1.516879e-01,6.555952e-01,3.167485e-01
3.166676e-01,4.312857e-01,1.562650e-01,6.558101e-01,3.195230e-01
3.272825e-01,4.348490e-01,1.585329e-01,6.563398e-01,3.223340e-01
3.388509e-01,4.376012e-01,1.639798e-01,6.571712e-01,3.252079e-01
3.501746e-01,4.416706e-01,1.683904e-01,6.576875e-01,3.280442e-01
3.594898e-01,4.482743e-01,1.725963e-01,6.590863e-01,3.309103e-01
3.720729e-01,4.543431e-01,1.757771e-01,6.601506e-01,3.340362e-01
3.846808e-01,4.596191e-01,1.780559e-01,6.614534e-01,3.369057e-01
3.942413e-01,4.625671e-01,1.833438e-01,6.635723e-01,3.395480e-01
4.057940e-01,4.675053e-01,1.905432e-01,6.628333e-01,3.423367e-01
4.181175e-01,4.737173e-01,2.000072e-01,6.609789e-01,3.450082e-01
4.296099e-01,4.799602e-01,2.048968e-01,6.592927e-01,3.478368e-01
4.410302e-01,4.842169e-01,2.099857e-01,6.572038e-01,3.507531e-01
4.516576e-01,4.855130e-01,2.160262e-01,6.561486e-01,3.535261e-01
4.618448e-01,4.885639e-01,2.211632e-01,6.547991e-01,3.562984e-01
4.711965e-01,4.929229e-01,2.296654e-01,6.527680e-01,3.589962e-01
4.797492e-01,4.970858e-01,2.379087e-01,6.510342e-01,3.618304e-01
4.874711e-01,5.007533e-01,2.466889e-01,6.490127e-01,3.645451e-01
4.939439e-01,5.048421e-01,2.520164e-01,6.464841e-01,3.669212e-01
4.995913e-01,5.094485e-01,2.578608e-01,6.441188e-01,3.692387e-01
5.045653e-01,5.132978e-01,2.615436e-01,6.427187e-01,3.714727e-01
5.088293e-01,5.176972e-01,2.655605e-01,6.425570e-01,3.739882e-01
5.123835e-01,5.195550e-01,2.696192e-01,6.414876e-01,3.763034e-01
5.152303e-01,5.208658e-01,2.721591e-01,6.396095e-01,3.786308e-01
5.174484e-01,5.241859e-01,2.784823e-01,6.379797e-01,3.812750e-01
5.190480e-01,5.268144e-01,2.878043e-01,6.367902e-01,3.837412e-01
5.201705e-01,5.311132e-01,2.981894e-01,6.358090e-01,3.861954e-01
5.208243e-01,5.336937e-01,3.072580e-01,6.346457e-01,3.888266e-01
5.210249e-01,5.336888e-01,3.126609e-01,6.334126e-01,3.914921e-01
5.207063e-01,5.364925e-01,3.174698e-01,6.310615e-01,3.938083e-01
5.199131e-01,5.390620e-01,3.258878e-01,6.289121e-01,3.962480e-01
5.187774e-01,5.412371e-01,3.337101e-01,6.267967e-01,3.985448e-01
5.172469e-01,5.434762e-01,3.418091e-01,6.251188e-01,4.009260e-01
5.151813e-01,5.469586e-01,3.482723e-01,6.243845e-01,4.035019e-01
5.132496e-01,5.466635e-01,3.536911e-01,6.233534e-01,4.059362e-01
5.113304e-01,5.455443e-01,3.601464e-01,6.220242e-01,4.084003e-01
5.091809e-01,5.480641e-01,3.661197e-01,6.212398e-01,4.109450e-01
5.069455e-01,5.491997e-01,3.709220e-01,6.203790e-01,4.133208e-01
5.045467e-01,5.509823e-01,3.755082e-01,6.194343e-01,4.157295e-01
5.021241e-01,5.525502e-01,3.795553e-01,6.187417e-01,4.182507e-01
4.992596e-01,5.541221e-01,3.812958e-01,6.170697e-01,4.204650e-01
4.964223e-01,5.549929e-01,3.891545e-01,6.154611e-01,4.227631e-01
4.935655e-01,5.560741e-01,3.947373e-01,6.142354e-01,4.247149e-01
4.908119e-01,5.575076e-01,3.949325e-01,6.136383e-01,4.268045e-01
4.880802e-01,5.562524e-01,3.975934e-01,6.133448e-01,4.291306e-01
4.854104e-01,5.525894e-01,4.009080e-01,6.126831e-01,4.313646e-01
4.828419e-01,5.516778e-01,4.067513e-01,6.115879e-01,4.336317e-01
4.803028e-01,5.502249e-01,4.135791e-01,6.103075e-01,4.358996e-01
4.779074e-01,5.473480e-01,4.165076e-01,6.099461e-01,4.382608e-01
4.756141e-01,5.470506e-01,4.207713e-01,6.099556e-01,4.407015e-01
4.733697e-01,5.435003e-01,4.296321e-01,6.090325e-01,4.430773e-01
4.708853e-01,5.390528e-01,4.393592e-01,6.080068e-01,4.453117e-01
4.686542e-01,5.377421e-01,4.448688e-01,6.079691e-01,4.482673e-01
4.662350e-01,5.366009e-01,4.454663e-01,6.077793e-01,4.508890e-01
4.645690e-01,5.345710e-01,4.472845e-01,6.073979e-01,4.526353e-01
4.619878e-01,5.335131e-01,4.525675e-01,6.072046e-01,4.562909e-01
4.613880e-01,5.320254e-01,4.546097e-01,6.070282e-01,4.596265e-01
4.570037e-01,5.317801e-01,4.544203e-01,6.069071e-01,4.616306e-01
4.504017e-01,5.288422e-01,4.568542e-01,6.069181e-01,4.642611e-01
4.492991e-01,5.249192e-01,4.617981e-01,6.070311e-01,4.665384e-01
4.470006e-01,5.234903e-01,4.706615e-01,6.069612e-01,4.690771e-01
4.453642e-01,5.178618e-01,4.784942e-01,6.068589e-01,4.716923e-01
4.435307e-01,5.158497e-01,4.798437e-01,6.065833e-01,4.734416e-01
4.415098e-01,5.141233e-01,4.806492e-01,6.061614e-01,4.756796e-01
4.403951e-01,5.073526e-01,4.832028e-01,6.061337e-01,4.798326e-01
4.378412e-01,5.033968e-01,4.841107e-01,6.064325e-01,4.830579e-01
4.373216e-01,5.005310e-01,4.899557e-01,6.069506e-01,4.843520e-01
4.328024e-01,4.976326e-01,4.970192e-01,6.071784e-01,4.869103e-01
4.274450e-01,4.949831e-01,4.972545e-01,6.078929e-01,4.887871e-01
4.266423e-01,4.921442e-01,4.978447e-01,6.095474e-01,4.922816e-01
4.247146e-01,4.900580e-01,5.036940e-01,6.107614e-01,4.962444e-01
4.237575e-01,4.901559e-01,5.065492e-01,6.119885e-01,4.986770e-01
4.227592e-01,4.900891e-01,5.086254e-01,6.136802e-01,5.029047e-01
4.217377e-01,4.835161e-01,5.157677e-01,6.153703e-01,5.045670e-01
4.165490e-01,4.819192e-01,5.182200e-01,6.171071e-01,5.080264e-01
4.092398e-01,4.825733e-01,5.242808e-01,6.188198e-01,5.097133e-01
4.064231e-01,4.781381e-01,5.293014e-01,6.207964e-01,5.104322e-01
4.047025e-01,4.758435e-01,5.350384e-01,6.229035e-01,5.120697e-01
4.027122e-01,4.735269e-01,5.432454e-01,6.241351e-01,5.131299e-01
4.014463e-01,4.678645e-01,5.449848e-01,6.263364e-01,5.143620e-01
4.002126e-01,4.632432e-01,5.500636e-01,6.284160e-01,5.157145e-01
3.991210e-01,4.611544e-01,5.554441e-01,6.303742e-01,5.166927e-01
3.983576e-01,4.580555e-01,5.584334e-01,6.330485e-01,5.177956e-01
3.976615e-01,4.520467e-01,5.613005e-01,6.337117e-01,5.206957e-01
3.967648e-01,4.453896e-01,5.609469e-01,6.346355e-01,5.210642e-01
3.967814e-01,4.377062e-01,5.663555e-01,6.354858e-01,5.214586e-01
3.923123e-01,4.318533e-01,5.687939e-01,6.368130e-01,5.223206e-01
3.902982e-01,4.271810e-01,5.711413e-01,6.380824e-01,5.223839e-01
3.899585e-01,4.219931e-01,5.781300e-01,6.392116e-01,5.246275e-01
3.899250e-01,4.174835e-01,5.772140e-01,6.407078e-01,5.264438e-01
3.879670e-01,4.121611e-01,5.746504e-01,6.416814e-01,5.265177e-01
3.846277e-01,4.077368e-01,5.788358e-01,6.414411e-01,5.275831e-01
3.847311e-01,4.019647e-01,5.806716e-01,6.404929e-01,5.305087e-01
3.845266e-01,3.934512e-01,5.829033e-01,6.406916e-01,5.323499e-01
3.846469e-01,3.889076e-01,5.900916e-01,6.406245e-01,5.326753e-01
3.810521e-01,3.842808e-01,5.918399e-01,6.395468e-01,5.345607e-01
3.801653e-01,3.763303e-01,5.947083e-01,6.383547e-01,5.341587e-01
3.804179e-01,3.705294e-01,6.007562e-01,6.370315e-01,5.335752e-01
3.801181e-01,3.654019e-01,6.053406e-01,6.357772e-01,5.334549e-01
3.803617e-01,3.599633e-01,6.109182e-01,6.339857e-01,5.340359e-01
3.808562e-01,3.554630e-01,6.146575e-01,6.318963e-01,5.365774e-01
3.811278e-01,3.506258e-01,6.147352e-01,6.292616e-01,5.368079e-01
3.822932e-01,3.453435e-01,6.167283e-01,6.264988e-01,5.359428e-01
3.823653e-01,3.417757e-01,6.161912e-01,6.238515e-01,5.351903e-01
3.808356e-01,3.374255e-01,6.155597e-01,6.205032e-01,5.346197e-01
3.817008e-01,3.302076e-01,6.193012e-01,6.176950e-01,5.356388e-01
3.799433e-01,3.263883e-01,6.187239e-01,6.149310e-01,5.343896e-01
3.798103e-01,3.233132e-01,6.223049e-01,6.120604e-01,5.325621e-01
3.806449e-01,3.176971e-01,6.257113e-01,6.084457e-01,5.328203e-01
3.809841e-01,3.113583e-01,6.276862e-01,6.045393e-01,5.336974e-01
3.818751e-01,3.070418e-01,6.298693e-01,6.010589e-01,5.326821e-01
3.824857e-01,3.035428e-01,6.305935e-01,5.975443e-01,5.307404e-01
3.833969e-01,3.012223e-01,6.335301e-01,5.939211e-01,5.293906e-01
3.841500e-01,2.983714e-01,6.321190e-01,5.902244e-01,5.280461e-01
3.849615e-01,2.928476e-01,6.280019e-01,5.868299e-01,5.266953e-01
3.858682e-01,2.888341e-01,6.296396e-01,5.834952e-01,5.251923e-01
3.867832e-01,2.845735e-01,6.322338e-01,5.797038e-01,5.240193e-01
3.874750e-01,2.795701e-01,6.307299e-01,5.760794e-01,5.227632e-01
3.881762e-01,2.754709e-01,6.265198e-01,5.728697e-01,5.213783e-01
3.889396e-01,2.711768e-01,6.227780e-01,5.697200e-01,5.204237e-01
3.897589e-01,2.663277e-01,6.238332e-01,5.664050e-01,5.195603e-01
3.905862e-01,2.625650e-01,6.229899e-01,5.637035e-01,5.184369e-01
3.913847e-01,2.588613e-01,6.222377e-01,5.592090e-01,5.187482e-01
3.920743e-01,2.556829e-01,6.220879e-01,5.550037e-01,5.206228e-01
3.928644e-01,2.525354e-01,6.225983e-01,5.531047e-01,5.212827e-01
3.937901e-01,2.490603e-01,6.235914e-01,5.506494e-01,5.206430e-01
3.947312e-01,2.468426e-01,6.217344e-01,5.489694e-01,5.205312e-01
3.956218e-01,2.437590e-01,6.210482e-01,5.471566e-01,5.205921e-01
3.961574e-01,2.406466e-01,6.180952e-01,5.439020e-01,5.209161e-01
3.969099e-01,2.382714e-01,6.197923e-01,5.406919e-01,5.215996e-01
3.977210e-01,2.359713e-01,6.193541e-01,5.380119e-01,5.218345e-01
3.985799e-01,2.333704e-01,6.205479e-01,5.348667e-01,5.241605e-01
3.995472e-01,2.315043e-01,6.229978e-01,5.313349e-01,5.256626e-01
4.005382e-01,2.304035e-01,6.230378e-01,5.289143e-01,5.260635e-01
4.015961e-01,2.286425e-01,6.254766e-01,5.260134e-01,5.272914e-01
4.026457e-01,2.269121e-01,6.261094e-01,5.229068e-01,5.285661e-01
4.038094e-01,2.258380e-01,6.223299e-01,5.207353e-01,5.299700e-01
4.048990e-01,2.251635e-01,6.216802e-01,5.181435e-01,5.318626e-01
4.058348e-01,2.246302e-01,6.275324e-01,5.161707e-01,5.342223e-01
4.066422e-01,2.238093e-01,6.279950e-01,5.141579e-01,5.357515e-01
4.074881e-01,2.236064e-01,6.252862e-01,5.124804e-01,5.396569e-01
4.086680e-01,2.237994e-01,6.241400e-01,5.113349e-01,5.420738e-01
4.097090e-01,2.235624e-01,6.273284e-01,5.098064e-01,5.437785e-01
4.105363e-01,2.246082e-01,6.297101e-01,5.083175e-01,5.465155e-01
4.115072e-01,2.257465e-01,6.273058e-01,5.070593e-01,5.493186e-01
4.124737e-01,2.267763e-01,6.262866e-01,5.056053e-01,5.522283e-01
4.134146e-01,2.285776e-01,6.273986e-01,5.047849e-01,5.552253e-01
4.144914e-01,2.301911e-01,6.284514e-01,5.044616e-01,5.583264e-01
4.156472e-01,2.322006e-01,6.281832e-01,5.041626e-01,5.619561e-01
4.167340e-01,2.337964e-01,6.245700e-01,5.044294e-01,5.675286e-01
4.177454e-01,2.353250e-01,6.210427e-01,5.048720e-01,5.709760e-01
4.186146e-01,2.378247e-01,6.225660e-01,5.055097e-01,5.742662e-01
4.194378e-01,2.408886e-01,6.228111e-01,5.054237e-01,5.801945e-01
4.204278e-01,2.439717e-01,6.206846e-01,5.051800e-01,5.843934e-01
4.213922e-01,2.467462e-01,6.223617e-01,5.052637e-01,5.894619e-01
4.224085e-01,2.500860e-01,6.256317e-01,5.055809e-01,5.959859e-01
4.234662e-01,2.538346e-01,6.273831e-01,5.059923e-01,6.021557e-01
4.245318e-01,2.581180e-01,6.294162e-01,5.067917e-01,6.081827e-01
4.256684e-01,2.625232e-01,6.305544e-01,5.083930e-01,6.122667e-01
4.268503e-01,2.665773e-01,6.275071e-01,5.099656e-01,6.177067e-01
4.280883e-01,2.714801e-01,6.249898e-01,5.116446e-01,6.248358e-01
4.290119e-01,2.761357e-01,6.261926e-01,5.129279e-01,6.305793e-01
4.299895e-01,2.813809e-01,6.236464e-01,5.136153e-01,6.367567e-01
4.311679e-01,2.869782e-01,6.185307e-01,5.146256e-01,6.437625e-01
4.322759e-01,2.925864e-01,6.162657e-01,5.161930e-01,6.484887e-01
4.333076e-01,2.980866e-01,6.149108e-01,5.180677e-01,6.539992e-01
4.344349e-01,3.034281e-01,6.161286e-01,5.199256e-01,6.597465e-01
4.356686e-01,3.103761e-01,6.155088e-01,5.221372e-01,6.633142e-01
4.369625e-01,3.170431e-01,6.117544e-01,5.247312e-01,6.689206e-01
4.382741e-01,3.229692e-01,6.040954e-01,5.270620e-01,6.752201e-01
4.395898e-01,3.299281e-01,5.965889e-01,5.293896e-01,6.796263e-01
4.409900e-01,3.364550e-01,5.988638e-01,5.321115e-01,6.849614e-01
4.421552e-01,3.436928e-01,5.969864e-01,5.348749e-01,6.893088e-01
4.432777e-01,3.516650e-01,5.922764e-01,5.372433e-01,6.916312e-01
4.448058e-01,3.591839e-01,5.906263e-01,5.396719e-01,6.967667e-01
4.461686e-01,3.672953e-01,5.860790e-01,5.413974e-01,7.044676e-01
4.473645e-01,3.754078e-01,5.808955e-01,5.436703e-01,7.089294e-01
4.489127e-01,3.832133e-01,5.795487e-01,5.460766e-01,7.139254e-01
4.506347e-01,3.916812e-01,5.766196e-01,5.481828e-01,7.165836e-01
4.522480e-01,3.997112e-01,5.665211e-01,5.508134e-01,7.202575e-01
4.535917e-01,4.050127e-01,5.613943e-01,5.529692e-01,7.259904e-01
4.550083e-01,4.106356e-01,5.594581e-01,5.548937e-01,7.277938e-01
4.564561e-01,4.191419e-01,5.517702e-01,5.561814e-01,7.319051e-01
4.575927e-01,4.242196e-01,5.482237e-01,5.571282e-01,7.333672e-01
4.588130e-01,4.281090e-01,5.410245e-01,5.581225e-01,7.366573e-01
4.599249e-01,4.366956e-01,5.336235e-01,5.580992e-01,7.402963e-01
4.614750e-01,4.427470e-01,5.269328e-01,5.572836e-01,7.454450e-01
4.629642e-01,4.475094e-01,5.209888e-01,5.574285e-01,7.502956e-01
4.642063e-01,4.536046e-01,5.163263e-01,5.567704e-01,7.535072e-01
4.656125e-01,4.587135e-01,5.090493e-01,5.555471e-01,7.575600e-01
4.669373e-01,4.637844e-01,5.032194e-01,5.538224e-01,7.615355e-01
4.683544e-01,4.681798e-01,4.967085e-01,5.523563e-01,7.652689e-01
4.697254e-01,4.728746e-01,4.932114e-01,5.523001e-01,7.673509e-01
4.711378e-01,4.772978e-01,4.911561e-01,5.508417e-01,7.717123e-01
4.724040e-01,4.818170e-01,4.814434e-01,5.491128e-01,7.755819e-01
4.735371e-01,4.869933e-01,4.734987e-01,5.462589e-01,7.789796e-01
4.746946e-01,4.914592e-01,4.678851e-01,5.432108e-01,7.851935e-01
4.758735e-01,4.963131e-01,4.596757e-01,5.398258e-01,7.878515e-01
4.771652e-01,5.011300e-01,4.579250e-01,5.358879e-01,7.905314e-01
4.783892e-01,5.054036e-01,4.543368e-01,5.318420e-01,7.952988e-01
4.795871e-01,5.106001e-01,4.470808e-01,5.287346e-01,7.984564e-01
4.810446e-01,5.155557e-01,4.452880e-01,5.260060e-01,8.001482e-01
4.824158e-01,5.195492e-01,4.406174e-01,5.218767e-01,8.027945e-01
4.837196e-01,5.239229e-01,4.299947e-01,5.178039e-01,8.066505e-01
4.852222e-01,5.283259e-01,4.235617e-01,5.133020e-01,8.086801e-01
4.864873e-01,5.317956e-01,4.226630e-01,5.085101e-01,8.126649e-01
4.875384e-01,5.356595e-01,4.159834e-01,5.038474e-01,8.163244e-01
4.886931e-01,5.398385e-01,4.095381e-01,4.988382e-01,8.215858e-01
4.898463e-01,5.441620e-01,4.057770e-01,4.936071e-01,8.259816e-01
4.909213e-01,5.475468e-01,3.992587e-01,4.887968e-01,8.283739e-01
4.920442e-01,5.518647e-01,3.919127e-01,4.839967e-01,8.315655e-01
4.930885e-01,5.559836e-01,3.868282e-01,4.792992e-01,8.340820e-01
4.942051e-01,5.594190e-01,3.833951e-01,4.749420e-01,8.376941e-01
4.954523e-01,5.634861e-01,3.769126e-01,4.704776e-01,8.402994e-01
4.965812e-01,5.665737e-01,3.710964e-01,4.661014e-01,8.415337e-01
4.976500e-01,5.701975e-01,3.701971e-01,4.609371e-01,8.454161e-01
4.985411e-01,5.734886e-01,3.680484e-01,4.555428e-01,8.486794e-01
4.993234e-01,5.770873e-01,3.631416e-01,4.513426e-01,8.498082e-01
4.999852e-01,5.800581e-01,3.580937e-01,4.463502e-01,8.505379e-01
5.008264e-01,5.833738e-01,3.561988e-01,4.411629e-01,8.530921e-01
5.016175e-01,5.869735e-01,3.507942e-01,4.362642e-01,8.564376e-01
5.023408e-01,5.897928e-01,3.420256e-01,4.316513e-01,8.595686e-01
5.031335e-01,5.935144e-01,3.352205e-01,4.273628e-01,8.631416e-01
5.039028e-01,5.971840e-01,3.316953e-01,4.224100e-01,8.669413e-01
5.047322e-01,6.003867e-01,3.295476e-01,4.178458e-01,8.709600e-01
5.055671e-01,6.040135e-01,3.242359e-01,4.134650e-01,8.750562e-01
5.064045e-01,6.068468e-01,3.194186e-01,4.084197e-01,8.791605e-01
5.069207e-01,6.088797e-01,3.173744e-01,4.030263e-01,8.830554e-01
5.073360e-01,6.115735e-01,3.169621e-01,3.976037e-01,8.869758e-01
5.077809e-01,6.148637e-01,3.118178e-01,3.923476e-01,8.905120e-01
5.082332e-01,6.175814e-01,3.099589e-01,3.869555e-01,8.964676e-01
5.087841e-01,6.202951e-01,3.036499e-01,3.831797e-01,9.004052e-01
5.094501e-01,6.231355e-01,2.974431e-01,3.792126e-01,9.014418e-01
5.100601e-01,6.259831e-01,2.914018e-01,3.736353e-01,9.047050e-01
5.106780e-01,6.291876e-01,2.859976e-01,3.685675e-01,9.086811e-01
5.112929e-01,6.317998e-01,2.844603e-01,3.627049e-01,9.130560e-01
5.120164e-01,6.346707e-01,2.798026e-01,3.576650e-01,9.180288e-01
5.128478e-01,6.374528e-01,2.813316e-01,3.538300e-01,9.216567e-01
5.132367e-01,6.389853e-01,2.768069e-01,3.484004e-01,9.247962e-01
5.136400e-01,6.416294e-01,2.732440e-01,3.433137e-01,9.282897e-01
5.140393e-01,6.442201e-01,2.677112e-01,3.378038e-01,9.298230e-01
5.144490e-01,6.464160e-01,2.613501e-01,3.326873e-01,9.328034e-01
5.149098e-01,6.491738e-01,2.596075e-01,3.271141e-01,9.367293e-01
5.153727e-01,6.517662e-01,2.537340e-01,3.218497e-01,9.405699e-01
5.158709e-01,6.545799e-01,2.515690e-01,3.174152e-01,9.445099e-01
5.163684e-01,6.570940e-01,2.531686e-01,3.123331e-01,9.486152e-01
5.169341e-01,6.595107e-01,2.527266e-01,3.082042e-01,9.523238e-01
5.175783e-01,6.621716e-01,2.490841e-01,3.038216e-01,9.560341e-01
5.181779e-01,6.641023e-01,2.401695e-01,2.990824e-01,9.599447e-01
5.184242e-01,6.659025e-01,2.367948e-01,2.939625e-01,9.610238e-01
5.186927e-01,6.675182e-01,2.343732e-01,2.884363e-01,9.657054e-01
5.190223e-01,6.689382e-01,2.281815e-01,2.835198e-01,9.693122e-01
5.193699e-01,6.708090e-01,2.225224e-01,2.786459e-01,9.715255e-01
5.197809e-01,6.728218e-01,2.194357e-01,2.736534e-01,9.743003e-01
5.201958e-01,6.741490e-01,2.166180e-01,2.689075e-01,9.770172e-01
5.207456e-01,6.757900e-01,2.070550e-01,2.638842e-01,9.798871e-01
5.212136e-01,6.773120e-01,1.995948e-01,2.587953e-01,9.835016e-01
5.216701e-01,6.788660e-01,1.955463e-01,2.535391e-01,9.882306e-01
5.222731e-01,6.815023e-01,1.922717e-01,2.482181e-01,9.903834e-01
5.226808e-01,6.835705e-01,1.909735e-01,2.426804e-01,9.927116e-01
5.230147e-01,6.852439e-01,1.829170e-01,2.368254e-01,9.945449e-01
5.233644e-01,6.864457e-01,1.810001e-01,2.316391e-01,9.957208e-01
5.237058e-01,6.878373e-01,1.760393e-01,2.259460e-01,9.991783e-01
5.241231e-01,6.893102e-01,1.673837e-01,2.204359e-01,9.995333e-01
5.245781e-01,6.906847e-01,1.584474e-01,2.154356e-01,9.980058e-01
5.251207e-01,6.923805e-01,1.546287e-01,2.104610e-01,9.971782e-01
5.256817e-01,6.933698e-01,1.509679e-01,2.050881e-01,9.960673e-01
5.262626e-01,6.952294e-01,1.428262e-01,1.993447e-01,9.977342e-01
5.268820e-01,6.977908e-01,1.379511e-01,1.948617e-01,9.996548e-01
5.275078e-01,6.997466e-01,1.274876e-01,1.903375e-01,9.993544e-01
5.281719e-01,7.016907e-01,1.191773e-01,1.847040e-01,9.989242e-01
5.285037e-01,7.027252e-01,1.166441e-01,1.799316e-01,9.975768e-01
5.286035e-01,7.043792e-01,1.124532e-01,1.763208e-01,9.938996e-01
5.289005e-01,7.053180e-01,1.025988e-01,1.720177e-01,9.898657e-01
5.293054e-01,7.065986e-01,9.717100e-02,1.668579e-01,9.859332e-01
5.296599e-01,7.079728e-01,9.010237e-02,1.624304e-01,9.828518e-01
5.300729e-01,7.084039e-01,8.410362e-02,1.572361e-01,9.816308e-01
5.304771e-01,7.096190e-01,7.732091e-02,1.523186e-01,9.786867e-01
5.308862e-01,7.111860e-01,7.070194e-02,1.487850e-01,9.751040e-01
5.312675e-01,7.127628e-01,6.874394e-02,1.450640e-01,9.734097e-01
5.316264e-01,7.138656e-01,6.102908e-02,1.413250e-01,9.713808e-01
5.319549e-01,7.143753e-01,5.804056e-02,1.373112e-01,9.696185e-01
5.319133e-01,7.150138e-01,5.664418e-02,1.338112e-01,9.673499e-01
5.318110e-01,7.153789e-01,5.230254e-02,1.302895e-01,9.632635e-01
5.317163e-01,7.154281e-01,4.427405e-02,1.277633e-01,9.583021e-01
5.313937e-01,7.164461e-01,3.797456e-02,1.255144e-01,9.556588e-01
5.308785e-01,7.170316e-01,3.350100e-02,1.232481e-01,9.530967e-01
5.306390e-01,7.171813e-01,3.032123e-02,1.212041e-01,9.514823e-01
5.305717e-01,7.174636e-01,2.999916e-02,1.193907e-01,9.480755e-01
5.304360e-01,7.181932e-01,2.606368e-02,1.184022e-01,9.451215e-01
5.303287e-01,7.192190e-01,2.199409e-02,1.168853e-01,9.452785e-01
5.302138e-01,7.196818e-01,1.809262e-02,1.153866e-01,9.430142e-01
5.300518e-01,7.209006e-01,1.425550e-02,1.148736e-01,9.412578e-01
5.295471e-01,7.216048e-01,1.612252e-02,1.144794e-01,9.389140e-01
5.290263e-01,7.216643e-01,1.411879e-02,1.148506e-01,9.369743e-01
5.284943e-01,7.220335e-01,1.105324e-02,1.159866e-01,9.326557e-01
5.279439e-01,7.218440e-01,8.360316e-03,1.165894e-01,9.294913e-01
5.274005e-01,7.213305e-01,9.166422e-03,1.175594e-01,9.280085e-01
5.268545e-01,7.214683e-01,9.133113e-03,1.195155e-01,9.257904e-01
5.263588e-01,7.222246e-01,6.413128e-03,1.218729e-01,9.242038e-01
5.258645e-01,7.225117e-01,8.382700e-03,1.243755e-01,9.224768e-01
5.254232e-01,7.225650e-01,7.676907e-03,1.268387e-01,9.211239e-01
5.250021e-01,7.232354e-01,3.534173e-03,1.297081e-01,9.194537e-01
5.244285e-01,7.233930e-01,3.808498e-03,1.325043e-01,9.183795e-01
5.236908e-01,7.231508e-01,8.148635e-03,1.352524e-01,9.168733e-01
5.230062e-01,7.229054e-01,7.588145e-03,1.390883e-01,9.134740e-01
5.222767e-01,7.223021e-01,5.550295e-03,1.423387e-01,9.116363e-01
5.217797e-01,7.218907e-01,5.274153e-03,1.454578e-01,9.102067e-01
5.212171e-01,7.219219e-01,1.041633e-02,1.496232e-01,9.084765e-01
5.205500e-01,7.215461e-01,1.022759e-02,1.537324e-01,9.074704e-01
5.200046e-01,7.210416e-01,2.294479e-03,1.578174e-01,9.064205e-01
5.194419e-01,7.211298e-01,9.138724e-05,1.624447e-01,9.055925e-01
5.189070e-01,7.212399e-01,2.939425e-03,1.668515e-01,9.048142e-01
5.183720e-01,7.211149e-01,5.961156e-03,1.712635e-01,9.038683e-01
5.177879e-01,7.212410e-01,3.830604e-03,1.762876e-01,9.031188e-01
5.169766e-01,7.206983e-01,2.709533e-03,1.806630e-01,9.019376e-01
5.161949e-01,7.192645e-01,4.669080e-03,1.850298e-01,8.985770e-01
5.153622e-01,7.188083e-01,2.421486e-03,1.899090e-01,8.952540e-01
5.145560e-01,7.181759e-01,4.793983e-03,1.947832e-01,8.917427e-01
5.137876e-01,7.171327e-01,9.924516e-03,1.991052e-01,8.894803e-01
5.130727e-01,7.170140e-01,1.166962e-02,2.038079e-01,8.887099e-01
5.124113e-01,7.158032e-01,1.628371e-02,2.083966e-01,8.871784e-01
5.117994e-01,7.149651e-01,2.271344e-02,2.124741e-01,8.862419e-01
5.111221e-01,7.154451e-01,2.842684e-02,2.167690e-01,8.853493e-01
5.106035e-01,7.149645e-01,2.866445e-02,2.210802e-01,8.841488e-01
5.101858e-01,7.142971e-01,2.576579e-02,2.255697e-01,8.833664e-01
5.091860e-01,7.131354e-01,2.793529e-02,2.292026e-01,8.822717e-01
5.083962e-01,7.118687e-01,2.867916e-02,2.331835e-01,8.812323e-01
5.075328e-01,7.105772e-01,2.661842e-02,2.377357e-01,8.803050e-01
5.067095e-01,7.096627e-01,2.674060e-02,2.413941e-01,8.797746e-01
5.060674e-01,7.087349e-01,3.322088e-02,2.452580e-01,8.793067e-01
5.053523e-01,7.072810e-01,4.118874e-02,2.487033e-01,8.787787e-01
5.047751e-01,7.058018e-01,4.128283e-02,2.520447e-01,8.783598e-01
5.041474e-01,7.045904e-01,3.854454e-02,2.558743e-01,8.781360e-01
5.035068e-01,7.032359e-01,4.015048e-02,2.589338e-01,8.779211e-01
5.030274e-01,7.023406e-01,4.720990e-02,2.622736e-01,8.777701e-01
5.025397e-01,7.017130e-01,5.235586e-02,2.648057e-01,8.777569e-01
5.017878e-01,6.996862e-01,5.323394e-02,2.661959e-01,8.773101e-01
5.010296e-01,6.981216e-01,5.726332e-02,2.683657e-01,8.770287e-01
5.003241e-01,6.958579e-01,5.745407e-02,2.701663e-01,8.748679e-01
4.996373e-01,6.931136e-01,6.242868e-02,2.715878e-01,8.736990e-01
4.989768e-01,6.911231e-01,6.532828e-02,2.729648e-01,8.739000e-01
4.983838e-01,6.889101e-01,6.628701e-02,2.732617e-01,8.735488e-01
4.977571e-01,6.863941e-01,6.939736e-02,2.738659e-01,8.737524e-01
4.972094e-01,6.839439e-01,7.273349e-02,2.741750e-01,8.734231e-01
4.967310e-01,6.817988e-01,7.676406e-02,2.732741e-01,8.727870e-01
4.962563e-01,6.801503e-01,7.544765e-02,2.727956e-01,8.730374e-01
4.957948e-01,6.780214e-01,7.831300e-02,2.718412e-01,8.734412e-01
4.949988e-01,6.744632e-01,8.074399e-02,2.700260e-01,8.733301e-01
4.942800e-01,6.717525e-01,8.574398e-02,2.686672e-01,8.731142e-01
4.935529e-01,6.696565e-01,9.236994e-02,2.672169e-01,8.726177e-01
4.928277e-01,6.662153e-01,9.987470e-02,2.650564e-01,8.724901e-01
4.921508e-01,6.632901e-01,1.059817e-01,2.622549e-01,8.720813e-01
4.915143e-01,6.606335e-01,1.099844e-01,2.591966e-01,8.717038e-01
4.909528e-01,6.577966e-01,1.154598e-01,2.554810e-01,8.715227e-01
4.903667e-01,6.550120e-01,1.168861e-01,2.514824e-01,8.714032e-01
4.898063e-01,6.520155e-01,1.201755e-01,2.475380e-01,8.710688e-01
4.893204e-01,6.496468e-01,1.263072e-01,2.437359e-01,8.709414e-01
4.888883e-01,6.465979e-01,1.283612e-01,2.400312e-01,8.706095e-01
4.881433e-01,6.434099e-01,1.318927e-01,2.349971e-01,8.678634e-01
4.874246e-01,6.406628e-01,1.334096e-01,2.300496e-01,8.665910e-01
4.870879e-01,6.373426e-01,1.356429e-01,2.248547e-01,8.656962e-01
4.866237e-01,6.338906e-01,1.379442e-01,2.199529e-01,8.644806e-01
4.859663e-01,6.311335e-01,1.374050e-01,2.145729e-01,8.635170e-01
4.854693e-01,6.279875e-01,1.435694e-01,2.087255e-01,8.625965e-01
4.849313e-01,6.251774e-01,1.491884e-01,2.026378e-01,8.608579e-01
4.844902e-01,6.219876e-01,1.529000e-01,1.964616e-01,8.574147e-01
4.840907e-01,6.184977e-01,1.559386e-01,1.908987e-01,8.546659e-01
4.836763e-01,6.154459e-01,1.558885e-01,1.851744e-01,8.536535e-01
4.833699e-01,6.109627e-01,1.592665e-01,1.796514e-01,8.523871e-01
4.827125e-01,6.069186e-01,1.606607e-01,1.732742e-01,8.484988e-01
4.820995e-01,6.029736e-01,1.676954e-01,1.671123e-01,8.444503e-01
4.814620e-01,5.993669e-01,1.756981e-01,1.608826e-01,8.418761e-01
4.809072e-01,5.961089e-01,1.830545e-01,1.544429e-01,8.398311e-01
4.803830e-01,5.923760e-01,1.855077e-01,1.487986e-01,8.374236e-01
4.798905e-01,5.885967e-01,1.886873e-01,1.432448e-01,8.355957e-01
4.794889e-01,5.843783e-01,1.968181e-01,1.372839e-01,8.328351e-01
4.790870e-01,5.804324e-01,2.037671e-01,1.302675e-01,8.283009e-01
4.787370e-01,5.766736e-01,2.112888e-01,1.236906e-01,8.242772e-01
4.784343e-01,5.728264e-01,2.156337e-01,1.188527e-01,8.197158e-01
4.781839e-01,5.688654e-01,2.187381e-01,1.129829e-01,8.153610e-01
4.776105e-01,5.637248e-01,2.234357e-01,1.061780e-01,8.124073e-01
4.770898e-01,5.592022e-01,2.319896e-01,1.004361e-01,8.094482e-01
4.765385e-01,5.547205e-01,2.355810e-01,9.545021e-02,8.069311e-01
4.760618e-01,5.494786e-01,2.381742e-01,9.031480e-02,8.028276e-01
4.755758e-01,5.446780e-01,2.412782e-01,8.615343e-02,7.992377e-01
4.751006e-01,5.395122e-01,2.473959e-01,8.250528e-02,7.966711e-01
4.746877e-01,5.348503e-01,2.544645e-01,7.801164e-02,7.939330e-01
4.742673e-01,5.300623e-01,2.552385e-01,7.375644e-02,7.918841e-01
4.739505e-01,5.252334e-01,2.572387e-01,7.039163e-02,7.892591e-01
4.735775e-01,5.211572e-01,2.598444e-01,6.735454e-02,7.869864e-01
4.732866e-01,5.160415e-01,2.617414e-01,6.466846e-02,7.851120e-01
4.727340e-01,5.116961e-01,2.680054e-01,6.248974e-02,7.823038e-01
4.721137e-01,5.064938e-01,2.777540e-01,6.030458e-02,7.780765e-01
4.721159e-01,5.004726e-01,2.840482e-01,5.806070e-02,7.751004e-01
4.721621e-01,4.961641e-01,2.872022e-01,5.582015e-02,7.736596e-01
4.717198e-01,4.913889e-01,2.901929e-01,5.427677e-02,7.705001e-01
4.715551e-01,4.863291e-01,2.941629e-01,5.226114e-02,7.690268e-01
4.715928e-01,4.813434e-01,2.992204e-01,4.977976e-02,7.640957e-01
4.714343e-01,4.754713e-01,3.052172e-01,4.849115e-02,7.585805e-01
4.711536e-01,4.675849e-01,3.121671e-01,4.693545e-02,7.562979e-01
4.709275e-01,4.597133e-01,3.164857e-01,4.500063e-02,7.521166e-01
4.707466e-01,4.543067e-01,3.199160e-01,4.344282e-02,7.501917e-01
4.702454e-01,4.453889e-01,3.262070e-01,4.155976e-02,7.458190e-01
4.698520e-01,4.360856e-01,3.309067e-01,3.983088e-02,7.437506e-01
4.694025e-01,4.313206e-01,3.340620e-01,3.815574e-02,7.424854e-01
4.694030e-01,4.251919e-01,3.355101e-01,3.689457e-02,7.403136e-01
4.692117e-01,4.169042e-01,3.396018e-01,3.596593e-02,7.392894e-01
4.688073e-01,4.089145e-01,3.442513e-01,3.433798e-02,7.382741e-01
4.686612e-01,4.014600e-01,3.448712e-01,3.281532e-02,7.364173e-01
4.684612e-01,3.946082e-01,3.473424e-01,3.069595e-02,7.357381e-01
4.683334e-01,3.874575e-01,3.555401e-01,2.893566e-02,7.348338e-01
4.682016e-01,3.803607e-01,3.654189e-01,2.876222e-02,7.317805e-01
4.681284e-01,3.733729e-01,3.706910e-01,2.726820e-02,7.312174e-01
4.677526e-01,3.669260e-01,3.761824e-01,2.519822e-02,7.302639e-01
4.674657e-01,3.610907e-01,3.836593e-01,2.382812e-02,7.293017e-01
4.670515e-01,3.558541e-01,3.878727e-01,2.235981e-02,7.288443e-01
4.667708e-01,3.505532e-01,3.905267e-01,2.049156e-02,7.264383e-01
4.666174e-01,3.450128e-01,3.975436e-01,1.841485e-02,7.249144e-01
4.665175e-01,3.404045e-01,4.090244e-01,1.605175e-02,7.246617e-01
4.663844e-01,3.360941e-01,4.198086e-01,1.477773e-02,7.233402e-01
4.662755e-01,3.315696e-01,4.282032e-01,1.422842e-02,7.203148e-01
4.662938e-01,3.272810e-01,4.346829e-01,1.220414e-02,7.189562e-01
4.661834e-01,3.228236e-01,4.412538e-01,9.962682e-03,7.187348e-01
4.662789e-01,3.186431e-01,4.485796e-01,8.665657e-03,7.167845e-01
4.660609e-01,3.145143e-01,4.540581e-01,7.372018e-03,7.170632e-01
4.657272e-01,3.102225e-01,4.616956e-01,5.743127e-03,7.170489e-01
4.655602e-01,3.065551e-01,4.697865e-01,4.293587e-03,7.170146e-01
4.651886e-01,3.030142e-01,4.770565e-01,3.488030e-03,7.160952e-01
4.647904e-01,2.998007e-01,4.839000e-01,2.613721e-03,7.134968e-01
4.645722e-01,2.977487e-01,4.913884e-01,2.066426e-03,7.133586e-01
4.642475e-01,2.955106e-01,4.979140e-01,1.417458e-03,7.138695e-01
4.640695e-01,2.926822e-01,5.018319e-01,1.111636e-03,7.146669e-01
4.640176e-01,2.902321e-01,5.086428e-01,1.300686e-03,7.151980e-01
4.636455e-01,2.880257e-01,5.176628e-01,8.012773e-04,7.144059e-01
4.633102e-01,2.860467e-01,5.266146e-01,7.277043e-04,7.157897e-01
4.631582e-01,2.843984e-01,5.361353e-01,1.222364e-04,7.168605e-01
4.629643e-01,2.825731e-01,5.447206e-01,-1.277008e-04,7.161189e-01
4.626111e-01,2.805072e-01,5.519503e-01,4.931278e-04,7.150138e-01
4.622910e-01,2.790914e-01,5.555539e-01,1.355611e-04,7.159141e-01
4.620422e-01,2.782755e-01,5.592781e-01,1.899267e-04,7.176028e-01
4.618305e-01,2.773318e-01,5.659351e-01,7.077243e-04,7.187371e-01
4.616734e-01,2.765492e-01,5.754092e-01,7.483037e-04,7.203739e-01
4.615928e-01,2.758276e-01,5.863894e-01,5.752743e-04,7.223311e-01
4.614921e-01,2.749239e-01,5.912487e-01,2.761168e-04,7.244707e-01
4.613601e-01,2.747935e-01,5.939245e-01,6.916834e-04,7.262804e-01
4.612535e-01,2.748456e-01,6.015289e-01,1.101971e-03,7.279354e-01
4.609701e-01,2.740806e-01,6.090425e-01,1.163817e-03,7.296569e-01
4.607361e-01,2.741674e-01,6.156769e-01,1.514494e-03,7.310464e-01
4.605338e-01,2.752033e-01,6.240031e-01,1.960139e-03,7.326139e-01
4.603939e-01,2.755072e-01,6.325062e-01,1.743325e-03,7.344513e-01
4.602913e-01,2.763591e-01,6.380679e-01,3.640094e-03,7.350285e-01
4.603162e-01,2.777869e-01,6.432371e-01,5.250957e-03,7.344966e-01
4.603557e-01,2.795764e-01,6.460722e-01,5.451541e-03,7.351952e-01
4.604247e-01,2.811926e-01,6.506046e-01,6.830383e-03,7.373970e-01
4.605381e-01,2.823304e-01,6.583822e-01,7.247165e-03,7.392931e-01
4.607184e-01,2.847705e-01,6.643718e-01,8.488762e-03,7.410312e-01
4.610404e-01,2.873962e-01,6.720165e-01,1.106430e-02,7.423720e-01
4.609034e-01,2.889863e-01,6.774618e-01,1.242360e-02,7.433462e-01
4.608214e-01,2.900452e-01,6.822182e-01,1.408732e-02,7.447595e-01
4.607968e-01,2.921681e-01,6.831980e-01,1.597487e-02,7.440945e-01
4.608107e-01,2.944898e-01,6.866674e-01,1.859960e-02,7.448684e-01
4.608861e-01,2.967562e-01,6.881330e-01,2.101511e-02,7.466455e-01
4.610236e-01,2.994614e-01,6.868875e-01,2.347979e-02,7.478524e-01
4.612147e-01,3.019478e-01,6.887035e-01,2.594257e-02,7.492421e-01
4.614375e-01,3.048700e-01,6.900951e-01,2.791747e-02,7.506267e-01
4.617392e-01,3.077034e-01,6.933770e-01,3.034384e-02,7.518126e-01
4.620881e-01,3.105107e-01,6.950457e-01,3.272141e-02,7.527302e-01
4.625210e-01,3.138295e-01,6.975790e-01,3.562810e-02,7.538099e-01
4.624455e-01,3.161743e-01,7.025916e-01,3.796063e-02,7.526795e-01
4.622643e-01,3.185616e-01,7.034846e-01,4.040922e-02,7.532533e-01
4.624215e-01,3.211920e-01,7.045151e-01,4.237072e-02,7.543968e-01
4.625866e-01,3.240354e-01,7.080954e-01,4.460136e-02,7.547719e-01
4.627706e-01,3.271658e-01,7.116732e-01,4.709345e-02,7.551322e-01
4.633515e-01,3.296732e-01,7.153897e-01,4.970282e-02,7.557579e-01
4.636621e-01,3.323147e-01,7.186633e-01,5.238015e-02,7.563780e-01
4.640655e-01,3.348619e-01,7.226466e-01,5.423952e-02,7.570899e-01
4.647079e-01,3.375720e-01,7.285172e-01,5.606670e-02,7.572055e-01
4.650865e-01,3.413256e-01,7.353886e-01,5.774770e-02,7.558624e-01
4.658200e-01,3.447372e-01,7.395598e-01,5.948596e-02,7.564786e-01
4.662824e-01,3.473122e-01,7.410268e-01,6.131321e-02,7.563921e-01
4.667797e-01,3.493695e-01,7.443391e-01,6.286341e-02,7.542406e-01
4.672818e-01,3.520312e-01,7.493174e-01,6.448292e-02,7.538639e-01
4.678501e-01,3.550305e-01,7.541855e-01,6.588862e-02,7.523535e-01
4.685029e-01,3.585063e-01,7.546994e-01,6.724846e-02,7.498789e-01
4.691874e-01,3.617275e-01,7.514628e-01,6.920664e-02,7.477281e-01
4.699387e-01,3.636994e-01,7.513374e-01,7.084058e-02,7.461157e-01
4.707066e-01,3.660232e-01,7.540929e-01,7.156761e-02,7.464951e-01
4.714980e-01,3.682327e-01,7.560616e-01,7.229731e-02,7.457818e-01
4.723068e-01,3.705302e-01,7.581696e-01,7.352593e-02,7.432611e-01
4.731810e-01,3.732285e-01,7.599079e-01,7.507954e-02,7.409689e-01
4.737000e-01,3.744688e-01,7.602265e-01,7.657387e-02,7.382519e-01
4.743027e-01,3.759581e-01,7.611567e-01,7.770189e-02,7.351539e-01
4.749056e-01,3.777112e-01,7.619038e-01,7.870880e-02,7.341841e-01
4.755583e-01,3.795227e-01,7.679441e-01,7.918079e-02,7.323165e-01
4.762657e-01,3.817137e-01,7.686022e-01,7.925539e-02,7.309047e-01
4.769697e-01,3.820109e-01,7.721813e-01,8.002010e-02,7.313371e-01
4.777868e-01,3.827394e-01,7.779662e-01,8.058244e-02,7.295164e-01
4.784589e-01,3.839103e-01,7.817268e-01,8.128440e-02,7.277544e-01
4.791373e-01,3.839209e-01,7.892526e-01,8.180428e-02,7.277506e-01
4.799652e-01,3.845248e-01,7.912961e-01,8.150703e-02,7.268227e-01
4.807804e-01,3.840869e-01,7.940351e-01,8.180675e-02,7.266796e-01
4.813035e-01,3.837707e-01,7.922316e-01,8.151993e-02,7.275076e-01
4.814802e-01,3.836941e-01,7.921179e-01,8.164866e-02,7.250213e-01
4.818818e-01,3.819267e-01,7.936133e-01,8.213797e-02,7.210594e-01
4.825477e-01,3.802664e-01,7.967359e-01,8.183490e-02,7.205537e-01
4.828424e-01,3.792952e-01,8.023805e-01,8.204235e-02,7.193033e-01
4.830908e-01,3.771171e-01,8.034074e-01,8.206987e-02,7.210635e-01
4.835169e-01,3.755282e-01,8.044917e-01,8.103969e-02,7.210683e-01
4.841139e-01,3.763972e-01,8.082760e-01,8.057600e-02,7.198686e-01
4.847896e-01,3.759520e-01,8.124092e-01,8.040525e-02,7.222578e-01
4.854828e-01,3.734321e-01,8.155190e-01,7.988292e-02,7.226707e-01
4.862001e-01,3.745452e-01,8.168699e-01,7.952924e-02,7.254518e-01
4.865962e-01,3.761142e-01,8.202186e-01,7.933010e-02,7.255837e-01
4.870845e-01,3.730314e-01,8.198506e-01,7.976688e-02,7.256838e-01
4.871534e-01,3.720043e-01,8.173080e-01,7.985676e-02,7.244061e-01
4.875747e-01,3.719432e-01,8.212445e-01,7.953365e-02,7.233597e-01
4.882210e-01,3.720567e-01,8.225883e-01,7.988489e-02,7.237774e-01
4.886918e-01,3.728068e-01,8.262576e-01,7.996817e-02,7.241590e-01
4.893271e-01,3.728795e-01,8.305650e-01,8.060943e-02,7.238951e-01
4.899603e-01,3.734648e-01,8.281905e-01,8.044004e-02,7.243022e-01
4.906825e-01,3.741248e-01,8.276333e-01,7.949992e-02,7.267407e-01
4.914248e-01,3.752394e-01,8.304620e-01,8.010808e-02,7.264972e-01
4.922102e-01,3.758487e-01,8.343982e-01,8.025479e-02,7.264110e-01
4.926805e-01,3.762048e-01,8.346543e-01,8.097227e-02,7.259470e-01
4.931479e-01,3.760531e-01,8.377541e-01,8.199819e-02,7.233325e-01
4.936809e-01,3.762580e-01,8.392435e-01,8.252842e-02,7.241689e-01
4.942442e-01,3.765810e-01,8.377473e-01,8.349215e-02,7.243446e-01
4.947744e-01,3.765827e-01,8.375945e-01,8.511079e-02,7.230338e-01
4.954704e-01,3.759924e-01,8.334930e-01,8.550413e-02,7.236405e-01
4.961962e-01,3.750907e-01,8.327283e-01,8.546124e-02,7.258345e-01
4.969166e-01,3.750944e-01,8.356351e-01,8.697777e-02,7.268312e-01
4.977862e-01,3.751094e-01,8.369047e-01,8.910961e-02,7.275870e-01
4.984807e-01,3.752108e-01,8.394404e-01,9.120832e-02,7.299185e-01
4.992021e-01,3.758879e-01,8.391629e-01,9.306863e-02,7.298471e-01
4.997774e-01,3.758444e-01,8.399661e-01,9.483785e-02,7.295137e-01
5.002642e-01,3.756855e-01,8.408573e-01,9.667327e-02,7.276238e-01
5.009863e-01,3.758211e-01,8.405710e-01,9.891390e-02,7.269435e-01
5.017466e-01,3.755720e-01,8.422838e-01,1.011698e-01,7.277667e-01
5.024766e-01,3.749148e-01,8.436859e-01,1.036443e-01,7.282566e-01
5.033971e-01,3.745565e-01,8.446079e-01,1.062818e-01,7.296899e-01
5.042456e-01,3.741495e-01,8.467080e-01,1.082943e-01,7.299471e-01
5.051092e-01,3.742364e-01,8.486867e-01,1.106709e-01,7.314067e-01
5.062190e-01,3.749351e-01,8.522997e-01,1.135455e-01,7.339310e-01
5.073287e-01,3.750301e-01,8.528470e-01,1.165452e-01,7.338722e-01
5.083291e-01,3.746893e-01,8.487126e-01,1.200814e-01,7.344772e-01
5.091770e-01,3.741181e-01,8.494177e-01,1.231816e-01,7.365925e-01
5.101025e-01,3.742751e-01,8.490756e-01,1.263736e-01,7.388343e-01
5.110077e-01,3.739927e-01,8.460352e-01,1.301981e-01,7.393532e-01
5.119500e-01,3.737317e-01,8.489737e-01,1.338445e-01,7.394902e-01
5.129150e-01,3.739026e-01,8.526311e-01,1.374392e-01,7.403885e-01
5.140193e-01,3.735446e-01,8.554548e-01,1.412591e-01,7.404397e-01
5.152002e-01,3.738848e-01,8.566728e-01,1.457715e-01,7.402777e-01
5.163557e-01,3.741071e-01,8.540260e-01,1.501752e-01,7.401530e-01
5.177080e-01,3.736988e-01,8.566599e-01,1.545747e-01,7.396182e-01
5.190672e-01,3.742280e-01,8.588006e-01,1.593464e-01,7.392708e-01
5.203902e-01,3.751325e-01,8.548239e-01,1.638721e-01,7.383162e-01
5.217245e-01,3.756085e-01,8.527378e-01,1.691335e-01,7.365492e-01
5.230844e-01,3.753436e-01,8.485574e-01,1.744117e-01,7.345799e-01
5.243904e-01,3.752441e-01,8.465222e-01,1.800513e-01,7.323173e-01
5.257211e-01,3.752697e-01,8.479618e-01,1.842560e-01,7.314899e-01
5.270185e-01,3.753230e-01,8.463033e-01,1.886875e-01,7.320074e-01
5.283518e-01,3.751117e-01,8.460270e-01,1.948360e-01,7.312063e-01
5.296544e-01,3.748542e-01,8.446325e-01,2.001968e-01,7.292853e-01
5.309965e-01,3.749661e-01,8.425275e-01,2.060368e-01,7.276372e-01
5.322977e-01,3.746586e-01,8.406244e-01,2.111420e-01,7.258350e-01
5.335175e-01,3.743735e-01,8.358157e-01,2.155040e-01,7.245356e-01
5.348458e-01,3.744727e-01,8.340247e-01,2.211689e-01,7.230892e-01
5.358028e-01,3.746723e-01,8.321608e-01,2.259957e-01,7.210673e-01
5.367715e-01,3.747161e-01,8.291728e-01,2.310650e-01,7.208828e-01
5.377553e-01,3.744129e-01,8.257059e-01,2.354065e-01,7.193060e-01
5.387276e-01,3.741700e-01,8.227743e-01,2.399603e-01,7.170561e-01
5.397046e-01,3.738982e-01,8.226995e-01,2.448250e-01,7.149643e-01
5.407092e-01,3.735354e-01,8.220162e-01,2.496978e-01,7.128088e-01
5.417080e-01,3.728599e-01,8.188251e-01,2.546473e-01,7.104980e-01
5.427387e-01,3.725149e-01,8.167630e-01,2.587555e-01,7.085017e-01
5.437246e-01,3.723288e-01,8.162206e-01,2.629697e-01,7.065436e-01
5.447454e-01,3.717221e-01,8.139369e-01,2.671457e-01,7.045114e-01
5.459714e-01,3.716896e-01,8.114184e-01,2.714186e-01,7.042802e-01
5.465959e-01,3.716046e-01,8.110558e-01,2.754378e-01,7.017979e-01
5.471531e-01,3.715614e-01,8.105356e-01,2.796194e-01,6.989393e-01
5.479461e-01,3.710074e-01,8.092497e-01,2.836278e-01,6.966289e-01
5.486519e-01,3.704785e-01,8.061150e-01,2.871341e-01,6.944283e-01
5.491418e-01,3.705621e-01,8.020758e-01,2.907932e-01,6.918354e-01
5.499345e-01,3.704246e-01,8.012911e-01,2.945140e-01,6.891082e-01
5.506629e-01,3.704260e-01,8.004921e-01,2.982665e-01,6.862438e-01
5.513128e-01,3.705832e-01,7.966929e-01,3.019486e-01,6.840125e-01
5.521858e-01,3.702124e-01,7.943321e-01,3.056737e-01,6.831385e-01
5.527768e-01,3.697962e-01,7.943349e-01,3.096096e-01,6.800276e-01
5.533599e-01,3.700546e-01,7.937392e-01,3.132582e-01,6.772250e-01
5.536061e-01,3.703376e-01,7.900167e-01,3.169843e-01,6.760125e-01
5.538395e-01,3.699883e-01,7.835674e-01,3.205776e-01,6.728980e-01
5.540772e-01,3.695575e-01,7.794145e-01,3.238048e-01,6.712995e-01
5.542695e-01,3.689771e-01,7.783393e-01,3.270738e-01,6.705632e-01
5.544480e-01,3.685280e-01,7.779983e-01,3.302090e-01,6.698498e-01
5.546517e-01,3.685278e-01,7.759156e-01,3.337514e-01,6.686377e-01
5.548769e-01,3.682246e-01,7.720749e-01,3.377141e-01,6.654540e-01
5.551011e-01,3.680270e-01,7.700443e-01,3.416304e-01,6.637481e-01
5.553308e-01,3.676234e-01,7.684619e-01,3.455755e-01,6.635740e-01
5.555566e-01,3.671765e-01,7.655063e-01,3.492183e-01,6.635061e-01
5.557735e-01,3.673602e-01,7.623542e-01,3.525830e-01,6.636469e-01
5.555986e-01,3.671371e-01,7.613484e-01,3.556997e-01,6.634680e-01
5.554005e-01,3.672084e-01,7.608759e-01,3.591706e-01,6.635726e-01
5.552228e-01,3.666961e-01,7.545406e-01,3.630853e-01,6.640582e-01
5.550289e-01,3.663159e-01,7.526433e-01,3.668410e-01,6.634396e-01
5.548758e-01,3.667951e-01,7.477455e-01,3.707467e-01,6.614249e-01
5.546834e-01,3.667314e-01,7.447121e-01,3.747125e-01,6.615514e-01
5.546698e-01,3.666610e-01,7.428840e-01,3.780695e-01,6.620414e-01
5.547629e-01,3.667911e-01,7.367592e-01,3.820079e-01,6.606788e-01
5.546826e-01,3.665736e-01,7.337172e-01,3.861100e-01,6.598703e-01
5.546778e-01,3.668670e-01,7.277960e-01,3.896304e-01,6.588692e-01
5.546917e-01,3.671643e-01,7.251415e-01,3.935282e-01,6.581662e-01
5.543625e-01,3.667216e-01,7.218691e-01,3.967563e-01,6.590101e-01
5.540565e-01,3.669875e-01,7.194940e-01,3.997839e-01,6.604909e-01
5.537706e-01,3.670571e-01,7.146880e-01,4.028899e-01,6.601185e-01
5.535400e-01,3.664207e-01,7.074338e-01,4.060378e-01,6.597445e-01
5.533292e-01,3.663492e-01,7.037476e-01,4.093315e-01,6.587978e-01
5.532058e-01,3.660578e-01,6.996293e-01,4.131284e-01,6.596362e-01
5.531281e-01,3.661248e-01,6.938621e-01,4.171427e-01,6.610740e-01
5.530311e-01,3.666122e-01,6.878626e-01,4.210658e-01,6.606687e-01
5.530024e-01,3.666749e-01,6.816427e-01,4.252724e-01,6.606373e-01
5.530076e-01,3.666076e-01,6.751796e-01,4.293134e-01,6.605462e-01
5.530139e-01,3.662767e-01,6.683786e-01,4.331130e-01,6.605905e-01
5.526930e-01,3.663168e-01,6.674108e-01,4.364528e-01,6.600673e-01
5.524106e-01,3.662181e-01,6.683548e-01,4.397631e-01,6.616349e-01
5.521568e-01,3.665386e-01,6.624611e-01,4.433794e-01,6.619261e-01
5.519421e-01,3.662538e-01,6.596549e-01,4.468587e-01,6.613555e-01
5.518087e-01,3.660126e-01,6.548666e-01,4.501415e-01,6.615713e-01
5.517146e-01,3.659365e-01,6.515414e-01,4.536783e-01,6.614052e-01
5.516632e-01,3.657348e-01,6.523209e-01,4.575287e-01,6.615368e-01
5.516648e-01,3.656345e-01,6.484765e-01,4.612696e-01,6.613733e-01
5.516964e-01,3.652913e-01,6.429778e-01,4.647518e-01,6.617179e-01
5.517787e-01,3.653876e-01,6.380524e-01,4.683816e-01,6.617285e-01
5.518839e-01,3.651811e-01,6.357855e-01,4.718564e-01,6.616738e-01
5.516545e-01,3.649349e-01,6.301472e-01,4.749407e-01,6.632518e-01
5.514340e-01,3.643814e-01,6.264010e-01,4.785599e-01,6.634783e-01
5.512710e-01,3.637602e-01,6.244847e-01,4.822719e-01,6.635189e-01
5.511605e-01,3.631050e-01,6.208968e-01,4.858179e-01,6.639091e-01
5.511104e-01,3.631303e-01,6.212706e-01,4.894233e-01,6.639502e-01
5.510811e-01,3.633245e-01,6.193285e-01,4.934788e-01,6.643374e-01
5.511057e-01,3.629814e-01,6.152231e-01,4.975953e-01,6.644359e-01
5.512083e-01,3.628990e-01,6.131152e-01,5.012929e-01,6.642371e-01
5.513717e-01,3.628041e-01,6.114489e-01,5.048820e-01,6.641496e-01
5.516281e-01,3.625420e-01,6.127453e-01,5.086010e-01,6.638795e-01
5.518593e-01,3.626710e-01,6.112758e-01,5.128845e-01,6.639313e-01
5.517515e-01,3.628810e-01,6.090987e-01,5.170371e-01,6.652636e-01
5.517653e-01,3.623705e-01,6.097651e-01,5.209160e-01,6.668783e-01
5.518720e-01,3.624201e-01,6.087416e-01,5.246463e-01,6.688944e-01
5.520167e-01,3.626838e-01,6.065112e-01,5.282434e-01,6.694207e-01
5.522298e-01,3.624589e-01,6.048875e-01,5.322793e-01,6.689373e-01
5.525046e-01,3.628079e-01,6.023103e-01,5.366442e-01,6.690041e-01
5.528306e-01,3.628964e-01,6.003459e-01,5.407607e-01,6.687107e-01
5.532374e-01,3.623340e-01,5.973535e-01,5.449472e-01,6.688464e-01
5.536834e-01,3.619964e-01,5.955164e-01,5.493507e-01,6.691259e-01
5.541939e-01,3.622056e-01,5.959897e-01,5.537151e-01,6.688641e-01
5.547591e-01,3.626761e-01,5.933753e-01,5.579222e-01,6.686015e-01
5.549539e-01,3.626728e-01,5.932839e-01,5.617160e-01,6.679824e-01
5.552471e-01,3.627503e-01,5.946460e-01,5.655074e-01,6.672658e-01
5.556431e-01,3.623609e-01,5.924325e-01,5.694890e-01,6.664970e-01
5.560878e-01,3.621292e-01,5.903843e-01,5.734744e-01,6.653552e-01
5.566181e-01,3.622688e-01,5.855813e-01,5.776026e-01,6.644963e-01
5.572023e-01,3.622271e-01,5.814592e-01,5.816179e-01,6.634963e-01
5.578977e-01,3.624631e-01,5.840245e-01,5.855022e-01,6.623798e-01
5.586276e-01,3.626659e-01,5.814888e-01,5.896533e-01,6.617148e-01
5.594637e-01,3.624023e-01,5.764696e-01,5.942456e-01,6.608435e-01
5.603025e-01,3.621655e-01,5.768585e-01,5.989610e-01,6.602727e-01
5.608194e-01,3.622237e-01,5.748446e-01,6.031349e-01,6.601592e-01
5.609940e-01,3.620436e-01,5.726007e-01,6.069480e-01,6.596141e-01
5.612072e-01,3.618737e-01,5.706055e-01,6.108126e-01,6.590918e-01
5.614341e-01,3.617328e-01,5.683124e-01,6.146818e-01,6.586172e-01
5.617168e-01,3.616085e-01,5.663841e-01,6.186248e-01,6.581762e-01
5.620253e-01,3.615168e-01,5.642249e-01,6.225882e-01,6.577930e-01
5.623868e-01,3.614468e-01,5.623066e-01,6.266170e-01,6.574506e-01
5.627832e-01,3.614080e-01,5.603034e-01,6.306809e-01,6.571646e-01
5.632243e-01,3.613926e-01,5.584062e-01,6.347958e-01,6.569219e-01
5.637009e-01,3.614033e-01,5.565246e-01,6.389480e-01,6.567255e-01
5.642108e-01,3.614342e-01,5.546799e-01,6.431368e-01,6.565661e-01
5.647458e-01,3.614813e-01,5.528608e-01,6.473529e-01,6.564363e-01
5.649232e-01,3.612995e-01,5.506915e-01,6.511591e-01,6.558907e-01
5.651259e-01,3.611338e-01,5.485461e-01,6.549958e-01,6.553744e-01
5.653616e-01,3.609890e-01,5.464317e-01,6.588721e-01,6.548958e-01
5.656351e-01,3.608683e-01,5.443530e-01,6.627940e-01,6.544609e-01
5.659497e-01,3.607737e-01,5.423131e-01,6.667651e-01,6.540732e-01
5.663068e-01,3.607062e-01,5.403138e-01,6.707865e-01,6.537346e-01
5.667063e-01,3.606658e-01,5.383552e-01,6.748579e-01,6.534452e-01
5.671468e-01,3.606515e-01,5.364361e-01,6.789771e-01,6.532031e-01
5.676251e-01,3.606613e-01,5.345537e-01,6.831401e-01,6.530048e-01
5.681360e-01,3.606920e-01,5.327030e-01,6.873408e-01,6.528444e-01
5.686723e-01,3.607389e-01,5.308769e-01,6.915710e-01,6.527134e-01
5.688484e-01,3.605573e-01,5.287146e-01,6.953631e-01,6.521690e-01
5.690501e-01,3.603919e-01,5.265753e-01,6.991879e-01,6.516537e-01
5.692849e-01,3.602472e-01,5.244655e-01,7.030547e-01,6.511759e-01
5.695578e-01,3.601266e-01,5.223900e-01,7.069701e-01,6.507415e-01
5.698721e-01,3.600321e-01,5.203518e-01,7.109378e-01,6.503541e-01
5.702292e-01,3.599646e-01,5.183525e-01,7.149593e-01,6.500156e-01
5.706291e-01,3.599241e-01,5.163923e-01,7.190340e-01,6.497258e-01
5.710702e-01,3.599097e-01,5.144700e-01,7.231597e-01,6.494832e-01
5.715493e-01,3.599193e-01,5.125828e-01,7.273321e-01,6.492841e-01
5.720612e-01,3.599498e-01,5.107262e-01,7.315449e-01,6.491227e-01
5.725988e-01,3.599965e-01,5.088931e-01,7.357891e-01,6.489905e-01
5.727736e-01,3.598151e-01,5.067377e-01,7.395672e-01,6.484472e-01
5.729743e-01,3.596499e-01,5.046044e-01,7.433799e-01,6.479330e-01
5.732082e-01,3.595054e-01,5.024993e-01,7.472373e-01,6.474560e-01
5.734806e-01,3.593849e-01,5.004271e-01,7.511462e-01,6.470221e-01
5.737946e-01,3.592904e-01,4.983905e-01,7.551105e-01,6.466351e-01
5.741517e-01,3.592229e-01,4.963912e-01,7.591320e-01,6.462965e-01
5.745518e-01,3.591824e-01,4.944293e-01,7.632101e-01,6.460064e-01
5.749935e-01,3.591678e-01,4.925038e-01,7.673422e-01,6.457633e-01
5.754734e-01,3.591773e-01,4.906119e-01,7.715241e-01,6.455634e-01
5.759865e-01,3.592076e-01,4.887493e-01,7.757489e-01,6.454010e-01
5.765252e-01,3.592541e-01,4.869093e-01,7.800071e-01,6.452676e-01
5.766974e-01,3.590727e-01,4.847615e-01,7.837655e-01,6.447259e-01
5.769015e-01,3.589085e-01,4.826322e-01,7.875847e-01,6.442113e-01
5.771219e-01,3.587617e-01,4.805373e-01,7.913801e-01,6.437389e-01
5.774196e-01,3.586465e-01,4.784572e-01,7.953896e-01,6.432980e-01
5.776880e-01,3.585430e-01,4.764416e-01,7.991633e-01,6.429244e-01
5.781160e-01,3.584896e-01,4.744120e-01,8.034780e-01,6.425652e-01
5.784159e-01,3.584289e-01,4.724914e-01,8.071434e-01,6.423042e-01
5.789914e-01,3.584410e-01,4.705057e-01,8.118338e-01,6.420216e-01
5.793056e-01,3.584170e-01,4.686803e-01,8.153356e-01,6.418695e-01
5.800238e-01,3.584879e-01,4.667246e-01,8.204169e-01,6.416466e-01
5.820542e-01,3.588324e-01,4.642410e-01,8.308582e-01,6.410776e-01
5.822078e-01,3.586478e-01,4.621075e-01,8.345310e-01,6.405422e-01
5.822396e-01,3.584496e-01,4.600573e-01,8.376295e-01,6.400785e-01
5.824953e-01,3.583101e-01,4.579517e-01,8.415648e-01,6.395963e-01
5.826014e-01,3.581568e-01,4.559564e-01,8.447772e-01,6.392117e-01
5.828939e-01,3.580582e-01,4.539321e-01,8.486486e-01,6.388312e-01
5.831141e-01,3.579633e-01,4.519912e-01,8.521033e-01,6.385326e-01
5.834459e-01,3.579088e-01,4.500555e-01,8.559025e-01,6.382621e-01
5.837708e-01,3.578705e-01,4.481739e-01,8.595596e-01,6.380522e-01
5.841509e-01,3.578594e-01,4.463160e-01,8.633405e-01,6.378803e-01
5.845501e-01,3.578660e-01,4.444909e-01,8.671090e-01,6.377496e-01
5.849724e-01,3.578882e-01,4.426878e-01,8.709030e-01,6.376486e-01
5.850190e-01,3.576826e-01,4.406065e-01,8.741235e-01,6.371452e-01
5.850863e-01,3.574919e-01,4.385467e-01,8.773616e-01,6.366718e-01
5.851820e-01,3.573208e-01,4.365137e-01,8.806290e-01,6.362368e-01
5.853114e-01,3.571723e-01,4.345115e-01,8.839336e-01,6.358458e-01
5.854777e-01,3.570486e-01,4.325426e-01,8.872803e-01,6.355023e-01
5.856824e-01,3.569506e-01,4.306084e-01,8.906708e-01,6.352082e-01
5.859254e-01,3.568782e-01,4.287090e-01,8.941049e-01,6.349634e-01
5.862053e-01,3.568307e-01,4.268436e-01,8.975798e-01,6.347662e-01
5.865188e-01,3.568059e-01,4.250099e-01,9.010905e-01,6.346132e-01
5.868605e-01,3.568006e-01,4.232039e-01,9.046290e-01,6.344986e-01
5.872230e-01,3.568103e-01,4.214199e-01,9.081840e-01,6.344142e-01
5.872082e-01,3.565929e-01,4.193712e-01,9.111420e-01,6.339295e-01
5.872144e-01,3.563904e-01,4.173430e-01,9.141192e-01,6.334747e-01
5.872490e-01,3.562074e-01,4.153405e-01,9.171276e-01,6.330580e-01
5.873174e-01,3.560469e-01,4.133673e-01,9.201757e-01,6.326851e-01
5.874228e-01,3.559112e-01,4.114260e-01,9.232683e-01,6.323596e-01
5.875667e-01,3.558010e-01,4.095177e-01,9.264075e-01,6.320832e-01
5.877492e-01,3.557164e-01,4.076427e-01,9.295930e-01,6.318558e-01
5.879687e-01,3.556565e-01,4.058001e-01,9.328219e-01,6.316759e-01
5.882218e-01,3.556193e-01,4.039877e-01,9.360890e-01,6.315399e-01
5.885034e-01,3.556016e-01,4.022019e-01,9.393860e-01,6.314421e-01
5.888058e-01,3.555988e-01,4.004371e-01,9.427013e-01,6.313744e-01
5.887300e-01,3.553697e-01,3.984210e-01,9.453977e-01,6.309083e-01
5.886751e-01,3.551554e-01,3.964244e-01,9.481146e-01,6.304720e-01
5.886488e-01,3.549604e-01,3.944522e-01,9.508648e-01,6.300736e-01
5.886563e-01,3.547880e-01,3.925081e-01,9.536567e-01,6.297189e-01
5.887009e-01,3.546402e-01,3.905942e-01,9.564954e-01,6.294113e-01
5.887841e-01,3.545179e-01,3.887119e-01,9.593833e-01,6.291525e-01
5.889060e-01,3.544211e-01,3.868613e-01,9.623199e-01,6.289427e-01
5.890649e-01,3.543488e-01,3.850415e-01,9.653024e-01,6.287800e-01
5.892576e-01,3.542992e-01,3.832506e-01,9.683254e-01,6.286611e-01
5.894789e-01,3.542690e-01,3.814851e-01,9.713802e-01,6.285802e-01
5.897210e-01,3.542536e-01,3.797396e-01,9.744549e-01,6.285292e-01
5.901007e-01,3.543216e-01,3.780704e-01,9.777687e-01,6.286295e-01
5.883714e-01,3.531305e-01,3.751194e-01,9.774862e-01,6.264995e-01
5.929088e-01,3.556892e-01,3.759984e-01,9.878385e-01,6.310259e-01
5.834962e-01,3.499075e-01,3.683694e-01,9.744743e-01,6.207588e-01
5.998961e-01,3.595652e-01,3.765022e-01,1.004952e+00,6.378869e-01
5.742700e-01,3.440915e-01,3.589896e-01,9.640119e-01,6.104318e-01
6.107169e-01,3.657430e-01,3.793737e-01,1.028518e+00,6.488459e-01
5.625238e-01,3.367777e-01,3.481021e-01,9.492033e-01,5.974621e-01
6.230386e-01,3.728274e-01,3.831853e-01,1.054579e+00,6.614274e-01
5.490066e-01,3.284153e-01,3.361780e-01,9.313026e-01,5.826459e-01
