0.933642183,0.480395924,0,0,0.370075383
0.93145736,0.481684497,0,0,0.37066618
0.929272538,0.482973069,0,0,0.371256978
0.927087716,0.484261642,0,0,0.371847775
0.924902894,0.485550214,0,0,0.372438573
0.922718071,0.486838787,0,0,0.37302937
0.920533249,0.488127359,0,0,0.373620168
0.918348427,0.489415931,0,0,0.374210965
0.916163605,0.490704504,0,0,0.374801763
0.913978782,0.491993076,0,0,0.375392561
0.91179396,0.493281649,0,0,0.375983358
0.909609138,0.494570221,0,0,0.376574156
0.907424316,0.495858794,0,0,0.377164953
0.905239493,0.497147366,0,0,0.377755751
0.903054671,0.498435939,0,0,0.378346548
0.900869849,0.499724511,0,0,0.378937346
0.898685027,0.501013084,0,0,0.379528143
0.896500204,0.502301656,0,0,0.380118941
0.894315382,0.503590229,0,0,0.380709739
0.89213056,0.504878801,0,0,0.381300536
0.889945738,0.506167374,0,0,0.381891334
0.887760915,0.507455946,0,0,0.382482131
0.885576093,0.508744519,0,0,0.383072929
0.883391271,0.510033091,0,0,0.383663726
0.881206449,0.511321664,0,0,0.384254524
0.879021626,0.512610236,0,0,0.384845321
0.876836804,0.513898809,0,0,0.385436119
0.874651982,0.515187381,0,0,0.386026917
0.87246716,0.516475954,0,0,0.386617714
0.870282337,0.517764526,0,0,0.387208512
0.868097515,0.519053099,0,0,0.387799309
0.865912693,0.520341671,0,0,0.388390107
0.863727871,0.521630244,0,0,0.388980904
0.861543048,0.522918816,0,0,0.389571702
0.859358226,0.524207389,0,0,0.390162499
0.857173404,0.525495961,0,0,0.390753297
0.854988582,0.526784534,0,0,0.391344095
0.852803759,0.528073106,0,0,0.391934892
0.850618937,0.529361679,0,0,0.39252569
0.848434115,0.530650251,0,0,0.393116487
0.846249293,0.531938823,0,0,0.393707285
0.84406447,0.533227396,0,0,0.394298082
0.841879648,0.534515968,0,0,0.39488888
0.839694826,0.535804541,0,0,0.395479677
0.837510004,0.537093113,0,0,0.396070475
0.835325181,0.538381686,0,0,0.396661273
0.833140359,0.539670258,0,0,0.39725207
0.830955537,0.540958831,0,0,0.397842868
0.828770715,0.542247403,0,0,0.398433665
0.826585892,0.543535976,0,0,0.399024463
0.82440107,0.544824548,0,0,0.39961526
0.822216248,0.546113121,0,0,0.400206058
0.820031426,0.547401693,0,0,0.400796855
0.817846603,0.548690266,0,0,0.401387653
0.815661781,0.549978838,0,0,0.401978451
0.813476959,0.551267411,0,0,0.402569248
0.811292137,0.552555983,0,0,0.403160046
0.809107314,0.553844556,0,0,0.403750843
0.806922492,0.555133128,0,0,0.404341641
0.80473767,0.556421701,0,0,0.404932438
0.802552848,0.557710273,0,0,0.405523236
0.800368025,0.558998846,0,0,0.406114033
0.798183203,0.560287418,0,0,0.406704831
0.795998381,0.561575991,0,0,0.407295629
0.793813559,0.562864563,0,0,0.407886426
0.791628736,0.564153136,0,0,0.408477224
0.789443914,0.565441708,0,0,0.409068021
0.787259092,0.566730281,0,0,0.409658819
0.78507427,0.568018853,0,0,0.410249616
0.782889447,0.569307426,0,0,0.410840414
0.780704625,0.570595998,0,0,0.411431211
0.778519803,0.57188457,0,0,0.412022009
0.776334981,0.573173143,0,0,0.412612807
0.774150158,0.574461715,0,0,0.413203604
0.771965336,0.575750288,0,0,0.413794402
0.769780514,0.57703886,0,0,0.414385199
0.767595692,0.578327433,0,0,0.414975997
0.765410869,0.579616005,0,0,0.415566794
0.763226047,0.580904578,0,0,0.416157592
0.761041225,0.58219315,0,0,0.416748389
0.758856403,0.583481723,0,0,0.417339187
0.75667158,0.584770295,0,0,0.417929985
0.754486758,0.586058868,0,0,0.418520782
0.752301936,0.58734744,0,0,0.41911158
0.750117114,0.588636013,0,0,0.419702377
0.747932291,0.589924585,0,0,0.420293175
0.745747469,0.591213158,0,0,0.420883972
0.743562647,0.59250173,0,0,0.42147477
0.741377825,0.593790303,0,0,0.422065567
0.739193002,0.595078875,0,0,0.422656365
0.73700818,0.596367448,0,0,0.423247163
0.734823358,0.59765602,0,0,0.42383796
0.732638536,0.598944593,0,0,0.424428758
0.730453713,0.600233165,0,0,0.425019555
0.728268891,0.601521738,0,0,0.425610353
0.726084069,0.60281031,0,0,0.42620115
0.723899247,0.604098883,0,0,0.426791948
0.721714425,0.605387455,0,0,0.427382745
0.719529602,0.606676028,0,0,0.427973543
0.71734478,0.6079646,0,0,0.428564341
0.720948989,0.601836056,0,0,0.432584092
0.719817483,0.597294234,0,0,0.436000491
0.718375454,0.593443146,0,0,0.439263797
0.71500665,0.591284639,0,0,0.442428483
0.711714245,0.590078193,0,0,0.444778746
0.710223156,0.589354442,0,0,0.44710012
0.707895019,0.589254329,0,0,0.448092066
0.704968629,0.589373883,0,0,0.449380539
0.702067942,0.593248028,0,0,0.45032746
0.699495368,0.594797868,0,0,0.451031096
0.697077402,0.595952221,0,0,0.44949167
0.694573992,0.598860193,0,0,0.44975415
0.695830607,0.602039741,0,0,0.450059336
0.692624256,0.607956201,0,0,0.447951643
0.689346516,0.612985218,0,0,0.447617737
0.685951398,0.616475616,0,0,0.446993983
0.682569948,0.621962275,0,0,0.446156289
0.678299666,0.627083314,0,0,0.445094767
0.674745337,0.632740283,0,0,0.443885157
0.671299094,0.638543324,0,0,0.442431187
0.667130505,0.643434995,0,0,0.440765957
0.663823684,0.649306989,0,0,0.436809999
0.660525046,0.65316626,0,0,0.433195755
0.657200664,0.657214161,0,0,0.432022557
0.653749684,0.664955737,0,0,0.429881205
0.650186328,0.6686658,0,0,0.425868849
0.646790708,0.673472361,0,0,0.422023233
0.642553856,0.677841868,0,0,0.420439925
0.639289781,0.682132531,0,0,0.41682376
0.642223244,0.686572778,0,0,0.415160045
0.638505883,0.691204264,0,0,0.4137253
0.634677291,0.695700345,0,0,0.410076107
0.631002478,0.700822958,0,0,0.40880479
0.627260259,0.705790545,0,0,0.40773785
0.626259502,0.710389007,0,0,0.406527728
0.626045574,0.715078031,0,0,0.405051164
0.62540198,0.720882889,0,0,0.403513627
0.624530827,0.726878728,0,0,0.402397564
0.623511846,0.733409468,0,0,0.400761931
0.621983093,0.738845963,0,0,0.399161561
0.619483836,0.748216944,0,0,0.397471969
0.617085384,0.756038631,0,0,0.394710873
0.613101721,0.763307648,0,0,0.390810358
0.610495446,0.769837592,0,0,0.389169378
0.60704457,0.779652185,0,0,0.38733021
0.601228158,0.78763884,0,0,0.385217759
0.597834443,0.795281403,0,0,0.381337946
0.593635682,0.80284345,0,0,0.379508664
0.589453043,0.809432483,0,0,0.378065447
0.584771181,0.816110477,0,0,0.376369575
0.579918827,0.823010275,0,0,0.375104389
0.578446993,0.831313092,0,0,0.373816791
0.572507875,0.838439351,0,0,0.370080876
0.565217663,0.845924538,0,0,0.367216742
0.558739772,0.856356779,0,0,0.36681551
0.552124914,0.866061252,0,0,0.366214234
0.543144987,0.875707865,0,0,0.365611129
0.534734535,0.885164851,0,0,0.365025298
0.52651339,0.892721482,0,0,0.364615769
0.518513605,0.901078318,0,0,0.364095297
0.510606591,0.907987318,0,0,0.363878412
0.503080722,0.916669963,0,0,0.363531767
0.502478396,0.924950306,0,0,0.363241566
0.495289371,0.933110199,0,0,0.363199048
0.494579082,0.941174817,0,0,0.362919076
0.486295552,0.948654931,0,0,0.362711531
0.480544878,0.955679034,0,0,0.362597961
0.472026715,0.962944226,0,0,0.362869105
0.469800689,0.969524042,0,0,0.363111987
0.464170472,0.975013608,0,0,0.363309174
0.458784606,0.980196209,0,0,0.363514755
0.453859943,0.983650734,0,0,0.364067412
0.448451157,0.988267474,0,0,0.36378723
0.44348485,0.992303907,0,0,0.363413212
0.438329662,0.995535516,0,0,0.363088273
0.435204317,0.998299975,0,0,0.363314154
0.430451207,0.999635689,0,0,0.363806717
0.426055325,1,0,0,0.364849664
0.42123975,0.998890922,0,0,0.36570173
0.416621621,0.99851854,0,0,0.366947518
0.412564297,0.997875802,0,0,0.368549213
0.408333731,0.993931474,0,0,0.370378934
0.404687876,0.991224217,0,0,0.372586133
0.401159254,0.989617861,0,0,0.375490032
0.400282421,0.987072485,0,0,0.378652006
0.396951978,0.983226796,0,0,0.382394767
0.393835799,0.977909164,0,0,0.385803513
0.391400568,0.972947158,0,0,0.389332754
0.389773258,0.9669696,0,0,0.393072546
0.387796303,0.960457167,0,0,0.397230026
0.385976406,0.951438753,0,0,0.401665686
0.385162148,0.942143153,0,0,0.406556945
0.382502744,0.933313163,0,0,0.411836629
0.384186437,0.922760156,0,0,0.417337131
0.383578646,0.91160712,0,0,0.422963633
0.385641103,0.89962279,0,0,0.42925163
0.385871709,0.886329334,0,0,0.435439581
0.386199376,0.870155293,0,0,0.442307138
0.384670776,0.85552243,0,0,0.449559557
0.378590591,0.848069485,0,0,0.452822944
0.375357184,0.836422189,0,0,0.456168639
0.373036697,0.826199777,0,0,0.459924852
0.37299673,0.816327004,0,0,0.463266475
0.37358075,0.805100834,0,0,0.466938439
0.372598724,0.793768674,0,0,0.470103531
0.372185515,0.781572122,0,0,0.474198839
0.37218712,0.770386522,0,0,0.477541931
0.373389276,0.755284927,0,0,0.480901509
0.373911902,0.742594566,0,0,0.484464271
0.375719549,0.729324286,0,0,0.490094903
0.37771141,0.71509076,0,0,0.493728411
0.37607968,0.70064575,0,0,0.497391995
0.378754675,0.683135243,0,0,0.502438003
0.381529748,0.665390588,0,0,0.5057293
0.384684345,0.649290648,0,0,0.50924995
0.3889009,0.630463047,0,0,0.513948566
0.393461083,0.613212895,0,0,0.518542026
0.397974967,0.597240446,0,0,0.522873064
0.40368491,0.57972175,0,0,0.527272609
0.410653406,0.562876986,0,0,0.531215446
0.417643346,0.544339203,0,0,0.537476317
0.4242519,0.528948623,0,0,0.543965779
0.431225016,0.512843426,0,0,0.548323465
0.438781645,0.493845354,0,0,0.552945115
0.446696387,0.48036194,0,0,0.560071655
0.455015892,0.464741586,0,0,0.567445857
0.465802023,0.449970341,0,0,0.572820181
0.474702297,0.435852457,0,0,0.579601946
0.47829956,0.420696278,0,0,0.584850139
0.487451143,0.40750782,0,0,0.589947073
0.495620211,0.39397119,0,0,0.597386882
0.503631052,0.380742179,0,0,0.601844294
0.51448014,0.367245741,0,0,0.606534467
0.52253819,0.35638776,0,0,0.611313758
0.528690238,0.344594265,0,0,0.616404959
0.534754579,0.33229161,0,0,0.621499356
0.540794093,0.321232571,0,0,0.626293246
0.546470732,0.310550608,0,0,0.631015084
0.552447867,0.301073998,0,0,0.636158921
0.558545869,0.289441268,0,0,0.641364711
0.563982815,0.281483181,0,0,0.64696998
0.570918673,0.272849221,0,0,0.65490341
0.57639753,0.265221303,0,0,0.660746129
0.582079074,0.254846853,0,0,0.666304177
0.590037079,0.247211002,0,0,0.671950507
0.595321185,0.240191433,0,0,0.680323411
0.601222879,0.233939045,0,0,0.686339178
0.606641928,0.22881467,0,0,0.692150981
0.611656573,0.225745026,0,0,0.698901453
0.616392671,0.223084635,0,0,0.705029354
0.617513222,0.219751825,0,0,0.711486252
0.622783575,0.218614071,0,0,0.720911234
0.629003389,0.21838607,0,0,0.729633613
0.634489179,0.21557602,0,0,0.736328288
0.639532541,0.212951228,0,0,0.742805352
0.646853633,0.210626833,0,0,0.748763033
0.6539622,0.208844293,0,0,0.755201642
0.661697503,0.209153113,0,0,0.76097123
0.66990826,0.208221339,0,0,0.76713865
0.677851726,0.210476194,0,0,0.772691138
0.686047977,0.210195003,0,0,0.778935422
0.686799754,0.211353263,0,0,0.784501083
0.694009297,0.212051587,0,0,0.790749135
0.694523949,0.211655654,0,0,0.796306262
0.702196602,0.211166778,0,0,0.802242674
0.70749677,0.211957283,0,0,0.809181597
0.715492335,0.213455103,0,0,0.815721451
0.717222596,0.213218621,0,0,0.822144726
0.722477341,0.214033509,0,0,0.828328338
0.727117362,0.214271926,0,0,0.83490916
0.731943827,0.217672448,0,0,0.841045275
0.736906126,0.218331658,0,0,0.847916195
0.741540142,0.218766903,0,0,0.854347507
0.746089451,0.217797407,0,0,0.861348225
0.748566139,0.218326138,0,0,0.867817727
0.753338875,0.218481291,0,0,0.874254456
0.757942107,0.218476883,0,0,0.88057301
0.763430873,0.219629488,0,0,0.886994042
0.768121667,0.220332799,0,0,0.893472957
0.772404176,0.21981222,0,0,0.899739882
0.776622098,0.222927538,0,0,0.905383234
0.78057275,0.224404055,0,0,0.911347406
0.78461457,0.223229954,0,0,0.916720137
0.786013675,0.22345303,0,0,0.921673939
0.79102651,0.22405229,0,0,0.926095717
0.796065447,0.22482394,0,0,0.931011034
0.800648461,0.223133638,0,0,0.935935194
0.805084076,0.221382397,0,0,0.940853548
0.808600899,0.221144598,0,0,0.945354131
0.812481716,0.220023856,0,0,0.950522858
0.814889211,0.217373273,0,0,0.954676981
0.819888324,0.214696957,0,0,0.959074583
0.819983645,0.211682285,0,0,0.963419116
0.822859409,0.210862091,0,0,0.967548228
0.822695804,0.207506632,0,0,0.970929493
0.824598103,0.203307918,0,0,0.974898785
0.826793197,0.201550776,0,0,0.978230933
0.829902496,0.196764352,0,0,0.98058594
0.832000835,0.191208447,0,0,0.983448902
0.834935076,0.189585522,0,0,0.987060764
0.83747134,0.187525144,0,0,0.989267797
0.840469528,0.183196977,0,0,0.991746315
0.842764745,0.178492174,0,0,0.993932686
0.845270975,0.175269489,0,0,0.99570519
0.848195658,0.171473761,0,0,0.996881753
0.852136629,0.166987918,0,0,0.997225762
0.856464716,0.162046094,0,0,0.998585892
0.861575782,0.158397702,0,0,0.998212076
0.865271499,0.154766264,0,0,0.998969844
0.869133388,0.152239036,0,0,0.999564486
0.872433313,0.148157922,0,0,0.998586798
0.875258094,0.14304847,0,0,0.999091138
0.878341719,0.138755315,0,0,0.999991322
0.882340434,0.134278596,0,0,1
0.885080633,0.13230963,0,0,0.99927359
0.889570363,0.128474383,0,0,0.997727437
0.893239267,0.1223855,0,0,0.996647393
0.896118014,0.116897874,0,0,0.995203575
0.898913584,0.111865094,0,0,0.993838563
0.901580203,0.1078918,0,0,0.992685807
0.903592073,0.102183633,0,0,0.990990872
0.906594212,0.096793438,0,0,0.987446349
0.908930776,0.091412399,0,0,0.985576161
0.91177,0.085155572,0,0,0.983127339
0.914018853,0.079106262,0,0,0.980517933
0.915990425,0.07306325,0,0,0.977352886
0.918073808,0.066577035,0,0,0.975594753
0.919559583,0.061280412,0,0,0.972172602
0.921107635,0.055616164,0,0,0.969886622
0.924605696,0.050914628,0,0,0.967228596
0.929127605,0.045900255,0,0,0.965296612
0.930104624,0.040971602,0,0,0.962215052
0.931343236,0.03392623,0,0,0.959440256
0.932612027,0.029017446,0,0,0.957405487
0.93401009,0.025423939,0,0,0.955138766
0.935174797,0.022641107,0,0,0.952636791
0.937226084,0.018896864,0,0,0.950198163
0.937339306,0.016056388,0,0,0.947620096
0.937813735,0.012312012,0,0,0.945266483
0.938063665,0.008118775,0,0,0.943175983
0.938547929,0.006442845,0,0,0.940294451
0.939892869,0.005243571,0,0,0.936973419
0.940573841,0.003152912,0,0,0.93419612
0.941627361,0.002560245,0,0,0.932069513
0.941351797,0.001761567,0,0,0.929403643
0.941291999,0.001276653,0,0,0.926255973
0.941193282,0.00065918,0,0,0.924114451
0.942150045,0.00067942,0,0,0.921370929
0.942511162,0.000778014,0,0,0.918513842
0.941980035,0.001104669,0,0,0.915770534
0.941595762,0.001809238,0,0,0.911934264
0.941051449,0.001631861,0,0,0.909143381
0.940346202,0.000372499,0,0,0.906420116
0.939322628,0,0,0,0.90361303
0.938577265,0.000705907,0,0,0.901067239
0.937563844,0.00039914,0,0,0.898092212
0.93754832,0.000616865,0,0,0.896009928
0.93640087,0.002591367,0,0,0.893724284
0.935058603,0.003316388,0,0,0.891879145
0.934105159,0.005490082,0,0,0.889190697
0.932027631,0.005090179,0,0,0.887450017
0.929895198,0.004370441,0,0,0.884492865
0.927720561,0.004693349,0,0,0.882376932
0.925185238,0.007296682,0,0,0.879902729
0.923809805,0.008693546,0,0,0.876651315
0.923576755,0.006649073,0,0,0.873126167
0.922232281,0.008376577,0,0,0.869157405
0.921735581,0.008890208,0,0,0.8658422
0.922549592,0.009806876,0,0,0.861359188
0.922796749,0.009404843,0,0,0.857429493
0.922242039,0.009545247,0,0,0.853449366
0.921879854,0.009297954,0,0,0.85001755
0.921613741,0.009896547,0,0,0.845964405
0.922822102,0.010091602,0,0,0.841319572
0.923181992,0.010650181,0,0,0.836952586
0.922391188,0.013027686,0,0,0.833379713
0.922201501,0.01639845,0,0,0.829036985
0.92324249,0.018620065,0,0,0.826626397
0.924328337,0.020982395,0,0,0.821739598
0.925419862,0.021820431,0,0,0.817532259
0.927004482,0.022192078,0,0,0.813121678
0.928996614,0.025632537,0,0,0.80898053
0.930875479,0.026498046,0,0,0.805003658
0.932157861,0.026026621,0,0,0.800784097
0.934040727,0.026346932,0,0,0.796717181
0.935186221,0.029783238,0,0,0.792509765
0.936098899,0.033523436,0,0,0.788885714
0.938838024,0.035127866,0,0,0.785869807
0.942273603,0.038110283,0,0,0.783725539
0.946618599,0.042671273,0,0,0.782527879
0.950238777,0.046620081,0,0,0.780546986
0.952330883,0.050478251,0,0,0.776547398
0.95364234,0.050587845,0,0,0.772792569
0.956108451,0.053845521,0,0,0.771620729
0.957144058,0.058572244,0,0,0.768136099
0.957831971,0.06312979,0,0,0.765985597
0.960576843,0.070198755,0,0,0.763023757
0.962501103,0.078114036,0,0,0.759684474
0.965440751,0.084229483,0,0,0.755963754
0.969173719,0.089852956,0,0,0.752990837
0.971898861,0.095850165,0,0,0.749516719
0.974568823,0.102809945,0,0,0.746140208
0.977261505,0.107242519,0,0,0.742757497
0.979553641,0.113054825,0,0,0.740306
0.98154396,0.119926696,0,0,0.738796792
0.983085583,0.126764798,0,0,0.737026277
0.98338295,0.131249897,0,0,0.736292543
0.984657004,0.137039028,0,0,0.734475559
0.985109415,0.140943109,0,0,0.732393136
0.985764548,0.147017447,0,0,0.733367913
0.987375476,0.152854678,0,0,0.731835893
0.988815978,0.159811311,0,0,0.729489155
0.989370106,0.166971644,0,0,0.730017979
0.990093763,0.170001794,0,0,0.727663634
0.991114054,0.176252659,0,0,0.726283505
0.993796129,0.181368433,0,0,0.724822848
0.994558104,0.18700869,0,0,0.723084454
0.996618189,0.192427584,0,0,0.721299121
0.997189454,0.196079118,0,0,0.719345183
0.999850035,0.202792095,0,0,0.717558459
0.999627315,0.207832926,0,0,0.719531298
1,0.213743439,0,0,0.72036395
0.998821504,0.220225364,0,0,0.719685087
0.997842094,0.225399281,0,0,0.718743687
0.995471644,0.233015348,0,0,0.720043988
0.99414315,0.239980648,0,0,0.720446754
0.992037926,0.24768907,0,0,0.720575604
0.986938661,0.253767048,0,0,0.72112679
0.983254297,0.260638073,0,0,0.719992726
0.978721614,0.267257011,0,0,0.718943692
0.974993883,0.275925836,0,0,0.720458783
0.970459964,0.285297262,0,0,0.719441381
0.966680226,0.294909975,0,0,0.71756016
0.962232287,0.305185719,0,0,0.715831211
0.957410212,0.314404996,0,0,0.714758963
0.951741543,0.32222958,0,0,0.715634421
0.947123829,0.331978963,0,0,0.714100393
0.941299474,0.341653999,0,0,0.712214964
0.935814272,0.350153448,0,0,0.711044703
0.92989569,0.356183297,0,0,0.709824014
0.92200007,0.362644893,0,0,0.709046437
0.913574714,0.370210253,0,0,0.709475798
0.904703314,0.377258273,0,0,0.707939111
0.897687863,0.38294108,0,0,0.706277621
0.889343671,0.390314642,0,0,0.705817241
0.88093983,0.397261475,0,0,0.706244174
0.871540893,0.403664359,0,0,0.704647049
0.862223724,0.411080971,0,0,0.703005968
0.853728517,0.418037761,0,0,0.701555977
0.843837371,0.422486645,0,0,0.700483606
0.830374192,0.427185624,0,0,0.698688891
0.818799486,0.433925392,0,0,0.698262848
0.811951516,0.440220903,0,0,0.69804018
0.808090417,0.441560091,0,0,0.695816179
0.797026539,0.444589496,0,0,0.693890663
0.788015383,0.448588163,0,0,0.69160353
0.779106901,0.451529151,0,0,0.689239778
0.770849861,0.45532843,0,0,0.686869797
0.762120707,0.45533894,0,0,0.684843483
0.754932892,0.45900825,0,0,0.682210496
0.747861601,0.460062311,0,0,0.679736938
0.73340011,0.462843468,0,0,0.677759796
0.726402336,0.463423873,0,0,0.675539058
0.713099909,0.463850005,0,0,0.673189095
0.710402996,0.465874876,0,0,0.670772354
0.701400284,0.465890661,0,0,0.668809233
0.695493684,0.466345861,0,0,0.665746961
0.682661425,0.466237793,0,0,0.663371911
0.673235366,0.4655516,0,0,0.660671193
0.666171242,0.463766917,0,0,0.658327255
0.659409833,0.464330328,0,0,0.655731569
0.656261019,0.463838918,0,0,0.653281589
0.64918803,0.46361836,0,0,0.651562011
0.64574195,0.464050898,0,0,0.65017603
0.641016327,0.463482582,0,0,0.647359718
0.636292626,0.460712493,0,0,0.645356076
0.631365144,0.45977027,0,0,0.641215891
0.627265689,0.460721011,0,0,0.639452796
0.624981005,0.460014408,0,0,0.638174408
0.622868961,0.461561073,0,0,0.636507066
0.620842203,0.462875911,0,0,0.63483305
0.619010733,0.463414611,0,0,0.633032615
0.618231382,0.464400703,0,0,0.63145138
0.616610581,0.466810459,0,0,0.629958092
0.619047361,0.466099139,0,0,0.629337718
0.61828128,0.466827112,0,0,0.62820081
0.616887863,0.466568334,0,0,0.627224664
0.614762536,0.469128616,0,0,0.624396629
0.612463588,0.469827557,0,0,0.620996351
0.612959545,0.472270989,0,0,0.617440352
0.612405709,0.475683573,0,0,0.616005352
0.614777435,0.477899346,0,0,0.614882117
0.615291763,0.479573365,0,0,0.610733505
0.616570941,0.482716589,0,0,0.609158634
0.617946683,0.485898262,0,0,0.606345581
0.619686603,0.487476868,0,0,0.605424476
0.624089551,0.490891803,0,0,0.604736328
0.630722394,0.492077934,0,0,0.60351136
0.634873025,0.494456104,0,0,0.601536863
0.639843584,0.497858672,0,0,0.600568577
0.645185883,0.501306394,0,0,0.59944326
0.650809576,0.504894394,0,0,0.599049868
0.656966274,0.508296393,0,0,0.598340616
0.663176006,0.510545853,0,0,0.597716499
0.668255686,0.514625271,0,0,0.596380727
0.674170049,0.518616785,0,0,0.595677165
0.679013621,0.521681897,0,0,0.594772439
0.685608031,0.525780705,0,0,0.594362334
0.691091702,0.529381861,0,0,0.590748345
0.695582357,0.534492972,0,0,0.591475284
0.700086488,0.538609975,0,0,0.590281841
0.704846042,0.544134374,0,0,0.585932396
0.710702274,0.552349673,0,0,0.584028475
0.713825252,0.557325582,0,0,0.58227637
0.715883136,0.564484526,0,0,0.580142866
0.719960823,0.570475158,0,0,0.580167479
0.720610308,0.577092193,0,0,0.579772946
0.722203515,0.586770166,0,0,0.579649889
0.722010282,0.593371838,0,0,0.583533192
0.723469988,0.60265141,0,0,0.584935447
0.72204363,0.612255827,0,0,0.582524341
0.722431861,0.619453916,0,0,0.581659179
0.722914916,0.627512501,0,0,0.582632286
0.72273223,0.634878273,0,0,0.580398391
0.721461769,0.644488664,0,0,0.578215392
0.719540472,0.651565425,0,0,0.579052521
0.721343947,0.659363349,0,0,0.577110009
0.721052513,0.669429154,0,0,0.577547342
0.720052577,0.677000529,0,0,0.578256237
0.719209768,0.684365922,0,0,0.577229991
0.719724947,0.692042923,0,0,0.578874266
0.717504831,0.700523349,0,0,0.58440128
0.715065579,0.70651863,0,0,0.586024383
0.713063263,0.714355687,0,0,0.587167151
0.710131938,0.724595127,0,0,0.586859122
0.706743226,0.732468001,0,0,0.588553146
0.703836459,0.738401952,0,0,0.594115044
0.700619438,0.746190326,0,0,0.595449052
0.696472805,0.754246636,0,0,0.596974165
0.69279407,0.761752356,0,0,0.598874022
0.690221555,0.770244281,0,0,0.599421753
0.686630896,0.776127156,0,0,0.605168117
0.682350566,0.78519161,0,0,0.610638956
0.679053834,0.789531926,0,0,0.612316146
0.675169429,0.796057353,0,0,0.612916626
0.670520061,0.80087612,0,0,0.618286545
0.665128428,0.805075256,0,0,0.623591186
0.659592428,0.810125403,0,0,0.624398506
0.656058251,0.814883782,0,0,0.625328953
0.656986031,0.820633389,0,0,0.626834885
0.655995003,0.824515583,0,0,0.626308613
0.650974695,0.829349862,0,0,0.626355395
0.64211416,0.836072001,0,0,0.627701898
0.640598273,0.843048418,0,0,0.629353855
0.635374163,0.84721966,0,0,0.631170019
0.631064773,0.85224897,0,0,0.633032869
0.626414211,0.854211627,0,0,0.634906653
0.621140599,0.861147957,0,0,0.636399946
0.61577287,0.864707041,0,0,0.642288465
0.610077648,0.870026827,0,0,0.644144047
0.611618013,0.872970632,0,0,0.645580239
0.607160004,0.877004699,0,0,0.646989078
0.608645186,0.880230406,0,0,0.648856819
0.59982439,0.885296143,0,0,0.65403406
0.598408057,0.889111531,0,0,0.658623863
0.593412592,0.890705434,0,0,0.661770224
0.595787993,0.89357872,0,0,0.664786147
0.595390766,0.89575517,0,0,0.665634064
0.59484556,0.900376363,0,0,0.665460231
0.592923573,0.902032663,0,0,0.665706449
0.589600057,0.906188468,0,0,0.669737292
0.589805452,0.909126738,0,0,0.669960596
0.586825272,0.91347149,0,0,0.669748254
0.586896601,0.916591053,0,0,0.669929782
0.586516846,0.921118652,0,0,0.674019512
0.587020371,0.924644804,0,0,0.673354659
0.587102539,0.926583506,0,0,0.673017628
0.587462085,0.930860283,0,0,0.67576718
0.589063174,0.933572213,0,0,0.674457724
0.590379155,0.933485303,0,0,0.673684493
0.592703339,0.935505915,0,0,0.674614959
0.595023571,0.938361891,0,0,0.673844086
0.598079817,0.93898437,0,0,0.676914925
0.598193587,0.938804499,0,0,0.675586659
0.600687789,0.938633737,0,0,0.674578447
0.60411163,0.940147669,0,0,0.672933516
0.607416483,0.939877337,0,0,0.67125935
0.611612351,0.940722417,0,0,0.672043151
0.613812257,0.938346687,0,0,0.67054572
0.619349153,0.938199034,0,0,0.669382212
0.623283334,0.938490116,0,0,0.668081731
0.628517423,0.940160382,0,0,0.668056517
0.63495707,0.939149967,0,0,0.666793381
0.641659756,0.938461218,0,0,0.665526286
0.648207744,0.938197208,0,0,0.66382983
0.652603041,0.934701653,0,0,0.662060905
0.654969555,0.935637892,0,0,0.661276809
0.658336066,0.936128323,0,0,0.661078833
0.662560637,0.934986493,0,0,0.660334076
0.666894789,0.932005284,0,0,0.66164483
0.669474973,0.930493261,0,0,0.660599378
0.673191476,0.931574556,0,0,0.659583917
0.675990977,0.932873517,0,0,0.658130485
0.678993635,0.931049458,0,0,0.657000959
0.682882171,0.930810161,0,0,0.658922326
0.686452726,0.930666219,0,0,0.657614239
0.688719085,0.929866631,0,0,0.659278442
0.69204857,0.927835008,0,0,0.658811501
0.695620133,0.926472296,0,0,0.657453303
0.699196413,0.92572412,0,0,0.655856616
0.703011647,0.923566284,0,0,0.659517305
0.704934688,0.921958471,0,0,0.659985418
0.708407465,0.919365988,0,0,0.659986572
0.711094815,0.914809528,0,0,0.660355279
0.71366898,0.912905244,0,0,0.659826814
0.716896122,0.909894113,0,0,0.664236857
0.720136161,0.907142203,0,0,0.668550862
0.722521693,0.904659204,0,0,0.664952076
0.724640533,0.902094028,0,0,0.661374789
0.729531848,0.898790207,0,0,0.661242891
0.733085008,0.897066431,0,0,0.661797302
0.736548013,0.896151126,0,0,0.660885757
0.739831492,0.893748731,0,0,0.661484102
0.743286163,0.890025363,0,0,0.662389841
0.746379932,0.887334112,0,0,0.662520476
0.74933176,0.886497421,0,0,0.663579853
0.751411954,0.883201554,0,0,0.668411134
0.754388476,0.883551446,0,0,0.67013944
0.757158723,0.882494589,0,0,0.67432982
0.758318871,0.881314464,0,0,0.674713746
0.761625461,0.879699653,0,0,0.671006642
0.764448296,0.880291696,0,0,0.67558829
0.766114427,0.877954729,0,0,0.677537925
0.768508243,0.873945184,0,0,0.681381433
0.771644601,0.870874661,0,0,0.684711185
0.773785751,0.87001053,0,0,0.684041562
0.776535832,0.867404595,0,0,0.68468945
0.779527612,0.865214745,0,0,0.683878132
0.782641934,0.862111459,0,0,0.685190838
0.784281136,0.859579155,0,0,0.686131261
0.785963791,0.85836899,0,0,0.683133706
0.788851501,0.85629992,0,0,0.679859089
0.789773531,0.855534376,0,0,0.679871323
0.792053454,0.854372209,0,0,0.679330092
0.793774443,0.854155874,0,0,0.675885257
0.79679203,0.854228404,0,0,0.672033601
0.800660241,0.852349051,0,0,0.672119768
0.803930596,0.852990164,0,0,0.672676427
0.805525997,0.85256789,0,0,0.672497842
0.807769034,0.852324998,0,0,0.672256598
0.809848149,0.850821971,0,0,0.671887595
0.811998556,0.852026491,0,0,0.671791338
0.814677631,0.852617996,0,0,0.670874073
0.817229879,0.854238974,0,0,0.670765856
0.819677946,0.855397545,0,0,0.671028654
0.820482397,0.857259614,0,0,0.670909871
0.822167759,0.855185436,0,0,0.670239657
0.823475043,0.853553873,0,0,0.66616271
0.824060152,0.854395799,0,0,0.666189438
0.827532309,0.856766503,0,0,0.665865591
0.829584461,0.858164469,0,0,0.665936937
0.831950469,0.860052897,0,0,0.665324354
0.835181584,0.858765636,0,0,0.661032756
0.83736075,0.858185172,0,0,0.656897764
0.83923701,0.861392935,0,0,0.653991361
0.841730908,0.862382422,0,0,0.65005993
0.84367527,0.864300534,0,0,0.648816202
0.844066684,0.865882897,0,0,0.648492774
0.84609341,0.867376706,0,0,0.647739674
0.848408267,0.869228921,0,0,0.642929726
0.850032892,0.871933174,0,0,0.64175905
0.851473967,0.872204034,0,0,0.64024663
0.852590498,0.871460211,0,0,0.63900201
0.855299094,0.871331888,0,0,0.634045028
0.858280911,0.870076681,0,0,0.633019758
0.860804378,0.868393279,0,0,0.631785499
0.862895118,0.866654925,0,0,0.625989355
0.863586733,0.864685701,0,0,0.624416439
0.864706965,0.863613412,0,0,0.623110748
0.86632232,0.863082728,0,0,0.620112296
0.86684029,0.860950641,0,0,0.619113732
0.867715671,0.859532114,0,0,0.614092157
0.868032745,0.861629629,0,0,0.612021176
0.867691379,0.861971244,0,0,0.610582232
0.867972457,0.859183793,0,0,0.609965134
0.868900508,0.857590004,0,0,0.609170274
0.869368786,0.855750377,0,0,0.605629507
0.867502587,0.854547643,0,0,0.604970307
0.865364327,0.85099008,0,0,0.604187379
0.862765605,0.849475512,0,0,0.603846607
0.862297316,0.847346896,0,0,0.602291052
0.860971754,0.847163316,0,0,0.601936255
0.859239547,0.846689219,0,0,0.601606281
0.858902305,0.845179518,0,0,0.601402922
0.858748692,0.844269531,0,0,0.601870673
0.857234871,0.840429736,0,0,0.600814339
0.855499072,0.834891058,0,0,0.601248833
0.853043069,0.831030939,0,0,0.601572284
0.849536113,0.827247118,0,0,0.599449105
0.847505747,0.823550362,0,0,0.599821504
0.844546147,0.818527837,0,0,0.599233116
0.841898594,0.812511213,0,0,0.600507496
0.839556411,0.808200536,0,0,0.601544795
0.835620061,0.801069196,0,0,0.598322156
0.831861765,0.795495511,0,0,0.598510532
0.828890151,0.789973891,0,0,0.595699161
0.824836132,0.785211878,0,0,0.595663783
0.820578567,0.77896429,0,0,0.594075991
0.816286313,0.772546105,0,0,0.595895947
0.811369815,0.765499284,0,0,0.593095411
0.807206852,0.758505265,0,0,0.593470416
0.802764961,0.752756914,0,0,0.594388459
0.798670987,0.749017427,0,0,0.596445935
0.792347101,0.742847415,0,0,0.597893213
0.78522674,0.738080215,0,0,0.59544113
0.778917404,0.732866317,0,0,0.593011235
0.771075538,0.728431827,0,0,0.594067176
0.763798426,0.725485707,0,0,0.595621906
0.755047989,0.720982802,0,0,0.597633336
0.747501466,0.717274054,0,0,0.599479509
0.739220035,0.714405969,0,0,0.601768052
0.731357603,0.709786276,0,0,0.603857286
0.72444634,0.705979602,0,0,0.606353811
0.717342046,0.70307484,0,0,0.608626494
0.710017252,0.700070286,0,0,0.611408769
0.703986599,0.696705888,0,0,0.609324373
0.699783696,0.693250732,0,0,0.610868526
0.693188719,0.689944319,0,0,0.609852614
0.686273141,0.686763739,0,0,0.611549633
0.678379434,0.683609124,0,0,0.614564746
0.671178709,0.679744627,0,0,0.61321406
0.664844108,0.6764282,0,0,0.614049112
0.658600034,0.674255776,0,0,0.612772681
0.650904735,0.670986643,0,0,0.610900229
0.643884298,0.670024467,0,0,0.609501722
0.636336595,0.666473877,0,0,0.610073908
0.630294951,0.665004384,0,0,0.612613563
0.623729129,0.666304129,0,0,0.612607116
0.618108683,0.664792517,0,0,0.612916216
0.614287775,0.664949015,0,0,0.612874266
0.608328166,0.664617414,0,0,0.613078724
0.604501802,0.665732223,0,0,0.614115557
0.599325594,0.665562732,0,0,0.614373081
0.59629345,0.665086499,0,0,0.614387266
0.592416523,0.664455493,0,0,0.614176194
0.588829997,0.663484771,0,0,0.613638541
0.584656455,0.662328309,0,0,0.613073636
0.580862206,0.662155917,0,0,0.61244512
0.578609045,0.66309123,0,0,0.612075823
0.576558592,0.662883553,0,0,0.611554436
0.576114673,0.663033482,0,0,0.611905994
0.572453994,0.661722154,0,0,0.612642848
0.565215665,0.66334534,0,0,0.612440253
0.564527897,0.66411435,0,0,0.611810608
0.565200108,0.66379418,0,0,0.610759223
0.565272421,0.664852056,0,0,0.610711326
0.565409887,0.66506708,0,0,0.609418879
0.565702921,0.666438906,0,0,0.608082783
0.564357455,0.664080681,0,0,0.606969952
0.564079473,0.663420305,0,0,0.606064634
0.564846999,0.661078009,0,0,0.605192287
0.563815154,0.659947485,0,0,0.603735596
0.563476863,0.660430296,0,0,0.601806133
0.559391717,0.659145202,0,0,0.59994828
0.55963357,0.659088273,0,0,0.598337945
0.559748347,0.658053478,0,0,0.596493153
0.561092713,0.655528055,0,0,0.594238603
0.562262155,0.653997924,0,0,0.592137503
0.561621651,0.654194486,0,0,0.589736577
0.561179284,0.65178829,0,0,0.587232943
0.558486503,0.649440551,0,0,0.585201102
0.558751378,0.648842666,0,0,0.582240595
0.554780275,0.645813454,0,0,0.578962361
0.552789818,0.64423395,0,0,0.57592164
0.550436954,0.644254185,0,0,0.573004098
0.547586359,0.642229763,0,0,0.570505545
0.545402693,0.640556683,0,0,0.56818125
0.542707661,0.638514409,0,0,0.56548804
0.538589556,0.635003772,0,0,0.561278495
0.534861542,0.632562373,0,0,0.557403764
0.530122498,0.630062308,0,0,0.553464172
0.524664826,0.626125874,0,0,0.550220006
0.520632361,0.620939317,0,0,0.54664907
0.512707008,0.621152158,0,0,0.54229272
0.507280198,0.619851688,0,0,0.538649946
0.501174923,0.617558477,0,0,0.535148981
0.495753425,0.615428954,0,0,0.53130555
0.490536739,0.613361154,0,0,0.527238826
0.483351101,0.608413101,0,0,0.523141953
0.475311708,0.604207573,0,0,0.519897955
0.467271905,0.600251967,0,0,0.515973183
0.459537109,0.593711854,0,0,0.512871657
0.450594893,0.585532415,0,0,0.509057463
0.441438472,0.577400945,0,0,0.505014062
0.431227572,0.570951035,0,0,0.502079312
0.419144349,0.565366235,0,0,0.497563614
0.405926938,0.559848641,0,0,0.49360769
0.393490968,0.55473391,0,0,0.491136935
0.38145375,0.549738089,0,0,0.487637527
0.368222252,0.543847655,0,0,0.4852723
0.354963624,0.538348742,0,0,0.481611373
0.337972201,0.532913735,0,0,0.47859453
0.321735384,0.529633325,0,0,0.476352559
0.305815036,0.525857051,0,0,0.473976702
0.289089434,0.522106966,0,0,0.471411147
0.273192635,0.51874721,0,0,0.469346439
0.257632651,0.516531953,0,0,0.467297039
0.242249026,0.514361909,0,0,0.464493624
0.226887762,0.513193022,0,0,0.462173268
0.21155461,0.511600926,0,0,0.45992835
0.19618917,0.510867761,0,0,0.45799945
0.180706885,0.509888223,0,0,0.455390783
0.166656727,0.510773145,0,0,0.453189988
0.154366988,0.511830083,0,0,0.450985994
0.140791876,0.512370046,0,0,0.448513159
0.130085345,0.513294858,0,0,0.44647957
0.119064613,0.513301678,0,0,0.444030281
0.1094886,0.514405119,0,0,0.441529459
0.099429646,0.514335581,0,0,0.438987735
0.090120381,0.514516297,0,0,0.436399565
0.08135412,0.516937198,0,0,0.434202454
0.072470741,0.519166069,0,0,0.431767278
0.06480309,0.522598563,0,0,0.429374768
0.057531927,0.52519414,0,0,0.426973137
0.050259412,0.528150214,0,0,0.425399062
0.04103527,0.530622415,0,0,0.423184964
0.034195654,0.534205343,0,0,0.420945812
0.028028702,0.53837878,0,0,0.419552276
0.022991126,0.542431422,0,0,0.417360479
0.018562266,0.546383,0,0,0.414969994
0.014437684,0.550530669,0,0,0.41273588
0.010092028,0.555155428,0,0,0.41040136
0.007063832,0.560875757,0,0,0.408898026
0.005197097,0.564375297,0,0,0.40652994
0.003965672,0.570277323,0,0,0.404454666
0.002095739,0.575244375,0,0,0.40199529
0.000942204,0.578952968,0,0,0.399788526
0.000709132,0.584242895,0,0,0.397684816
0,0.587745757,0,0,0.395974864
0.000680404,0.591015916,0,0,0.394004287
0.001334476,0.594212136,0,0,0.391433361
0.002960751,0.598637756,0,0,0.389238974
0.004574823,0.603315562,0,0,0.386755529
0.00798486,0.607558886,0,0,0.384627402
0.010935682,0.613253548,0,0,0.38244408
0.014347078,0.618710143,0,0,0.380178178
0.019385017,0.623224868,0,0,0.378237113
0.023355488,0.626973395,0,0,0.376299316
0.027781674,0.632064031,0,0,0.373850641
0.030996344,0.635959793,0,0,0.371045812
0.037204679,0.640874627,0,0,0.368193842
0.048376748,0.642928548,0,0,0.365284966
0.053102786,0.644679223,0,0,0.362236959
0.058357831,0.647849186,0,0,0.359716169
0.063814823,0.65120084,0,0,0.357072195
0.069462503,0.655633634,0,0,0.354626554
0.075919157,0.657652253,0,0,0.351746337
0.082056756,0.662361271,0,0,0.348864853
0.088686413,0.665243434,0,0,0.345548433
0.094439947,0.66975485,0,0,0.341942494
0.100393893,0.674385995,0,0,0.338787727
0.10676144,0.677529648,0,0,0.3355277
0.117440233,0.680695863,0,0,0.332268528
0.122586005,0.683928619,0,0,0.329539087
0.128067772,0.687731092,0,0,0.325996456
0.133150647,0.692299927,0,0,0.322362536
0.138308437,0.697059083,0,0,0.318718134
0.143545606,0.699011219,0,0,0.315220147
0.148413535,0.701896112,0,0,0.31166688
0.15572344,0.705146117,0,0,0.307797552
0.160095676,0.708333326,0,0,0.304427881
0.167222503,0.712973265,0,0,0.300894929
0.171337664,0.716489699,0,0,0.297330828
0.176126166,0.718439573,0,0,0.293516741
0.180633404,0.722144976,0,0,0.290000755
0.184042812,0.72547823,0,0,0.286148561
0.18740258,0.728518951,0,0,0.281644301
0.190807209,0.731423258,0,0,0.27875618
0.193178485,0.734402766,0,0,0.275506029
0.19513709,0.73699618,0,0,0.272215844
0.197135417,0.739372512,0,0,0.269057175
0.198169175,0.74293515,0,0,0.265627327
0.201677865,0.743077372,0,0,0.262506834
0.20164786,0.742758411,0,0,0.259192705
0.20093294,0.743494037,0,0,0.25619219
0.200304959,0.743815927,0,0,0.253305314
0.199180588,0.743638831,0,0,0.250572247
0.199507356,0.74601346,0,0,0.247620931
0.197995753,0.746641,0,0,0.244615057
0.196059067,0.745483451,0,0,0.241902883
0.193810416,0.746086253,0,0,0.238462625
0.190058094,0.748156059,0,0,0.235822575
0.185313578,0.750226544,0,0,0.233266122
0.181225757,0.752444176,0,0,0.230823507
0.179012228,0.754502361,0,0,0.229018572
0.176815427,0.755328326,0,0,0.226786805
0.174223807,0.757597777,0,0,0.223656311
0.170411048,0.759636697,0,0,0.221065118
0.166755652,0.761528698,0,0,0.218525218
0.162834921,0.763515193,0,0,0.21625165
0.161998783,0.765409163,0,0,0.213422003
0.161162645,0.767303133,0,0,0.210592355
0.160326506,0.769197103,0,0,0.207762707
0.159490368,0.771091073,0,0,0.204933059
0.15865423,0.772985043,0,0,0.202103411
0.157818092,0.774879013,0,0,0.199273763
0.156981954,0.776772983,0,0,0.196444116
0.156145816,0.778666953,0,0,0.193614468
0.155309678,0.780560923,0,0,0.19078482
0.154473539,0.782454893,0,0,0.187955172
0.153637401,0.784348863,0,0,0.185125524
0.152801263,0.786242834,0,0,0.182295876
0.151965125,0.788136804,0,0,0.179466229
0.151128987,0.790030774,0,0,0.176636581
0.150292849,0.791924744,0,0,0.173806933
0.14945671,0.793818714,0,0,0.170977285
0.148620572,0.795712684,0,0,0.168147637
0.147784434,0.797606654,0,0,0.165317989
0.146948296,0.799500624,0,0,0.162488342
0.146112158,0.801394594,0,0,0.159658694
0.14527602,0.803288564,0,0,0.156829046
0.144439882,0.805182534,0,0,0.153999398
0.143603743,0.807076504,0,0,0.15116975
0.142767605,0.808970474,0,0,0.148340102
0.141931467,0.810864444,0,0,0.145510455
0.141095329,0.812758414,0,0,0.142680807
0.140259191,0.814652384,0,0,0.139851159
0.139423053,0.816546354,0,0,0.137021511
0.138586914,0.818440324,0,0,0.134191863
0.137750776,0.820334294,0,0,0.131362215
0.136914638,0.822228264,0,0,0.128532568
0.1360785,0.824122235,0,0,0.12570292
0.135242362,0.826016205,0,0,0.122873272
0.134406224,0.827910175,0,0,0.120043624
0.133570086,0.829804145,0,0,0.117213976
0.132733947,0.831698115,0,0,0.114384328
0.131897809,0.833592085,0,0,0.11155468
0.131061671,0.835486055,0,0,0.108725033
0.130225533,0.837380025,0,0,0.105895385
0.129389395,0.839273995,0,0,0.103065737
0.128553257,0.841167965,0,0,0.100236089
0.127717118,0.843061935,0,0,0.097406441
0.12688098,0.844955905,0,0,0.094576793
0.126044842,0.846849875,0,0,0.091747146
0.125208704,0.848743845,0,0,0.088917498
0.124372566,0.850637815,0,0,0.08608785
0.123536428,0.852531785,0,0,0.083258202
0.12270029,0.854425755,0,0,0.080428554
0.121864151,0.856319725,0,0,0.077598906
0.121028013,0.858213695,0,0,0.074769259
0.110851891,0.862516836,0,0,0.060938407
0.110428269,0.864304401,0,0,0.058594646
0.110043563,0.866081928,0,0,0.056296723
0.109697774,0.867849417,0,0,0.054044638
0.109390902,0.869606867,0,0,0.051838392
0.109122946,0.871354279,0,0,0.049677984
0.108893907,0.873091653,0,0,0.047563414
0.108703784,0.874818989,0,0,0.045494683
0.108552578,0.876536287,0,0,0.04347179
0.108440289,0.878243546,0,0,0.041494736
0.108366916,0.879940767,0,0,0.039563519
0.10833246,0.88162795,0,0,0.037678141
0.10833692,0.883305094,0,0,0.035838602
0.108380297,0.884972201,0,0,0.034044901
0.108462591,0.886629269,0,0,0.032297038
0.108583801,0.888276299,0,0,0.030595014
0.108743928,0.889913291,0,0,0.028938827
0.108942971,0.891540245,0,0,0.02732848
0.109180931,0.89315716,0,0,0.02576397
0.109457808,0.894764037,0,0,0.024245299
0.109773601,0.896360876,0,0,0.022772467
0.110128311,0.897947677,0,0,0.021345472
0.110521937,0.899524439,0,0,0.019964316
0.11095448,0.901091164,0,0,0.018628999
0.11142594,0.90264785,0,0,0.017339519
0.111936316,0.904194498,0,0,0.016095878
0.112485609,0.905731107,0,0,0.014898076
0.113073818,0.907257679,0,0,0.013746111
0.113700944,0.908774212,0,0,0.012639986
0.114366987,0.910280707,0,0,0.011579698
0.115071946,0.911777164,0,0,0.010565249
0.115815822,0.913263583,0,0,0.009596638
0.116598614,0.914739963,0,0,0.008673865
0.117420323,0.916206305,0,0,0.007796931
0.118280948,0.917662609,0,0,0.006965835
0.119180491,0.919108875,0,0,0.006180578
0.120118949,0.920545103,0,0,0.005441159
0.121096325,0.921971292,0,0,0.004747578
0.122112617,0.923387443,0,0,0.004099836
0.123167825,0.924793556,0,0,0.003497932
0.12426195,0.926189631,0,0,0.002941866
0.125394992,0.927575667,0,0,0.002431638
0.126566951,0.928951666,0,0,0.001967249
0.127777826,0.930317626,0,0,0.001548699
0.129027617,0.931673548,0,0,0.001175986
0.130316325,0.933019431,0,0,0.000849112
0.13164395,0.934355277,0,0,0.000568077
0.133010491,0.935681084,0,0,0.00033288
0.134415949,0.936996853,0,0,0.000143521
0.135860324,0.938302584,0,0,0
