0,0,1,0.305578192,0
0,0,0.995429008,0.305988865,0
0,0,0.990858016,0.306399538,0
0,0,0.986287024,0.306810211,0
0,0,0.981716032,0.307220884,0
0,0,0.97714504,0.307631557,0
0,0,0.972574048,0.308042229,0
0,0,0.968003056,0.308452902,0
0,0,0.963432064,0.308863575,0
0,0,0.958861072,0.309274248,0
0,0,0.95429008,0.309684921,0
0,0,0.949719088,0.310095594,0
0,0,0.945148096,0.310506267,0
0,0,0.940577104,0.31091694,0
0,0,0.936006111,0.311327613,0
0,0,0.931435119,0.311738285,0
0,0,0.926864127,0.312148958,0
0,0,0.922293135,0.312559631,0
0,0,0.917722143,0.312970304,0
0,0,0.913151151,0.313380977,0
0,0,0.908580159,0.31379165,0
0,0,0.904009167,0.314202323,0
0,0,0.899438175,0.314612996,0
0,0,0.894867183,0.315023669,0
0,0,0.890296191,0.315434341,0
0,0,0.885725199,0.315845014,0
0,0,0.881154207,0.316255687,0
0,0,0.876583215,0.31666636,0
0,0,0.872012223,0.317077033,0
0,0,0.867441231,0.317487706,0
0,0,0.862870239,0.317898379,0
0,0,0.858299247,0.318309052,0
0,0,0.853728255,0.318719725,0
0,0,0.849157263,0.319130397,0
0,0,0.844586271,0.31954107,0
0,0,0.840015279,0.319951743,0
0,0,0.835444287,0.320362416,0
0,0,0.830873295,0.320773089,0
0,0,0.826302303,0.321183762,0
0,0,0.821731311,0.321594435,0
0,0,0.817160319,0.322005108,0
0,0,0.812589326,0.322415781,0
0,0,0.808018334,0.322826453,0
0,0,0.803447342,0.323237126,0
0,0,0.79887635,0.323647799,0
0,0,0.794305358,0.324058472,0
0,0,0.789734366,0.324469145,0
0,0,0.785163374,0.324879818,0
0,0,0.780592382,0.325290491,0
0,0,0.77602139,0.325701164,0
0,0,0.771450398,0.326111837,0
0,0,0.766879406,0.326522509,0
0,0,0.762308414,0.326933182,0
0,0,0.757737422,0.327343855,0
0,0,0.75316643,0.327754528,0
0,0,0.748595438,0.328165201,0
0,0,0.744024446,0.328575874,0
0,0,0.739453454,0.328986547,0
0,0,0.734882462,0.32939722,0
0,0,0.73031147,0.329807893,0
0,0,0.725740478,0.330218565,0
0,0,0.721169486,0.330629238,0
0,0,0.716598494,0.331039911,0
0,0,0.712027502,0.331450584,0
0,0,0.70745651,0.331861257,0
0,0,0.702885518,0.33227193,0
0,0,0.698314526,0.332682603,0
0,0,0.693743534,0.333093276,0
0,0,0.689172541,0.333503949,0
0,0,0.684601549,0.333914621,0
0,0,0.680030557,0.334325294,0
0,0,0.675459565,0.334735967,0
0,0,0.670888573,0.33514664,0
0,0,0.666317581,0.335557313,0
0,0,0.661746589,0.335967986,0
0,0,0.657175597,0.336378659,0
0,0,0.652604605,0.336789332,0
0,0,0.648033613,0.337200004,0
0,0,0.643462621,0.337610677,0
0,0,0.638891629,0.33802135,0
0,0,0.634320637,0.338432023,0
0,0,0.629749645,0.338842696,0
0,0,0.625178653,0.339253369,0
0,0,0.620607661,0.339664042,0
0,0,0.616036669,0.340074715,0
0,0,0.611465677,0.340485388,0
0,0,0.606894685,0.34089606,0
0,0,0.602323693,0.341306733,0
0,0,0.597752701,0.341717406,0
0,0,0.593181709,0.342128079,0
0,0,0.588610717,0.342538752,0
0,0,0.584039725,0.342949425,0
0,0,0.579468733,0.343360098,0
0,0,0.574897741,0.343770771,0
0,0,0.570326749,0.344181444,0
0,0,0.565755756,0.344592116,0
0,0,0.561184764,0.345002789,0
0,0,0.556613772,0.345413462,0
0,0,0.55204278,0.345824135,0
0,0,0.547471788,0.346234808,0
0,0,0.560632727,0.34714064,0
0,0,0.573627117,0.347940439,0
0,0,0.585249698,0.348710847,0
0,0,0.572190089,0.349365354,0
0,0,0.559802187,0.3498474,0
0,0,0.541289504,0.3504692,0
0,0,0.529173725,0.350885999,0
0,0,0.520067233,0.351464489,0
0,0,0.517458387,0.352056234,0
0,0,0.514373536,0.352412575,0
0,0,0.504520645,0.352913888,0
0,0,0.495243731,0.353162838,0
0,0,0.485569393,0.353716445,0
0,0,0.477286331,0.354012338,0
0,0,0.484322,0.354620773,0
0,0,0.4680181,0.355173434,0
0,0,0.453147813,0.355538427,0
0,0,0.459482172,0.355670994,0
0,0,0.443462177,0.355967294,0
0,0,0.427247596,0.356057175,0
0,0,0.412595776,0.355078275,0
0,0,0.416482265,0.354007427,0
0,0,0.403800496,0.354444933,0
0,0,0.411182231,0.35479869,0
0,0,0.39668791,0.354053234,0
0,0,0.400130753,0.354207618,0
0,0,0.400514373,0.353918317,0
0,0,0.378221203,0.358706937,0
0,0,0.380522838,0.358662611,0
0,0,0.357210863,0.363394636,0
0,0,0.338297298,0.368029846,0
0,0,0.34236566,0.371519087,0
0,0,0.34563783,0.369039615,0
0,0,0.329078751,0.372003225,0
0,0,0.310369017,0.374507436,0
0,0,0.293867604,0.376421981,0
0,0,0.280080722,0.374809504,0
0,0,0.285904083,0.37253831,0
0,0,0.267416895,0.371740593,0
0,0,0.25062062,0.368981075,0
0,0,0.238306434,0.368709799,0
0,0,0.226471335,0.368614996,0
0,0,0.215175919,0.367686657,0
0,0,0.219488722,0.366299863,0
0,0,0.22536531,0.362221895,0
0,0,0.230465922,0.358406401,0
0,0,0.235785077,0.355404392,0
0,0,0.241624029,0.353049533,0
0,0,0.246345634,0.349924069,0
0,0,0.249943638,0.346228211,0
0,0,0.252394952,0.342562365,0
0,0,0.263682723,0.338887508,0
0,0,0.270762807,0.334963304,0
0,0,0.276672368,0.331252141,0
0,0,0.271653751,0.327108005,0
0,0,0.266332925,0.323735182,0
0,0,0.265073567,0.319775425,0
0,0,0.257980675,0.315555794,0
0,0,0.253930165,0.31107011,0
0,0,0.244664261,0.305977527,0
0,0,0.237030773,0.302440177,0
0,0,0.229495964,0.297777587,0
0,0,0.221124845,0.294315703,0
0,0,0.216089244,0.290526237,0
0,0,0.207375892,0.287088595,0
0,0,0.201955683,0.283701609,0
0,0,0.19654022,0.280195711,0
0,0,0.186643812,0.277005716,0
0,0,0.180172772,0.272468573,0
0,0,0.17134334,0.268789278,0
0,0,0.162470463,0.264630307,0
0,0,0.153873651,0.262319164,0
0,0,0.145621308,0.26034142,0
0,0,0.137919135,0.258378527,0
0,0,0.130185388,0.255117646,0
0,0,0.125882569,0.252842427,0
0,0,0.120454297,0.250926061,0
0,0,0.115758732,0.249415962,0
0,0,0.111312049,0.248196495,0
0,0,0.104360201,0.247055484,0
0,0,0.100559173,0.246660162,0
0,0,0.096115334,0.246062051,0
0,0,0.091954606,0.246384877,0
0,0,0.087512288,0.246236942,0
0,0,0.083732561,0.246925283,0
0,0,0.079039553,0.246924796,0
0,0,0.07452176,0.248228257,0
0,0,0.070229183,0.25037129,0
0,0,0.066564941,0.252543126,0
0,0,0.063532443,0.254773104,0
0,0,0.059897854,0.257231709,0
0,0,0.057773774,0.260556397,0
0,0,0.056255255,0.264252351,0
0,0,0.054575462,0.266944136,0
0,0,0.054230947,0.270738751,0
0,0,0.054854805,0.275359154,0
0,0,0.055901403,0.280508722,0
0,0,0.056173745,0.284483703,0
0,0,0.058214475,0.290520496,0
0,0,0.041264125,0.296080297,0
0,0,0.021548928,0.301802751,0
0,0,0,0.307636664,0
0,0,0.000979701,0.314163584,0
0,0,0.003074543,0.32114707,0
0,0,0.010721172,0.326849365,0
0,0,0.013764735,0.334008034,0
0,0,0.015087948,0.340488447,0
0,0,0.009930076,0.348324986,0
0,0,0.005497138,0.356720972,0
0,0,0.007616159,0.364656666,0
0,0,0.009719454,0.373800539,0
0,0,0.013684102,0.382051969,0
0,0,0.017022269,0.391624923,0
0,0,0.003797821,0.401168233,0
0,0,0.013069924,0.409859512,0
0,0,0.023221426,0.419345494,0
0,0,0.012137377,0.428772869,0
0,0,0.023037981,0.439135475,0
0,0,0.035941729,0.449365038,0
0,0,0.048628784,0.460965369,0
0,0,0.043530965,0.473135466,0
0,0,0.054466581,0.485183945,0
0,0,0.044867876,0.497461169,0
0,0,0.056981103,0.510996443,0
0,0,0.051694405,0.523933944,0
0,0,0.047918114,0.536786732,0
0,0,0.067519928,0.544887989,0
0,0,0.062352497,0.556543121,0
0,0,0.084120285,0.563058246,0
0,0,0.10414603,0.568843289,0
0,0,0.102053709,0.575898653,0
0,0,0.098530533,0.587438947,0
0,0,0.115468046,0.594090792,0
0,0,0.137425038,0.600646059,0
0,0,0.159758284,0.606055862,0
0,0,0.180580927,0.615043359,0
0,0,0.182332503,0.624591349,0
0,0,0.208323402,0.631275325,0
0,0,0.236386521,0.640453008,0
0,0,0.262304317,0.647145653,0
0,0,0.290613924,0.651766092,0
0,0,0.321405962,0.657633282,0
0,0,0.337605321,0.663527459,0
0,0,0.350932184,0.670685473,0
0,0,0.363869254,0.677134421,0
0,0,0.375642031,0.683427252,0
0,0,0.385764791,0.688066443,0
0,0,0.396059893,0.693557258,0
0,0,0.406281431,0.699551464,0
0,0,0.416345348,0.705112989,0
0,0,0.41575644,0.710910203,0
0,0,0.416649013,0.716590231,0
0,0,0.416451154,0.721407461,0
0,0,0.425551716,0.72674186,0
0,0,0.434636856,0.730730161,0
0,0,0.438254857,0.734940259,0
0,0,0.44729089,0.738822292,0
0,0,0.452772981,0.743146184,0
0,0,0.463426712,0.748791194,0
0,0,0.47233367,0.752775239,0
0,0,0.480933631,0.756874902,0
0,0,0.490548603,0.759411684,0
0,0,0.496622726,0.76274965,0
0,0,0.506444625,0.766483063,0
0,0,0.512154774,0.769392709,0
0,0,0.517129444,0.772739704,0
0,0,0.526179257,0.775366791,0
0,0,0.532289714,0.779843691,0
0,0,0.540886965,0.78408508,0
0,0,0.54977141,0.78920115,0
0,0,0.558740987,0.792078341,0
0,0,0.567410387,0.795118852,0
0,0,0.575588656,0.798043326,0
0,0,0.584571718,0.802598396,0
0,0,0.590108975,0.805789001,0
0,0,0.596393082,0.809094419,0
0,0,0.601978832,0.812305458,0
0,0,0.606721956,0.815623521,0
0,0,0.61387425,0.81935595,0
0,0,0.618164837,0.822581713,0
0,0,0.622771149,0.826293674,0
0,0,0.626990079,0.829573909,0
0,0,0.631510323,0.834066894,0
0,0,0.635702418,0.838033543,0
0,0,0.640910752,0.843294979,0
0,0,0.646492534,0.84746263,0
0,0,0.652707052,0.850452396,0
0,0,0.658481919,0.853902629,0
0,0,0.663935078,0.857489537,0
0,0,0.670306689,0.860851711,0
0,0,0.676102869,0.863925979,0
0,0,0.681858017,0.867400014,0
0,0,0.688282187,0.871771887,0
0,0,0.693824056,0.875302796,0
0,0,0.699107148,0.878797521,0
0,0,0.704299335,0.88202643,0
0,0,0.710669501,0.886686378,0
0,0,0.715266448,0.889859347,0
0,0,0.719632903,0.892873007,0
0,0,0.723375014,0.896193222,0
0,0,0.726627643,0.899586958,0
0,0,0.730272732,0.903194094,0
0,0,0.732839164,0.906244587,0
0,0,0.737791171,0.910684362,0
0,0,0.74277427,0.91456978,0
0,0,0.747493602,0.919262909,0
0,0,0.752466425,0.92304449,0
0,0,0.756655005,0.926586746,0
0,0,0.761222235,0.930327838,0
0,0,0.765840589,0.933084841,0
0,0,0.769749376,0.936384057,0
0,0,0.773455946,0.939261838,0
0,0,0.777356512,0.942034983,0
0,0,0.781846295,0.945830445,0
0,0,0.786063391,0.949420324,0
0,0,0.789858491,0.95336959,0
0,0,0.79371888,0.955804712,0
0,0,0.797823853,0.959174949,0
0,0,0.803097525,0.962310275,0
0,0,0.807823041,0.965889026,0
0,0,0.812920811,0.968466025,0
0,0,0.818153126,0.970803396,0
0,0,0.823100626,0.973003037,0
0,0,0.827259654,0.974784543,0
0,0,0.831004246,0.97726478,0
0,0,0.835018512,0.978867053,0
0,0,0.839742917,0.981635992,0
0,0,0.843495406,0.984381008,0
0,0,0.847903527,0.987383908,0
0,0,0.851645387,0.988909722,0
0,0,0.855641739,0.991568934,0
0,0,0.858898685,0.992833992,0
0,0,0.86145506,0.994135864,0
0,0,0.863632034,0.995779999,0
0,0,0.867050384,0.996452908,0
0,0,0.869535447,0.996678762,0
0,0,0.872920159,0.998281718,0
0,0,0.875458899,0.998767426,0
0,0,0.879486495,0.99881941,0
0,0,0.88024201,1,0
0,0,0.88126679,0.999501508,0
0,0,0.881051463,0.998590018,0
0,0,0.884857129,0.999059564,0
0,0,0.889169662,0.999729785,0
0,0,0.893610996,0.999031272,0
0,0,0.898059519,0.99882408,0
0,0,0.902153898,0.998400756,0
0,0,0.912434923,0.997131905,0
0,0,0.921921319,0.995266225,0
0,0,0.931291102,0.993187619,0
0,0,0.938776344,0.991050419,0
0,0,0.945152558,0.988984456,0
0,0,0.951324464,0.986356096,0
0,0,0.953243148,0.983454126,0
0,0,0.959068776,0.980574397,0
0,0,0.963694386,0.978252366,0
0,0,0.968375776,0.975071703,0
0,0,0.972187586,0.971195405,0
0,0,0.975566706,0.967360032,0
0,0,0.978591058,0.964005576,0
0,0,0.97855189,0.96107717,0
0,0,0.980829658,0.957577754,0
0,0,0.982287833,0.952984161,0
0,0,0.984044365,0.949054723,0
0,0,0.985667498,0.944875205,0
0,0,0.987424009,0.940480979,0
0,0,0.988277247,0.93571445,0
0,0,0.988815398,0.930347001,0
0,0,0.989039667,0.924771863,0
0,0,0.988746904,0.919882644,0
0,0,0.988551673,0.913840295,0
0,0,0.988388781,0.908028857,0
0,0,0.984859029,0.902037569,0
0,0,0.983843627,0.896128735,0
0,0,0.982883911,0.890614152,0
0,0,0.981046967,0.884632699,0
0,0,0.979719064,0.878582281,0
0,0,0.978314091,0.871695584,0
0,0,0.976524877,0.8649101,0
0,0,0.974481101,0.858456531,0
0,0,0.973127938,0.851263898,0
0,0,0.971380041,0.843960762,0
0,0,0.969357529,0.836140902,0
0,0,0.968124298,0.827938289,0
0,0,0.965795963,0.819395478,0
0,0,0.963546607,0.811862544,0
0,0,0.961411099,0.803702373,0
0,0,0.958957567,0.795723111,0
0,0,0.957269581,0.788011411,0
0,0,0.961113356,0.779672623,0
0,0,0.957855831,0.770392926,0
0,0,0.953953734,0.761771821,0
0,0,0.950830889,0.753485965,0
0,0,0.946943243,0.74444802,0
0,0,0.93533794,0.735283129,0
0,0,0.938988673,0.726049497,0
0,0,0.942079956,0.716493832,0
0,0,0.928766532,0.707439845,0
0,0,0.922817197,0.698123429,0
0,0,0.895375262,0.688272687,0
0,0,0.867116099,0.678089374,0
0,0,0.838625886,0.667932812,0
0,0,0.834243103,0.657907832,0
0,0,0.829735019,0.647637667,0
0,0,0.832101963,0.636759728,0
0,0,0.825575986,0.626014338,0
0,0,0.818829579,0.614904815,0
0,0,0.805636088,0.603948237,0
0,0,0.792565493,0.593502511,0
0,0,0.786489748,0.583116256,0
0,0,0.780323592,0.572607123,0
0,0,0.774952818,0.561339583,0
0,0,0.768438283,0.550331208,0
0,0,0.742138815,0.538603302,0
0,0,0.739037606,0.526781808,0
0,0,0.735063431,0.516026997,0
0,0,0.709428963,0.505085835,0
0,0,0.705746632,0.493989551,0
0,0,0.702393097,0.482881358,0
0,0,0.698278526,0.471179217,0
0,0,0.675265118,0.459426761,0
0,0,0.668869015,0.447876233,0
0,0,0.641919883,0.436610198,0
0,0,0.636802502,0.425234844,0
0,0,0.613471998,0.414292306,0
0,0,0.59242021,0.403281177,0
0,0,0.594715204,0.386349493,0
0,0,0.572383048,0.37463076,0
0,0,0.572866029,0.358173671,0
0,0,0.573209195,0.34129148,0
0,0,0.551215986,0.325640063,0
0,0,0.529391889,0.314791947,0
0,0,0.527910385,0.298877295,0
0,0,0.529424193,0.283629729,0
0,0,0.530103609,0.268864349,0
0,0,0.529153556,0.254947162,0
0,0,0.509047367,0.242304009,0
0,0,0.510904299,0.227801123,0
0,0,0.514700576,0.215596912,0
0,0,0.516811347,0.202377471,0
0,0,0.518815548,0.189334036,0
0,0,0.518429987,0.176734818,0
0,0,0.50278271,0.164273287,0
0,0,0.487600427,0.154080185,0
0,0,0.472827792,0.143886398,0
0,0,0.456285453,0.132245823,0
0,0,0.433368299,0.121570764,0
0,0,0.410844148,0.111699372,0
0,0,0.38831296,0.102063778,0
0,0,0.367576396,0.092797882,0
0,0,0.337714682,0.084166966,0
0,0,0.311049717,0.075636112,0
0,0,0.289164402,0.068283924,0
0,0,0.274081731,0.060896332,0
0,0,0.259726923,0.053438377,0
0,0,0.241250297,0.047508491,0
0,0,0.228419072,0.041250294,0
0,0,0.214333702,0.035189344,0
0,0,0.20481572,0.030669489,0
0,0,0.197182472,0.025750729,0
0,0,0.187737367,0.021775759,0
0,0,0.179375513,0.017851504,0
0,0,0.168360683,0.014508322,0
0,0,0.161262172,0.011057787,0
0,0,0.151406576,0.00809547,0
0,0,0.142483174,0.005934169,0
0,0,0.138332302,0.004039681,0
0,0,0.131164902,0.003302726,0
0,0,0.127454073,0.001825058,0
0,0,0.12440703,0.001975892,0
0,0,0.12202308,0.001018233,0
0,0,0.12333701,0,0
0,0,0.122782304,0.000375932,0
0,0,0.122286076,0.001030472,0
0,0,0.119766243,0.001591379,0
0,0,0.11883281,0.002322681,0
0,0,0.118215722,0.003657841,0
0,0,0.117738478,0.005295399,0
0,0,0.120924248,0.006892314,0
0,0,0.121043769,0.009162038,0
0,0,0.123266545,0.011122241,0
0,0,0.125515664,0.013203673,0
0,0,0.127666559,0.016355654,0
0,0,0.130606796,0.019350934,0
0,0,0.134480992,0.022912326,0
0,0,0.138483064,0.025907928,0
0,0,0.143061199,0.028659946,0
0,0,0.146931988,0.031386631,0
0,0,0.143557246,0.035024615,0
0,0,0.147074114,0.038625327,0
0,0,0.149995968,0.041897778,0
0,0,0.151363608,0.045306948,0
0,0,0.153062751,0.050072371,0
0,0,0.161624227,0.053723997,0
0,0,0.153501626,0.057416334,0
0,0,0.14372051,0.061381682,0
0,0,0.150609986,0.065928895,0
0,0,0.14882515,0.069349851,0
0,0,0.169262293,0.073242253,0
0,0,0.193829623,0.07675098,0
0,0,0.222172611,0.080233754,0
0,0,0.228787835,0.083494352,0
0,0,0.234453492,0.086818224,0
0,0,0.234408405,0.091554202,0
0,0,0.241983866,0.094852521,0
0,0,0.249032199,0.099136346,0
0,0,0.262563925,0.10255866,0
0,0,0.276066738,0.105270798,0
0,0,0.283113865,0.107706434,0
0,0,0.289894757,0.109561555,0
0,0,0.294008595,0.112382389,0
0,0,0.298394156,0.113934232,0
0,0,0.323474908,0.115283174,0
0,0,0.327052925,0.117416883,0
0,0,0.329056166,0.118594474,0
0,0,0.353528694,0.11974534,0
0,0,0.356179193,0.11998119,0
0,0,0.357133631,0.120079887,0
0,0,0.357507823,0.120016375,0
0,0,0.376221512,0.119946865,0
0,0,0.378779392,0.118209095,0
0,0,0.402819761,0.1156282,0
0,0,0.405568981,0.112461555,0
0,0,0.425946132,0.10859945,0
0,0,0.445679876,0.104826358,0
0,0,0.442273416,0.105944701,0
0,0,0.463714688,0.102081098,0
0,0,0.461798948,0.103073172,0
0,0,0.457952404,0.104977168,0
0,0,0.475906749,0.105522692,0
0,0,0.496310538,0.101163663,0
0,0,0.496211834,0.101546444,0
0,0,0.490519664,0.10208217,0
0,0,0.483791738,0.103702213,0
0,0,0.477316437,0.103877757,0
0,0,0.489804778,0.103018716,0
0,0,0.479304803,0.104841946,0
0,0,0.466428401,0.103938647,0
0,0,0.452408709,0.104732864,0
0,0,0.437333957,0.107225178,0
0,0,0.418406784,0.107998737,0
0,0,0.413002521,0.109368839,0
0,0,0.408008115,0.10992893,0
0,0,0.40305318,0.11119509,0
0,0,0.400371898,0.113063972,0
0,0,0.397649914,0.115545865,0
0,0,0.394753147,0.117831771,0
0,0,0.39182612,0.119845929,0
0,0,0.388560623,0.12194224,0
0,0,0.396266858,0.123506358,0
0,0,0.40280245,0.125901825,0
0,0,0.410667439,0.128049801,0
0,0,0.409409485,0.130788316,0
0,0,0.408346723,0.134065332,0
0,0,0.412481381,0.136819404,0
0,0,0.411859106,0.140808047,0
0,0,0.413526744,0.144895535,0
0,0,0.411201162,0.147568979,0
0,0,0.409998254,0.151264267,0
0,0,0.408885267,0.155276303,0
0,0,0.406899219,0.160036921,0
0,0,0.408205216,0.164130493,0
0,0,0.405882348,0.167865672,0
0,0,0.407705192,0.173043703,0
0,0,0.410329892,0.177170637,0
0,0,0.408644296,0.182075129,0
0,0,0.410618678,0.185652322,0
0,0,0.409666298,0.189478644,0
0,0,0.408650653,0.192890264,0
0,0,0.407446798,0.198097149,0
0,0,0.405463789,0.203276344,0
0,0,0.403798239,0.207850144,0
0,0,0.401675164,0.211994081,0
0,0,0.402955323,0.217465578,0
0,0,0.403011731,0.22271344,0
0,0,0.403621067,0.228246845,0
0,0,0.405481199,0.233556437,0
0,0,0.404733502,0.238583471,0
0,0,0.406950655,0.243710062,0
0,0,0.408220309,0.24884604,0
0,0,0.409955513,0.254263507,0
0,0,0.411846868,0.25825595,0
0,0,0.413956136,0.263024912,0
0,0,0.415071173,0.266685809,0
0,0,0.415921432,0.271160948,0
0,0,0.416318433,0.276326599,0
0,0,0.416881562,0.281295628,0
0,0,0.417803168,0.286047548,0
0,0,0.417737161,0.291867347,0
0,0,0.418213076,0.297386414,0
0,0,0.418422838,0.302361522,0
0,0,0.418355084,0.306338684,0
0,0,0.418979212,0.311629715,0
0,0,0.41973061,0.316566596,0
0,0,0.42065803,0.321211512,0
0,0,0.420515314,0.325079809,0
0,0,0.422013835,0.330077074,0
0,0,0.423755603,0.335234724,0
0,0,0.425929848,0.340390463,0
0,0,0.428882932,0.345569579,0
0,0,0.431773263,0.350369736,0
0,0,0.435400045,0.35507751,0
0,0,0.436771256,0.35869449,0
0,0,0.437833243,0.362708609,0
0,0,0.43932109,0.365498606,0
0,0,0.440552201,0.369203779,0
0,0,0.442477884,0.373162809,0
0,0,0.443812117,0.377415173,0
0,0,0.444679324,0.381973678,0
0,0,0.446639392,0.385739578,0
0,0,0.448385652,0.39000471,0
0,0,0.450095457,0.394096649,0
0,0,0.450974387,0.397363187,0
0,0,0.452770743,0.400750668,0
0,0,0.454119341,0.403458075,0
0,0,0.455632422,0.407325033,0
0,0,0.456651094,0.41000451,0
0,0,0.456633408,0.412819996,0
0,0,0.456792097,0.414997302,0
0,0,0.456823066,0.417772657,0
0,0,0.456506535,0.420671344,0
0,0,0.456387444,0.423725602,0
0,0,0.45687125,0.426709259,0
0,0,0.457830937,0.42838641,0
0,0,0.458461835,0.43110181,0
0,0,0.458112591,0.432430863,0
0,0,0.458667774,0.434015698,0
0,0,0.458861433,0.434909479,0
0,0,0.459426201,0.436929166,0
0,0,0.459672107,0.438098471,0
0,0,0.460624802,0.439962879,0
0,0,0.462373802,0.441340928,0
0,0,0.464164456,0.441764925,0
0,0,0.465134521,0.443010258,0
0,0,0.466026289,0.444294368,0
0,0,0.466353556,0.444528089,0
0,0,0.467295203,0.445601145,0
0,0,0.467555454,0.446665372,0
0,0,0.468245591,0.446326482,0
0,0,0.46933133,0.447491455,0
0,0,0.470593197,0.448341615,0
0,0,0.471111639,0.448188908,0
0,0,0.471033388,0.447490935,0
0,0,0.470706685,0.447664967,0
0,0,0.47076054,0.44696397,0
0,0,0.471247665,0.446714715,0
0,0,0.471055787,0.44654711,0
0,0,0.470965626,0.446706386,0
0,0,0.470793744,0.447064692,0
0,0,0.470575422,0.447130452,0
0,0,0.470532305,0.447505993,0
0,0,0.470408476,0.447508844,0
0,0,0.470478376,0.447930696,0
0,0,0.470043547,0.447923129,0
0,0,0.46985582,0.447495849,0
0,0,0.46968127,0.447283315,0
0,0,0.469485826,0.44763282,0
0,0,0.469763844,0.447745126,0
0,0,0.469578698,0.447145306,0
0,0,0.469626611,0.446077682,0
0,0,0.469780994,0.445250887,0
0,0,0.470653032,0.44517972,0
0,0,0.470684962,0.444292439,0
0,0,0.470384194,0.443611052,0
0,0,0.470223613,0.442673223,0
0,0,0.470152537,0.442197401,0
0,0,0.47044837,0.442071506,0
0,0,0.470559495,0.441719428,0
0,0,0.470675045,0.440769699,0
0,0,0.471082625,0.440403492,0
0,0,0.470772457,0.440113092,0
0,0,0.471301827,0.439784655,0
0,0,0.471595314,0.43882036,0
0,0,0.471979434,0.43743014,0
0,0,0.472611564,0.436453992,0
0,0,0.472839769,0.435239186,0
0,0,0.472747754,0.434691292,0
0,0,0.472871033,0.433859128,0
0,0,0.473021901,0.432744459,0
0,0,0.47315354,0.431778909,0
0,0,0.472777984,0.431184694,0
0,0,0.472758268,0.430835965,0
0,0,0.472750238,0.430651982,0
0,0,0.472652421,0.430758436,0
0,0,0.472787842,0.42990003,0
0,0,0.47285457,0.429526109,0
0,0,0.472905674,0.429014815,0
0,0,0.472975739,0.427677944,0
0,0,0.473240955,0.426888645,0
0,0,0.474030859,0.426602022,0
0,0,0.474417745,0.425875063,0
0,0,0.474810179,0.425062191,0
0,0,0.475911429,0.424655727,0
0,0,0.47705324,0.424378493,0
0,0,0.47813415,0.424014367,0
0,0,0.478512944,0.423410755,0
0,0,0.478895193,0.422673025,0
0,0,0.479597748,0.421947257,0
0,0,0.48040523,0.421697351,0
0,0,0.480629071,0.421458636,0
0,0,0.481300523,0.421146993,0
0,0,0.481767581,0.420924979,0
0,0,0.482219897,0.421165863,0
0,0,0.48227854,0.422080424,0
0,0,0.482588244,0.422552077,0
0,0,0.48265537,0.422896109,0
0,0,0.482730197,0.423201158,0
0,0,0.48302796,0.423154411,0
0,0,0.482889613,0.423128186,0
0,0,0.482673701,0.422829104,0
0,0,0.482455995,0.423213763,0
0,0,0.481867065,0.423632288,0
0,0,0.481248502,0.424012977,0
0,0,0.480823657,0.424430721,0
0,0,0.480163743,0.424421523,0
0,0,0.479639231,0.424682052,0
0,0,0.479318536,0.424871289,0
0,0,0.479492802,0.424829598,0
0,0,0.479304595,0.425179378,0
0,0,0.479380403,0.425452832,0
0,0,0.479164481,0.425537485,0
0,0,0.479025134,0.42545232,0
0,0,0.478791107,0.425584486,0
0,0,0.478552743,0.425286496,0
0,0,0.478807456,0.42565628,0
0,0,0.47868948,0.42526378,0
0,0,0.478627846,0.4251532,0
0,0,0.478612439,0.424827699,0
0,0,0.478720241,0.424646134,0
0,0,0.478544882,0.424407568,0
0,0,0.478192463,0.424439324,0
0,0,0.477827039,0.424496899,0
0,0,0.47722146,0.42420616,0
0,0,0.477131156,0.424066267,0
0,0,0.476708729,0.42422533,0
0,0,0.47623812,0.424057976,0
0,0,0.476189871,0.424320745,0
0,0,0.475522131,0.424329474,0
0,0,0.47524326,0.42423031,0
0,0,0.474528369,0.424183584,0
0,0,0.473832426,0.424403788,0
0,0,0.473094348,0.424742555,0
0,0,0.472540051,0.424630484,0
0,0,0.472079625,0.42482219,0
0,0,0.471447421,0.425251146,0
0,0,0.470800632,0.425397974,0
0,0,0.470138525,0.425350159,0
0,0,0.469380839,0.425512716,0
0,0,0.468738514,0.425730813,0
0,0,0.468088202,0.425812113,0
0,0,0.467826035,0.426314592,0
0,0,0.46760275,0.425883534,0
0,0,0.467361518,0.426105811,0
0,0,0.467145192,0.426071854,0
0,0,0.466612402,0.42598453,0
0,0,0.466406766,0.42622622,0
0,0,0.465734523,0.426273848,0
0,0,0.46518268,0.425940775,0
0,0,0.464723288,0.425959747,0
0,0,0.464223996,0.425923015,0
0,0,0.463654664,0.42584703,0
0,0,0.463343215,0.425835122,0
0,0,0.46290048,0.426272176,0
0,0,0.462366529,0.426507791,0
0,0,0.461719172,0.426336808,0
0,0,0.461067565,0.426437709,0
0,0,0.46063008,0.426529697,0
0,0,0.459978963,0.426867545,0
0,0,0.459522424,0.426743885,0
0,0,0.459052047,0.426909997,0
0,0,0.458224918,0.427062071,0
0,0,0.45745845,0.427022743,0
0,0,0.45685735,0.427752184,0
0,0,0.456114803,0.427790246,0
0,0,0.45536646,0.428079789,0
0,0,0.454908171,0.427864141,0
0,0,0.454411041,0.427705374,0
0,0,0.453625108,0.427750897,0
0,0,0.453129707,0.42782281,0
0,0,0.452654475,0.427908636,0
0,0,0.452206507,0.428009563,0
0,0,0.451401325,0.427756893,0
0,0,0.451000807,0.427329835,0
0,0,0.450716758,0.427403094,0
0,0,0.450358249,0.427315279,0
0,0,0.449893089,0.426906575,0
0,0,0.449386265,0.427133451,0
0,0,0.449121938,0.426594015,0
0,0,0.448865151,0.42632645,0
0,0,0.448301969,0.426614743,0
0,0,0.447952611,0.426450551,0
0,0,0.447333998,0.426249686,0
0,0,0.446621931,0.426233826,0
0,0,0.445843157,0.426042144,0
0,0,0.445550625,0.425806409,0
0,0,0.445394017,0.425733056,0
0,0,0.444669669,0.425439021,0
0,0,0.444087685,0.425053657,0
0,0,0.443409237,0.424826235,0
0,0,0.442646129,0.424947379,0
0,0,0.441867978,0.425141256,0
0,0,0.441046453,0.424850629,0
0,0,0.440288216,0.424208477,0
0,0,0.43932435,0.423790965,0
0,0,0.438614886,0.423417053,0
0,0,0.43796323,0.423020777,0
0,0,0.437133317,0.422588486,0
0,0,0.436471818,0.422104949,0
0,0,0.435859488,0.421920648,0
0,0,0.435293567,0.421587778,0
0,0,0.434997215,0.421174137,0
0,0,0.434578762,0.42077742,0
0,0,0.434194251,0.420258792,0
0,0,0.433979159,0.419777996,0
0,0,0.43364993,0.419335408,0
0,0,0.433593788,0.418685862,0
0,0,0.433232058,0.418225739,0
0,0,0.433119238,0.417551466,0
0,0,0.432865824,0.416964544,0
0,0,0.432862329,0.4164528,0
0,0,0.4327428,0.415995767,0
0,0,0.432704687,0.415477376,0
0,0,0.432896801,0.41508351,0
0,0,0.432857079,0.414533713,0
0,0,0.432962619,0.414277618,0
0,0,0.433075587,0.414076673,0
0,0,0.43323879,0.413916453,0
0,0,0.433244709,0.413825359,0
0,0,0.433560495,0.413574886,0
0,0,0.433686729,0.413408403,0
0,0,0.433922687,0.413196406,0
0,0,0.434254472,0.412974317,0
0,0,0.43436653,0.412669632,0
0,0,0.434695671,0.412413297,0
0,0,0.435026075,0.412309952,0
0,0,0.435225869,0.411934458,0
0,0,0.43575521,0.41183386,0
0,0,0.435855582,0.411561888,0
0,0,0.436396004,0.411366324,0
0,0,0.43679315,0.411172062,0
0,0,0.43740325,0.41082668,0
0,0,0.43796354,0.410809879,0
0,0,0.438298335,0.410671245,0
0,0,0.438744492,0.410315317,0
0,0,0.439461073,0.410304342,0
0,0,0.440138922,0.410135174,0
0,0,0.440865769,0.41010008,0
0,0,0.441620706,0.410036711,0
0,0,0.442293233,0.409827825,0
0,0,0.442934088,0.409496355,0
0,0,0.443486492,0.409539944,0
0,0,0.444051568,0.409418931,0
0,0,0.444588963,0.409471526,0
0,0,0.445328699,0.409352478,0
0,0,0.445873344,0.40899337,0
0,0,0.446516202,0.408863808,0
0,0,0.447179469,0.409022952,0
0,0,0.447839721,0.409000336,0
0,0,0.448508211,0.409168424,0
0,0,0.449079924,0.409349619,0
0,0,0.449601886,0.409335803,0
0,0,0.450182507,0.409311496,0
0,0,0.450793479,0.40922032,0
0,0,0.451426072,0.409452071,0
0,0,0.452101432,0.409692852,0
0,0,0.452528841,0.40993535,0
0,0,0.453037249,0.409934412,0
0,0,0.453422452,0.410213858,0
0,0,0.453910119,0.410337401,0
0,0,0.454509139,0.41031562,0
0,0,0.45509163,0.41038177,0
0,0,0.45567085,0.410210993,0
0,0,0.456236481,0.410218323,0
0,0,0.456745822,0.410260439,0
0,0,0.457225204,0.410238538,0
0,0,0.457543741,0.410218988,0
0,0,0.45801766,0.410211067,0
0,0,0.458296111,0.410133391,0
0,0,0.458740019,0.410186848,0
0,0,0.459126167,0.409869003,0
0,0,0.45962407,0.409808212,0
0,0,0.460017361,0.40970752,0
0,0,0.460320143,0.40957164,0
0,0,0.460588388,0.409506189,0
0,0,0.46100484,0.409663482,0
0,0,0.461392362,0.40935143,0
0,0,0.46143902,0.409729127,0
0,0,0.461433769,0.40967568,0
0,0,0.461693241,0.409286386,0
0,0,0.46171197,0.409114434,0
0,0,0.461743979,0.409022923,0
0,0,0.462003183,0.408734247,0
0,0,0.462314142,0.40853668,0
0,0,0.462236395,0.408489423,0
0,0,0.461934636,0.40827676,0
0,0,0.461955937,0.408216295,0
0,0,0.46176833,0.407980086,0
0,0,0.461827548,0.408078565,0
0,0,0.461677292,0.407742573,0
0,0,0.46168852,0.407222131,0
0,0,0.461848501,0.407090104,0
0,0,0.462008481,0.406958077,0
0,0,0.462168462,0.406826049,0
0,0,0.462328443,0.406694022,0
0,0,0.462488423,0.406561995,0
0,0,0.462648404,0.406429968,0
0,0,0.462808384,0.40629794,0
0,0,0.462968365,0.406165913,0
0,0,0.463128346,0.406033886,0
0,0,0.463288326,0.405901858,0
0,0,0.463448307,0.405769831,0
0,0,0.463608288,0.405637804,0
0,0,0.463768268,0.405505777,0
0,0,0.463928249,0.405373749,0
0,0,0.46408823,0.405241722,0
0,0,0.46424821,0.405109695,0
0,0,0.464408191,0.404977668,0
0,0,0.464568172,0.40484564,0
0,0,0.464728152,0.404713613,0
0,0,0.464888133,0.404581586,0
0,0,0.465048113,0.404449559,0
0,0,0.465208094,0.404317531,0
0,0,0.465368075,0.404185504,0
0,0,0.465528055,0.404053477,0
0,0,0.465688036,0.403921449,0
0,0,0.465848017,0.403789422,0
0,0,0.466007997,0.403657395,0
0,0,0.466167978,0.403525368,0
0,0,0.466327959,0.40339334,0
0,0,0.466487939,0.403261313,0
0,0,0.46664792,0.403129286,0
0,0,0.4668079,0.402997259,0
0,0,0.466967881,0.402865231,0
0,0,0.467127862,0.402733204,0
0,0,0.467287842,0.402601177,0
0,0,0.467447823,0.40246915,0
0,0,0.467607804,0.402337122,0
0,0,0.467767784,0.402205095,0
0,0,0.467927765,0.402073068,0
0,0,0.468087746,0.40194104,0
0,0,0.468247726,0.401809013,0
0,0,0.468407707,0.401676986,0
0,0,0.468567688,0.401544959,0
0,0,0.468727668,0.401412931,0
0,0,0.468887649,0.401280904,0
0,0,0.469047629,0.401148877,0
0,0,0.46920761,0.40101685,0
0,0,0.469367591,0.400884822,0
0,0,0.469527571,0.400752795,0
0,0,0.469687552,0.400620768,0
0,0,0.46976378,0.400070669,0
0,0,0.46992746,0.399957107,0
0,0,0.470091489,0.399845286,0
0,0,0.470255866,0.399735208,0
0,0,0.470420593,0.399626871,0
0,0,0.470585668,0.399520277,0
0,0,0.470751093,0.399415424,0
0,0,0.470916866,0.399312313,0
0,0,0.471082989,0.399210945,0
0,0,0.47124946,0.399111318,0
0,0,0.471416281,0.399013433,0
0,0,0.47158345,0.39891729,0
0,0,0.471750969,0.398822889,0
0,0,0.471918836,0.398730231,0
0,0,0.472087052,0.398639314,0
0,0,0.472255618,0.398550139,0
0,0,0.472424532,0.398462706,0
0,0,0.472593795,0.398377015,0
0,0,0.472763407,0.398293065,0
0,0,0.472933368,0.398210858,0
0,0,0.473103678,0.398130393,0
0,0,0.473274338,0.39805167,0
0,0,0.473445346,0.397974689,0
0,0,0.473616703,0.39789945,0
0,0,0.473788409,0.397825952,0
0,0,0.473960464,0.397754197,0
0,0,0.474132868,0.397684183,0
0,0,0.47430562,0.397615912,0
0,0,0.474478722,0.397549383,0
0,0,0.474652173,0.397484595,0
0,0,0.474825973,0.39742155,0
0,0,0.475000122,0.397360246,0
0,0,0.475174619,0.397300684,0
0,0,0.475349466,0.397242865,0
0,0,0.475524662,0.397186787,0
0,0,0.475700207,0.397132451,0
0,0,0.4758761,0.397079858,0
0,0,0.476052343,0.397029006,0
0,0,0.476228934,0.396979896,0
0,0,0.476405875,0.396932528,0
0,0,0.476583164,0.396886902,0
0,0,0.476760803,0.396843018,0
0,0,0.47693879,0.396800876,0
0,0,0.477117127,0.396760476,0
0,0,0.477295812,0.396721818,0
0,0,0.477474846,0.396684902,0
0,0,0.47765423,0.396649728,0
0,0,0.477833962,0.396616296,0
0,0,0.478014043,0.396584606,0
0,0,0.478194473,0.396554658,0
