0.487453867,0,0,0,0
0.488350386,0,0,0,0.001379716
0.489246905,0,0,0,0.002759432
0.490143423,0,0,0,0.004139148
0.491039942,0,0,0,0.005518865
0.491936461,0,0,0,0.006898581
0.49283298,0,0,0,0.008278297
0.493729498,0,0,0,0.009658013
0.494626017,0,0,0,0.011037729
0.495522536,0,0,0,0.012417445
0.496419055,0,0,0,0.013797161
0.497315573,0,0,0,0.015176877
0.498212092,0,0,0,0.016556594
0.499108611,0,0,0,0.01793631
0.50000513,0,0,0,0.019316026
0.500901648,0,0,0,0.020695742
0.501798167,0,0,0,0.022075458
0.502694686,0,0,0,0.023455174
0.503591204,0,0,0,0.02483489
0.504487723,0,0,0,0.026214606
0.505384242,0,0,0,0.027594323
0.506280761,0,0,0,0.028974039
0.507177279,0,0,0,0.030353755
0.508073798,0,0,0,0.031733471
0.508970317,0,0,0,0.033113187
0.509866836,0,0,0,0.034492903
0.510763354,0,0,0,0.035872619
0.511659873,0,0,0,0.037252335
0.512556392,0,0,0,0.038632052
0.513452911,0,0,0,0.040011768
0.514349429,0,0,0,0.041391484
0.515245948,0,0,0,0.0427712
0.516142467,0,0,0,0.044150916
0.517038986,0,0,0,0.045530632
0.517935504,0,0,0,0.046910348
0.518832023,0,0,0,0.048290065
0.519728542,0,0,0,0.049669781
0.52062506,0,0,0,0.051049497
0.521521579,0,0,0,0.052429213
0.522418098,0,0,0,0.053808929
0.523314617,0,0,0,0.055188645
0.524211135,0,0,0,0.056568361
0.525107654,0,0,0,0.057948077
0.526004173,0,0,0,0.059327794
0.526900692,0,0,0,0.06070751
0.52779721,0,0,0,0.062087226
0.528693729,0,0,0,0.063466942
0.529590248,0,0,0,0.064846658
0.530486767,0,0,0,0.066226374
0.531383285,0,0,0,0.06760609
0.532279804,0,0,0,0.068985806
0.533176323,0,0,0,0.070365523
0.534072841,0,0,0,0.071745239
0.53496936,0,0,0,0.073124955
0.535865879,0,0,0,0.074504671
0.536762398,0,0,0,0.075884387
0.537658916,0,0,0,0.077264103
0.538555435,0,0,0,0.078643819
0.539451954,0,0,0,0.080023535
0.540348473,0,0,0,0.081403252
0.541244991,0,0,0,0.082782968
0.54214151,0,0,0,0.084162684
0.543038029,0,0,0,0.0855424
0.543934548,0,0,0,0.086922116
0.544831066,0,0,0,0.088301832
0.545727585,0,0,0,0.089681548
0.546624104,0,0,0,0.091061265
0.547520622,0,0,0,0.092440981
0.548417141,0,0,0,0.093820697
0.54931366,0,0,0,0.095200413
0.550210179,0,0,0,0.096580129
0.551106697,0,0,0,0.097959845
0.552003216,0,0,0,0.099339561
0.552899735,0,0,0,0.100719277
0.553796254,0,0,0,0.102098994
0.554692772,0,0,0,0.10347871
0.555589291,0,0,0,0.104858426
0.55648581,0,0,0,0.106238142
0.557382329,0,0,0,0.107617858
0.558278847,0,0,0,0.108997574
0.559175366,0,0,0,0.11037729
0.560071885,0,0,0,0.111757006
0.560968404,0,0,0,0.113136723
0.561864922,0,0,0,0.114516439
0.562761441,0,0,0,0.115896155
0.56365796,0,0,0,0.117275871
0.564554478,0,0,0,0.118655587
0.565450997,0,0,0,0.120035303
0.566347516,0,0,0,0.121415019
0.567244035,0,0,0,0.122794736
0.568140553,0,0,0,0.124174452
0.569037072,0,0,0,0.125554168
0.569933591,0,0,0,0.126933884
0.57083011,0,0,0,0.1283136
0.571726628,0,0,0,0.129693316
0.572623147,0,0,0,0.131073032
0.573519666,0,0,0,0.132452748
0.574416185,0,0,0,0.133832465
0.575312703,0,0,0,0.135212181
0.576209222,0,0,0,0.136591897
0.576994496,0,0,0,0.142901037
0.578623108,0,0,0,0.148812937
0.580278012,0,0,0,0.152286849
0.581833153,0,0,0,0.155557552
0.582893392,0,0,0,0.158608364
0.58417449,0,0,0,0.161450864
0.58532521,0,0,0,0.164040331
0.585964886,0,0,0,0.166451646
0.586860218,0,0,0,0.168687964
0.587808627,0,0,0,0.170704607
0.588402848,0,0,0,0.172896453
0.588823458,0,0,0,0.174378913
0.589443866,0,0,0,0.175600356
0.589999758,0,0,0,0.176554291
0.590468787,0,0,0,0.177244598
0.590825683,0,0,0,0.17759401
0.59138017,0,0,0,0.177713942
0.592029403,0,0,0,0.177517416
0.592291606,0,0,0,0.177017467
0.592631002,0,0,0,0.176190781
0.593154572,0,0,0,0.175051273
0.593689696,0,0,0,0.173604408
0.594274027,0,0,0,0.171827033
0.594659884,0,0,0,0.169721676
0.59548602,0,0,0,0.167027616
0.596114248,0,0,0,0.164326155
0.596838751,0,0,0,0.161351365
0.59734338,0,0,0,0.155087518
0.598063878,0,0,0,0.151509489
0.598799603,0,0,0,0.147696364
0.599304371,0,0,0,0.143767913
0.600038064,0,0,0,0.137181115
0.600705575,0,0,0,0.133307901
0.601135538,0,0,0,0.12928988
0.601536909,0,0,0,0.125092851
0.6019373,0,0,0,0.120834077
0.602343615,0,0,0,0.114210555
0.602723425,0,0,0,0.110299854
0.603316685,0,0,0,0.1063268
0.603679445,0,0,0,0.10228024
0.60462159,0,0,0,0.098111234
0.605372488,0,0,0,0.093921097
0.606050776,0,0,0,0.089678419
0.606957758,0,0,0,0.084304845
0.607372729,0,0,0,0.080164752
0.608281602,0,0,0,0.076059502
0.608771293,0,0,0,0.070957616
0.609488729,0,0,0,0.065214317
0.610292549,0,0,0,0.059576564
0.61107441,0,0,0,0.054513399
0.61178668,0,0,0,0.049532458
0.612638536,0,0,0,0.044832513
0.613493543,0,0,0,0.040461976
0.614633474,0,0,0,0.036373456
0.615421174,0,0,0,0.033857245
0.616350495,0,0,0,0.029904308
0.616993393,0,0,0,0.026366451
0.617878573,0,0,0,0.023207434
0.618784872,0,0,0,0.020430314
0.619795101,0,0,0,0.018216567
0.62082505,0,0,0,0.016320293
0.621661423,0,0,0,0.014823948
0.622759584,0,0,0,0.013163134
0.623921537,0,0,0,0.011429108
0.624851803,0,0,0,0.010761853
0.625895548,0,0,0,0.010684807
0.627392872,0,0,0,0.011073071
0.628465382,0,0,0,0.011934423
0.629881276,0,0,0,0.013594335
0.631403063,0,0,0,0.015462743
0.632726883,0,0,0,0.01778196
0.634114188,0,0,0,0.021563495
0.636202976,0,0,0,0.024750404
0.638065054,0,0,0,0.027837898
0.640009855,0,0,0,0.03417226
0.641756544,0,0,0,0.043331628
0.644374824,0,0,0,0.044200672
0.646755404,0,0,0,0.047940305
0.648928699,0,0,0,0.055235538
0.651141076,0,0,0,0.06179068
0.653432628,0,0,0,0.068368632
0.655763798,0,0,0,0.075481335
0.65818357,0,0,0,0.081856396
0.660655426,0,0,0,0.088897697
0.663202471,0,0,0,0.096707813
0.667432599,0,0,0,0.105143758
0.671228067,0,0,0,0.114172539
0.673330187,0,0,0,0.123914567
0.675691525,0,0,0,0.135505494
0.678738152,0,0,0,0.146236485
0.68126454,0,0,0,0.157608796
0.683830432,0,0,0,0.169571381
0.686493286,0,0,0,0.18237782
0.689471673,0,0,0,0.195487712
0.692109967,0,0,0,0.209237699
0.694793331,0,0,0,0.223522913
0.698854798,0,0,0,0.23837107
0.702395069,0,0,0,0.253870606
0.706399708,0,0,0,0.269895426
0.709027609,0,0,0,0.281021161
0.710853841,0,0,0,0.292317332
0.7120644,0,0,0,0.305153029
0.714963221,0,0,0,0.318085646
0.718071923,0,0,0,0.33182558
0.720750976,0,0,0,0.345546824
0.721574556,0,0,0,0.357930699
0.72376382,0,0,0,0.370417219
0.726366027,0,0,0,0.38292347
0.728709848,0,0,0,0.395210583
0.731051822,0,0,0,0.406565085
0.733421707,0,0,0,0.418152577
0.73521275,0,0,0,0.429557993
0.736966537,0,0,0,0.440781288
0.738303968,0,0,0,0.455221192
0.740105239,0,0,0,0.468439216
0.741446564,0,0,0,0.480907817
0.742571815,0,0,0,0.492239027
0.743964663,0,0,0,0.504225696
0.745164608,0,0,0,0.514506067
0.745619301,0,0,0,0.524530818
0.745881945,0,0,0,0.534775925
0.74616657,0,0,0,0.544170136
0.74671614,0,0,0,0.553369657
0.746178368,0,0,0,0.562612925
0.745760153,0,0,0,0.57100845
0.744918234,0,0,0,0.57883983
0.744348652,0,0,0,0.590213325
0.743379798,0,0,0,0.599074557
0.742301587,0,0,0,0.607774885
0.741340145,0,0,0,0.617302193
0.740120778,0,0,0,0.628093757
0.738753057,0,0,0,0.635992894
0.737096698,0,0,0,0.645546612
0.735278878,0,0,0,0.654371981
0.73309168,0,0,0,0.662638477
0.731547154,0,0,0,0.672917275
0.729634699,0,0,0,0.68021025
0.727578009,0,0,0,0.687183411
0.725213006,0,0,0,0.693317015
0.722382174,0,0,0,0.701629738
0.719554859,0,0,0,0.705220712
0.716439444,0,0,0,0.708561522
0.713329951,0,0,0,0.712836328
0.710057341,0,0,0,0.715904258
0.706453547,0,0,0,0.718487515
0.703233961,0,0,0,0.721389301
0.699203631,0,0,0,0.724914046
0.694616702,0,0,0,0.728414808
0.690767891,0,0,0,0.731568852
0.686531567,0,0,0,0.734657861
0.682109352,0,0,0,0.737336454
0.677210662,0,0,0,0.739766771
0.671737537,0,0,0,0.742267358
0.666741144,0,0,0,0.742873993
0.661339689,0,0,0,0.744677771
0.656389785,0,0,0,0.746329332
0.651156539,0,0,0,0.747846595
0.645518912,0,0,0,0.749114314
0.639737749,0,0,0,0.749975083
0.634122358,0,0,0,0.750531912
0.628703805,0,0,0,0.750788052
0.622776553,0,0,0,0.751297952
0.617190875,0,0,0,0.752128294
0.611432247,0,0,0,0.752167372
0.605401599,0,0,0,0.751820623
0.599298716,0,0,0,0.751239463
0.593399316,0,0,0,0.750463869
0.587497003,0,0,0,0.750508693
0.581349243,0,0,0,0.74905229
0.575996192,0,0,0,0.747412183
0.570611859,0,0,0,0.742468667
0.564114435,0,0,0,0.742015724
0.558132474,0,0,0,0.742089241
0.551831298,0,0,0,0.738989248
0.545931915,0,0,0,0.732561516
0.5394876,0,0,0,0.734200706
0.533129148,0,0,0,0.734083762
0.527382916,0,0,0,0.730367334
0.521429982,0,0,0,0.727671123
0.515855566,0,0,0,0.725119739
0.510030582,0,0,0,0.722278243
0.504347693,0,0,0,0.720074328
0.498792943,0,0,0,0.718150076
0.493586964,0,0,0,0.715920055
0.486528015,0,0,0,0.713482225
0.479834472,0,0,0,0.710903983
0.47464302,0,0,0,0.70812069
0.469401406,0,0,0,0.703841935
0.463857809,0,0,0,0.700829978
0.458829064,0,0,0,0.697001498
0.45391038,0,0,0,0.695322628
0.449289249,0,0,0,0.692915527
0.444686565,0,0,0,0.690463927
0.440031961,0,0,0,0.68759286
0.435698999,0,0,0,0.684428892
0.430129684,0,0,0,0.680883869
0.424125187,0,0,0,0.676905262
0.417906256,0,0,0,0.67168014
0.413065446,0,0,0,0.667111147
0.40827354,0,0,0,0.661907571
0.404564572,0,0,0,0.65698155
0.399294721,0,0,0,0.651766783
0.394262988,0,0,0,0.645535207
0.388423934,0,0,0,0.636783511
0.384649846,0,0,0,0.631693845
0.380605122,0,0,0,0.6263635
0.375999391,0,0,0,0.620836142
0.370762009,0,0,0,0.615378361
0.366209122,0,0,0,0.610312039
0.361073179,0,0,0,0.605402705
0.356254804,0,0,0,0.600622057
0.351400006,0,0,0,0.596005234
0.346960091,0,0,0,0.587800568
0.341164909,0,0,0,0.580293734
0.33679381,0,0,0,0.571707998
0.331875801,0,0,0,0.563471007
0.326991338,0,0,0,0.556302668
0.32197676,0,0,0,0.550495677
0.317418024,0,0,0,0.544780496
0.313265191,0,0,0,0.538557504
0.308299084,0,0,0,0.532975626
0.303454263,0,0,0,0.527474837
0.298499691,0,0,0,0.522098866
0.29451869,0,0,0,0.515630951
0.289941149,0,0,0,0.511264633
0.285979544,0,0,0,0.505123095
0.28114247,0,0,0,0.50036304
0.276044251,0,0,0,0.495893052
0.271693784,0,0,0,0.490301107
0.267131937,0,0,0,0.485977591
0.262136632,0,0,0,0.481859223
0.257296191,0,0,0,0.475752328
0.252796188,0,0,0,0.469962628
0.248261929,0,0,0,0.464168268
0.243096058,0,0,0,0.458437993
0.238312017,0,0,0,0.452630698
0.232857424,0,0,0,0.446550224
0.228068963,0,0,0,0.440787262
0.223674254,0,0,0,0.432146646
0.217951713,0,0,0,0.427539144
0.211888876,0,0,0,0.422798743
0.206289646,0,0,0,0.41835617
0.200653027,0,0,0,0.413794026
0.195551091,0,0,0,0.40942319
0.1905277,0,0,0,0.405706022
0.185712223,0,0,0,0.402292888
0.180155012,0,0,0,0.399107767
0.174118731,0,0,0,0.39526852
0.169376621,0,0,0,0.391948299
0.163874493,0,0,0,0.390042976
0.15913515,0,0,0,0.388515905
0.154693762,0,0,0,0.386973264
0.149808807,0,0,0,0.386043932
0.145456365,0,0,0,0.385679583
0.140221463,0,0,0,0.385618339
0.134942573,0,0,0,0.385846901
0.1299381,0,0,0,0.386500455
0.124231826,0,0,0,0.387563811
0.118719078,0,0,0,0.389201164
0.113915815,0,0,0,0.390651646
0.110094016,0,0,0,0.393252632
0.105354705,0,0,0,0.396182182
0.101135693,0,0,0,0.399814311
0.097070327,0,0,0,0.403916377
0.092630077,0,0,0,0.408457627
0.088706865,0,0,0,0.413371085
0.084687864,0,0,0,0.417148394
0.080857547,0,0,0,0.422132056
0.07652852,0,0,0,0.42815413
0.07217808,0,0,0,0.436767753
0.068650698,0,0,0,0.442148754
0.064896524,0,0,0,0.447449246
0.061573611,0,0,0,0.452909846
0.05876743,0,0,0,0.458308631
0.055796243,0,0,0,0.464148292
0.052909574,0,0,0,0.469658204
0.049656408,0,0,0,0.475525028
0.046666097,0,0,0,0.48116086
0.043418745,0,0,0,0.486807342
0.040799552,0,0,0,0.492786008
0.038066665,0,0,0,0.49933494
0.035462164,0,0,0,0.504991822
0.032717883,0,0,0,0.510629422
0.030057555,0,0,0,0.516313584
0.027453079,0,0,0,0.521956188
0.025278911,0,0,0,0.527512711
0.023187955,0,0,0,0.532972484
0.020999924,0,0,0,0.538298258
0.018976815,0,0,0,0.544350162
0.016902938,0,0,0,0.547888125
0.014787514,0,0,0,0.551512436
0.012559113,0,0,0,0.555092754
0.010884916,0,0,0,0.558342723
0.008897894,0,0,0,0.56155674
0.006793711,0,0,0,0.564566784
0.005807071,0,0,0,0.567636953
0.004721709,0,0,0,0.571687658
0.003711595,0,0,0,0.574853769
0.002997626,0,0,0,0.579980394
0.002163804,0,0,0,0.583054426
0.001544229,0,0,0,0.585854214
0.000301005,0,0,0,0.587832573
0,0,0,0,0.592924958
0.000521223,0,0,0,0.595871599
0.000758476,0,0,0,0.598997847
0.00059908,0,0,0,0.602187089
0.000957753,0,0,0,0.605417813
0.000685167,0,0,0,0.608697887
0.000890072,0,0,0,0.612046988
0.00096939,0,0,0,0.615434374
0.00105489,0,0,0,0.618784207
0.001143878,0,0,0,0.6223111
0.001778436,0,0,0,0.625824217
0.001296602,0,0,0,0.630818007
0.001562913,0,0,0,0.636709517
0.001362264,0,0,0,0.640658417
0.001331181,0,0,0,0.644679721
0.001502153,0,0,0,0.648714916
0.001285796,0,0,0,0.652910927
0.001565774,0,0,0,0.657104086
0.001924928,0,0,0,0.661323466
0.002436498,0,0,0,0.66555434
0.00246683,0,0,0,0.671505534
0.002872821,0,0,0,0.676080799
0.002842012,0,0,0,0.682335348
0.003234325,0,0,0,0.687261333
0.004375176,0,0,0,0.694672196
0.00445827,0,0,0,0.699311849
0.004168867,0,0,0,0.70405565
0.004739778,0,0,0,0.708806818
0.005388189,0,0,0,0.716219466
0.005660031,0,0,0,0.720894975
0.007067098,0,0,0,0.725716262
0.008379666,0,0,0,0.7306277
0.00938699,0,0,0,0.735589472
0.011149112,0,0,0,0.74321116
0.012762057,0,0,0,0.748190134
0.013436663,0,0,0,0.753507177
0.015789307,0,0,0,0.759026332
0.018302957,0,0,0,0.764970652
0.020177851,0,0,0,0.770952545
0.022805494,0,0,0,0.777104135
0.024820445,0,0,0,0.783564023
0.027166997,0,0,0,0.790152177
0.028908384,0,0,0,0.796921506
0.032800953,0,0,0,0.804177631
0.036123777,0,0,0,0.813922445
0.039115862,0,0,0,0.823839049
0.042561063,0,0,0,0.832643181
0.045716091,0,0,0,0.84153614
0.048824552,0,0,0,0.850432912
0.05202974,0,0,0,0.859163975
0.05468593,0,0,0,0.867866484
0.059069539,0,0,0,0.875168164
0.06268509,0,0,0,0.884039197
0.067322621,0,0,0,0.892716876
0.07279767,0,0,0,0.901211441
0.078495926,0,0,0,0.909430497
0.082925001,0,0,0,0.917888483
0.086603559,0,0,0,0.92571472
0.090925482,0,0,0,0.933461517
0.095271783,0,0,0,0.940625516
0.100019783,0,0,0,0.94745333
0.105372828,0,0,0,0.953981107
0.11107621,0,0,0,0.960307976
0.11641345,0,0,0,0.965937062
0.122608533,0,0,0,0.971878673
0.128997482,0,0,0,0.976881191
0.135540163,0,0,0,0.981796632
0.14230113,0,0,0,0.986454
0.149068184,0,0,0,0.989324689
0.156066517,0,0,0,0.992735037
0.162485591,0,0,0,0.996224146
0.169376624,0,0,0,0.99682757
0.176785813,0,0,0,0.994598417
0.184024065,0,0,0,0.99692342
0.192091064,0,0,0,0.998823547
0.20002166,0,0,0,0.999229612
0.207656217,0,0,0,1
0.215614729,0,0,0,0.998641549
0.223689688,0,0,0,0.997747361
0.232054061,0,0,0,0.997787291
0.240690964,0,0,0,0.997409093
0.249108748,0,0,0,0.996608853
0.257728245,0,0,0,0.995457262
0.266749974,0,0,0,0.993989721
0.276136693,0,0,0,0.992120986
0.285296657,0,0,0,0.988552216
0.294573266,0,0,0,0.986149344
0.303970204,0,0,0,0.983281201
0.313105036,0,0,0,0.979961165
0.32222983,0,0,0,0.976242355
0.331655241,0,0,0,0.972368446
0.341173096,0,0,0,0.968382642
0.350949577,0,0,0,0.964024732
0.360840635,0,0,0,0.959452707
0.370424691,0,0,0,0.954515673
0.380310391,0,0,0,0.947129222
0.389896524,0,0,0,0.941361144
0.399389971,0,0,0,0.935366637
0.409600761,0,0,0,0.930767556
0.419460095,0,0,0,0.924813645
0.428232756,0,0,0,0.918679494
0.436858535,0,0,0,0.910908217
0.445481149,0,0,0,0.904683149
0.454069862,0,0,0,0.898399802
0.462308833,0,0,0,0.891878759
0.470743074,0,0,0,0.885285979
0.478910995,0,0,0,0.878912466
0.486997595,0,0,0,0.872585456
0.49519169,0,0,0,0.866085886
0.504070618,0,0,0,0.859626002
0.512455344,0,0,0,0.851159314
0.520111797,0,0,0,0.843129235
0.528435647,0,0,0,0.835210591
0.536310822,0,0,0,0.828315102
0.543915569,0,0,0,0.820579348
0.551778532,0,0,0,0.814171919
0.559956714,0,0,0,0.807763478
0.567335891,0,0,0,0.801399052
0.57485229,0,0,0,0.795100777
0.581743254,0,0,0,0.788833679
0.589154648,0,0,0,0.782625577
0.596257034,0,0,0,0.776736517
0.603712823,0,0,0,0.770760553
0.610609273,0,0,0,0.762127846
0.617723253,0,0,0,0.755884319
0.624894084,0,0,0,0.749848923
0.631603418,0,0,0,0.742725162
0.638360692,0,0,0,0.733794133
0.645566443,0,0,0,0.727409265
0.652237638,0,0,0,0.719084009
0.658501804,0,0,0,0.711239733
0.664896756,0,0,0,0.705564918
0.670871874,0,0,0,0.695817671
0.676779806,0,0,0,0.688727654
0.683764211,0,0,0,0.681473348
0.690030343,0,0,0,0.674879097
0.695535325,0,0,0,0.665722713
0.700897892,0,0,0,0.661033503
0.706476428,0,0,0,0.656411288
0.711385715,0,0,0,0.651924954
0.716370057,0,0,0,0.647476222
0.721705395,0,0,0,0.643289919
0.726190654,0,0,0,0.639180438
0.731454097,0,0,0,0.634148352
0.736291836,0,0,0,0.628788955
0.741124514,0,0,0,0.623418129
0.746165623,0,0,0,0.617441417
0.750939069,0,0,0,0.612116185
0.756261022,0,0,0,0.606778797
0.761353574,0,0,0,0.601484765
0.766094875,0,0,0,0.597278585
0.771725712,0,0,0,0.591617656
0.776100859,0,0,0,0.585796263
0.780963065,0,0,0,0.579272656
0.785403074,0,0,0,0.573167218
0.790585097,0,0,0,0.567165781
0.795927507,0,0,0,0.560829011
0.801587793,0,0,0,0.554400338
0.807676857,0,0,0,0.547909491
0.813405437,0,0,0,0.541334017
0.819458549,0,0,0,0.534608186
0.824969665,0,0,0,0.527585408
0.830674768,0,0,0,0.520796226
0.835858032,0,0,0,0.513889161
0.840621308,0,0,0,0.506896413
0.846118931,0,0,0,0.499491266
0.850646682,0,0,0,0.491769757
0.855870448,0,0,0,0.485455643
0.860977835,0,0,0,0.478114019
0.866431038,0,0,0,0.47022926
0.871645495,0,0,0,0.464641623
0.876801049,0,0,0,0.462212499
0.882000017,0,0,0,0.455216157
0.886956347,0,0,0,0.448118647
0.891611316,0,0,0,0.442221387
0.897028388,0,0,0,0.435306661
0.902076938,0,0,0,0.429908867
0.907119265,0,0,0,0.424352667
0.911837352,0,0,0,0.417867503
0.916503061,0,0,0,0.410909508
0.921333163,0,0,0,0.404003832
0.9259912,0,0,0,0.397107975
0.930412176,0,0,0,0.390189015
0.93406654,0,0,0,0.383380487
0.937924097,0,0,0,0.37804737
0.941980521,0,0,0,0.371415099
0.94527562,0,0,0,0.364901858
0.948852473,0,0,0,0.356710145
0.952402429,0,0,0,0.349149692
0.955783828,0,0,0,0.341510724
0.959163235,0,0,0,0.333841805
0.962144249,0,0,0,0.326515355
0.964340298,0,0,0,0.319409826
0.967794153,0,0,0,0.312571999
0.97046275,0,0,0,0.306084353
0.973476449,0,0,0,0.299780687
0.976030677,0,0,0,0.294063423
0.978156392,0,0,0,0.287887371
0.979960302,0,0,0,0.282594034
0.981881096,0,0,0,0.277576411
0.984012262,0,0,0,0.27652096
0.985480397,0,0,0,0.271970407
0.987054331,0,0,0,0.267670753
0.988527823,0,0,0,0.263911343
0.989993144,0,0,0,0.260181519
0.991278787,0,0,0,0.256484342
0.992976411,0,0,0,0.252971457
0.994300569,0,0,0,0.249666702
0.995103439,0,0,0,0.246618996
0.995843886,0,0,0,0.245885221
0.997135153,0,0,0,0.245199427
0.997810719,0,0,0,0.244898299
0.998519586,0,0,0,0.245909193
0.999087838,0,0,0,0.246040252
0.999290718,0,0,0,0.245163
0.999521933,0,0,0,0.244308472
0.999161211,0,0,0,0.243523182
0.999715612,0,0,0,0.242898321
1,0,0,0,0.24235264
0.999729195,0,0,0,0.241878517
0.999115725,0,0,0,0.241304503
0.998519645,0,0,0,0.240916477
0.997714535,0,0,0,0.241967596
0.996418277,0,0,0,0.241147191
0.995510684,0,0,0,0.240828701
0.994544273,0,0,0,0.244027241
0.99349765,0,0,0,0.243345912
0.99215341,0,0,0,0.242678977
0.990613067,0,0,0,0.244411497
0.988956097,0,0,0,0.246285042
0.987234036,0,0,0,0.246266301
0.985504376,0,0,0,0.247902249
0.984066401,0,0,0,0.249779885
0.981468872,0,0,0,0.252157124
0.978794433,0,0,0,0.254489116
0.976840651,0,0,0,0.260101601
0.975735364,0,0,0,0.262106319
0.974352345,0,0,0,0.26419081
0.97325024,0,0,0,0.266407699
0.971529265,0,0,0,0.268945614
0.970181735,0,0,0,0.2715387
0.968500819,0,0,0,0.274013709
0.96680165,0,0,0,0.275919407
0.964832806,0,0,0,0.277907962
0.962741699,0,0,0,0.280989662
0.960337401,0,0,0,0.284453293
0.958178351,0,0,0,0.286379875
0.955775285,0,0,0,0.288256654
0.95349529,0,0,0,0.290006608
0.950300297,0,0,0,0.291975584
0.946455815,0,0,0,0.29373886
0.943802399,0,0,0,0.295592383
0.940832756,0,0,0,0.297854354
0.937855136,0,0,0,0.299694665
0.934856746,0,0,0,0.3011489
0.931825711,0,0,0,0.302710621
0.928547958,0,0,0,0.304847188
0.924125265,0,0,0,0.306161293
0.920502785,0,0,0,0.307411958
0.916158616,0,0,0,0.308530776
0.912226233,0,0,0,0.309606415
0.908673954,0,0,0,0.310062183
0.904780843,0,0,0,0.311030119
0.901376017,0,0,0,0.3119942
0.897209142,0,0,0,0.313237035
0.893675311,0,0,0,0.313725673
0.889834012,0,0,0,0.31407066
0.885964812,0,0,0,0.314351638
0.881996178,0,0,0,0.314355761
0.87780148,0,0,0,0.314349375
0.87314156,0,0,0,0.314160306
0.868763725,0,0,0,0.31377502
0.864112201,0,0,0,0.313357639
0.859905624,0,0,0,0.312676096
0.855046355,0,0,0,0.311796852
0.850484812,0,0,0,0.310978355
0.845766347,0,0,0,0.310032226
0.841299171,0,0,0,0.308603966
0.836802157,0,0,0,0.307531183
0.832223254,0,0,0,0.306564727
0.827368739,0,0,0,0.305305546
0.822325472,0,0,0,0.303634135
0.817503461,0,0,0,0.302232881
0.812403728,0,0,0,0.300708764
0.806876988,0,0,0,0.299135916
0.801902221,0,0,0,0.29728561
0.796858344,0,0,0,0.297191034
0.791966043,0,0,0,0.2969761
0.786965107,0,0,0,0.29644019
0.781798375,0,0,0,0.296662676
0.776719249,0,0,0,0.296864629
0.771990944,0,0,0,0.297146131
0.766429343,0,0,0,0.297661842
0.761122161,0,0,0,0.297985667
0.755692059,0,0,0,0.298065991
0.750505509,0,0,0,0.298709289
0.745378355,0,0,0,0.299238919
0.740467995,0,0,0,0.299808354
0.735592872,0,0,0,0.30077095
0.730246665,0,0,0,0.299134854
0.724807542,0,0,0,0.299550709
0.718787896,0,0,0,0.299909677
0.713153073,0,0,0,0.300239518
0.7070916,0,0,0,0.30085729
0.701424539,0,0,0,0.301416616
0.695607669,0,0,0,0.302186632
0.689815975,0,0,0,0.30295009
0.684559017,0,0,0,0.303735033
0.679072041,0,0,0,0.304644766
0.67355027,0,0,0,0.305318947
0.668083389,0,0,0,0.305987572
0.663076519,0,0,0,0.304399148
0.657738813,0,0,0,0.304642214
0.652622455,0,0,0,0.304941547
0.646967688,0,0,0,0.305091233
0.64230138,0,0,0,0.305172467
0.63687364,0,0,0,0.305107569
0.631198995,0,0,0,0.305321294
0.626194162,0,0,0,0.305185055
0.621216077,0,0,0,0.304957706
0.616390419,0,0,0,0.304683331
0.61157759,0,0,0,0.302935622
0.607433294,0,0,0,0.303409732
0.602996399,0,0,0,0.302588799
0.598690979,0,0,0,0.29950648
0.595806118,0,0,0,0.298934495
0.591436413,0,0,0,0.298494281
0.587189884,0,0,0,0.297880583
0.583642851,0,0,0,0.297032351
0.579653096,0,0,0,0.29644009
0.577121307,0,0,0,0.295717487
0.572981625,0,0,0,0.295119958
0.568652447,0,0,0,0.29459188
0.564556364,0,0,0,0.294135442
0.561010657,0,0,0,0.293819349
0.558170292,0,0,0,0.29383117
0.553990543,0,0,0,0.293713241
0.549835732,0,0,0,0.293385431
0.545925071,0,0,0,0.293010945
0.54183163,0,0,0,0.292546395
0.538172939,0,0,0,0.291957539
0.534585747,0,0,0,0.291477267
0.530741086,0,0,0,0.290820373
0.527222677,0,0,0,0.28944532
0.523469634,0,0,0,0.287578301
0.519793813,0,0,0,0.286385448
0.516227722,0,0,0,0.285174644
0.513114011,0,0,0,0.28388182
0.511981716,0,0,0,0.282600572
0.510008389,0,0,0,0.281265589
0.506748896,0,0,0,0.279787921
0.504215607,0,0,0,0.278463962
0.501317289,0,0,0,0.276923481
0.498493136,0,0,0,0.275646879
0.495971134,0,0,0,0.274200115
0.494022376,0,0,0,0.272187289
0.493174442,0,0,0,0.271113682
0.492219403,0,0,0,0.269250439
0.491238435,0,0,0,0.267359438
0.49020061,0,0,0,0.265476954
0.488963231,0,0,0,0.264089083
0.487353378,0,0,0,0.262112215
0.4859234,0,0,0,0.260338658
0.484381164,0,0,0,0.258439006
0.482869628,0,0,0,0.257054404
0.481316661,0,0,0,0.255043266
0.479799867,0,0,0,0.252763066
0.478275208,0,0,0,0.251052759
0.476762095,0,0,0,0.249523001
0.475625796,0,0,0,0.247561056
0.473917907,0,0,0,0.247096822
0.473575793,0,0,0,0.247739355
0.473254802,0,0,0,0.247359788
0.4709306,0,0,0,0.246816874
0.46879239,0,0,0,0.246171224
0.46688015,0,0,0,0.245412448
0.464663638,0,0,0,0.244941312
0.462012592,0,0,0,0.243971863
0.459339748,0,0,0,0.242710802
0.456460548,0,0,0,0.241526721
0.45405127,0,0,0,0.240708983
0.451345979,0,0,0,0.239416529
0.449909456,0,0,0,0.239096351
0.447059085,0,0,0,0.237570119
0.4440374,0,0,0,0.236031249
0.441131683,0,0,0,0.234394359
0.437475979,0,0,0,0.23281285
0.434034823,0,0,0,0.231642376
0.430649611,0,0,0,0.231156703
0.426706903,0,0,0,0.229459336
0.42318921,0,0,0,0.227710399
0.419352724,0,0,0,0.225863904
0.415706216,0,0,0,0.224837565
0.411775702,0,0,0,0.223434343
0.408370082,0,0,0,0.221683683
0.403829623,0,0,0,0.220147472
0.399749438,0,0,0,0.219527337
0.394592922,0,0,0,0.218368958
0.389569649,0,0,0,0.217235567
0.38348176,0,0,0,0.215291687
0.377871437,0,0,0,0.213524698
0.372381407,0,0,0,0.21177725
0.367222503,0,0,0,0.210044028
0.362231408,0,0,0,0.20844256
0.3570808,0,0,0,0.206763814
0.352066279,0,0,0,0.205194234
0.346654371,0,0,0,0.20355916
0.34178424,0,0,0,0.20185235
0.336759658,0,0,0,0.200338001
0.331920874,0,0,0,0.198899774
0.326934083,0,0,0,0.197577106
0.322497672,0,0,0,0.196325056
0.317990806,0,0,0,0.194906585
0.313711097,0,0,0,0.193819759
0.309347024,0,0,0,0.192873648
0.305169008,0,0,0,0.192044383
0.301591042,0,0,0,0.191030131
0.297809602,0,0,0,0.190407153
0.294284857,0,0,0,0.189910652
0.290716031,0,0,0,0.189549186
0.287435144,0,0,0,0.188980113
0.284070147,0,0,0,0.18819036
0.281059648,0,0,0,0.188060292
0.278148349,0,0,0,0.1877295
0.274053127,0,0,0,0.18773911
0.27154798,0,0,0,0.187806615
0.268998493,0,0,0,0.188035518
0.266302728,0,0,0,0.188503329
0.264289826,0,0,0,0.18895669
0.261015093,0,0,0,0.189613543
0.259015277,0,0,0,0.190370744
0.257494416,0,0,0,0.191184391
0.256081933,0,0,0,0.191928573
0.254856029,0,0,0,0.192641983
0.252263191,0,0,0,0.192786832
0.250985946,0,0,0,0.193120303
0.250153485,0,0,0,0.193559681
0.249205247,0,0,0,0.194010165
0.248728684,0,0,0,0.194457828
0.248421423,0,0,0,0.195037325
0.247901985,0,0,0,0.195519592
0.247841818,0,0,0,0.196113124
0.24797759,0,0,0,0.196431423
0.248626381,0,0,0,0.197088227
0.249420042,0,0,0,0.19782126
0.250143672,0,0,0,0.198600478
0.250983491,0,0,0,0.199412134
0.250128901,0,0,0,0.200217116
0.250823163,0,0,0,0.201043107
0.252374964,0,0,0,0.201910983
0.253358601,0,0,0,0.202734652
0.254919297,0,0,0,0.203611983
0.256648323,0,0,0,0.204538489
0.258378938,0,0,0,0.205512557
0.259635811,0,0,0,0.206259356
0.26070334,0,0,0,0.206660228
0.2614847,0,0,0,0.207774011
0.262398758,0,0,0,0.208995096
0.263049072,0,0,0,0.210248963
0.263632784,0,0,0,0.211659791
0.264768405,0,0,0,0.213175025
0.265621147,0,0,0,0.214400079
0.266729256,0,0,0,0.215306805
0.267822383,0,0,0,0.216216974
0.268772023,0,0,0,0.21778963
0.269679694,0,0,0,0.219650911
0.270510885,0,0,0,0.221206186
0.271300617,0,0,0,0.222760937
0.271777695,0,0,0,0.224859783
0.272771063,0,0,0,0.225542457
0.272034687,0,0,0,0.224859305
0.27090787,0,0,0,0.225043272
0.271610111,0,0,0,0.225241413
0.271990941,0,0,0,0.225395029
0.272075685,0,0,0,0.225519737
0.272034852,0,0,0,0.225252241
0.272169596,0,0,0,0.225307729
0.272237429,0,0,0,0.225354595
0.272533723,0,0,0,0.225404892
0.272180779,0,0,0,0.225370378
0.271870837,0,0,0,0.22536254
0.270153669,0,0,0,0.224181991
0.269725723,0,0,0,0.224011275
0.269199658,0,0,0,0.223865628
0.268244266,0,0,0,0.223751516
0.267634016,0,0,0,0.223605351
0.266701251,0,0,0,0.223524991
0.265553844,0,0,0,0.222251973
0.264589608,0,0,0,0.222053875
0.263130931,0,0,0,0.221858204
0.261806814,0,0,0,0.221619367
0.260125183,0,0,0,0.220651263
0.258218249,0,0,0,0.220363805
0.255212289,0,0,0,0.219954551
0.252777486,0,0,0,0.219525943
0.249721808,0,0,0,0.218136803
0.247368691,0,0,0,0.21680216
0.244531942,0,0,0,0.215621874
0.243258749,0,0,0,0.215286171
0.241985555,0,0,0,0.214950467
0.240712361,0,0,0,0.214614763
0.239439168,0,0,0,0.21427906
0.238165974,0,0,0,0.213943356
0.23689278,0,0,0,0.213607652
0.235619586,0,0,0,0.213271949
0.234346393,0,0,0,0.212936245
0.233073199,0,0,0,0.212600541
0.231800005,0,0,0,0.212264838
0.230526812,0,0,0,0.211929134
0.229253618,0,0,0,0.21159343
0.227980424,0,0,0,0.211257727
0.22670723,0,0,0,0.210922023
0.225434037,0,0,0,0.210586319
0.224160843,0,0,0,0.210250616
0.222887649,0,0,0,0.209914912
0.221614456,0,0,0,0.209579208
0.220341262,0,0,0,0.209243504
0.219068068,0,0,0,0.208907801
0.217794874,0,0,0,0.208572097
0.216521681,0,0,0,0.208236393
0.215248487,0,0,0,0.20790069
0.213975293,0,0,0,0.207564986
0.2127021,0,0,0,0.207229282
0.211428906,0,0,0,0.206893579
0.210155712,0,0,0,0.206557875
0.208882518,0,0,0,0.206222171
0.207609325,0,0,0,0.205886468
0.206336131,0,0,0,0.205550764
0.205062937,0,0,0,0.20521506
0.203789744,0,0,0,0.204879357
0.20251655,0,0,0,0.204543653
0.201243356,0,0,0,0.204207949
0.199970163,0,0,0,0.203872246
0.198696969,0,0,0,0.203536542
0.197423775,0,0,0,0.203200838
0.196150581,0,0,0,0.202865135
0.194877388,0,0,0,0.202529431
0.193604194,0,0,0,0.202193727
0.192331,0,0,0,0.201858024
0.191057807,0,0,0,0.20152232
0.189784613,0,0,0,0.201186616
0.188511419,0,0,0,0.200850912
0.187238225,0,0,0,0.200515209
0.185965032,0,0,0,0.200179505
0.184691838,0,0,0,0.199843801
0.183418644,0,0,0,0.199508098
0.182145451,0,0,0,0.199172394
0.180872257,0,0,0,0.19883669
0.171279456,0,0,0,0.191640366
0.170373712,0,0,0,0.191607673
0.169502632,0,0,0,0.191603566
0.168666218,0,0,0,0.191628045
0.167864469,0,0,0,0.19168111
0.167097384,0,0,0,0.191762761
0.166364965,0,0,0,0.191872997
0.165667211,0,0,0,0.19201182
0.165004122,0,0,0,0.192179228
0.164375698,0,0,0,0.192375223
0.163781938,0,0,0,0.192599803
0.163222844,0,0,0,0.192852969
0.162698415,0,0,0,0.193134722
0.162208651,0,0,0,0.19344506
0.161753552,0,0,0,0.193783984
0.161333118,0,0,0,0.194151494
0.160947349,0,0,0,0.194547589
0.160596245,0,0,0,0.194972271
0.160279806,0,0,0,0.195425539
0.159998033,0,0,0,0.195907392
0.159750924,0,0,0,0.196417832
0.15953848,0,0,0,0.196956857
0.159360701,0,0,0,0.197524469
0.159217587,0,0,0,0.198120666
0.159109139,0,0,0,0.198745449
0.159035355,0,0,0,0.199398818
0.158996236,0,0,0,0.200080773
0.158991783,0,0,0,0.200791314
0.159021994,0,0,0,0.201530441
0.159086871,0,0,0,0.202298154
0.159186412,0,0,0,0.203094453
0.159320619,0,0,0,0.203919337
0.15948949,0,0,0,0.204772808
0.159693027,0,0,0,0.205654864
0.159931228,0,0,0,0.206565507
0.160204095,0,0,0,0.207504735
0.160511627,0,0,0,0.208472549
0.160853823,0,0,0,0.209468949
0.161230685,0,0,0,0.210493935
0.161642212,0,0,0,0.211547507
0.162088403,0,0,0,0.212629665
0.16256926,0,0,0,0.213740409
0.163084782,0,0,0,0.214879739
0.163634969,0,0,0,0.216047655
0.164219821,0,0,0,0.217244156
0.164839338,0,0,0,0.218469244
0.16549352,0,0,0,0.219722917
0.166182367,0,0,0,0.221005176
0.166905879,0,0,0,0.222316022
0.167664056,0,0,0,0.223655453
0.332739344,0,0,0,0.663414417
0.332733096,0,0,0,0.663149944
0.332726848,0,0,0,0.662885471
0.3327206,0,0,0,0.662620998
0.332714352,0,0,0,0.662356524
0.332708104,0,0,0,0.662092051
0.332701856,0,0,0,0.661827578
0.332695608,0,0,0,0.661563105
0.33268936,0,0,0,0.661298632
0.332683112,0,0,0,0.661034159
0.332676864,0,0,0,0.660769686
0.332670616,0,0,0,0.660505213
0.332664368,0,0,0,0.66024074
0.33265812,0,0,0,0.659976267
0.332651872,0,0,0,0.659711794
0.332645624,0,0,0,0.659447321
0.332639376,0,0,0,0.659182848
0.332633128,0,0,0,0.658918375
0.33262688,0,0,0,0.658653902
0.332620632,0,0,0,0.658389429
0.332614384,0,0,0,0.658124956
0.332608136,0,0,0,0.657860483
0.332601888,0,0,0,0.65759601
0.33259564,0,0,0,0.657331536
0.332589392,0,0,0,0.657067063
0.332583144,0,0,0,0.65680259
0.332576896,0,0,0,0.656538117
0.332570648,0,0,0,0.656273644
0.3325644,0,0,0,0.656009171
0.332558153,0,0,0,0.655744698
0.332551905,0,0,0,0.655480225
0.332545657,0,0,0,0.655215752
0.332539409,0,0,0,0.654951279
0.332533161,0,0,0,0.654686806
0.332526913,0,0,0,0.654422333
0.332520665,0,0,0,0.65415786
0.332514417,0,0,0,0.653893387
0.332508169,0,0,0,0.653628914
0.332501921,0,0,0,0.653364441
0.332495673,0,0,0,0.653099968
0.332489425,0,0,0,0.652835495
0.332483177,0,0,0,0.652571022
0.332476929,0,0,0,0.652306548
0.332470681,0,0,0,0.652042075
0.332464433,0,0,0,0.651777602
0.332458185,0,0,0,0.651513129
0.332451937,0,0,0,0.651248656
0.332445689,0,0,0,0.650984183
0.332439441,0,0,0,0.65071971
0.332433193,0,0,0,0.650455237
0.332426945,0,0,0,0.650190764
0.332420697,0,0,0,0.649926291
0.332414449,0,0,0,0.649661818
0.332408201,0,0,0,0.649397345
0.332401953,0,0,0,0.649132872
0.332395705,0,0,0,0.648868399
0.332389457,0,0,0,0.648603926
0.332383209,0,0,0,0.648339453
0.332376961,0,0,0,0.64807498
0.332370713,0,0,0,0.647810507
0.332364465,0,0,0,0.647546033
0.332358218,0,0,0,0.64728156
0.33235197,0,0,0,0.647017087
0.332345722,0,0,0,0.646752614
0.332339474,0,0,0,0.646488141
0.332333226,0,0,0,0.646223668
0.332326978,0,0,0,0.645959195
0.33232073,0,0,0,0.645694722
0.332314482,0,0,0,0.645430249
0.332308234,0,0,0,0.645165776
0.332301986,0,0,0,0.644901303
0.332295738,0,0,0,0.64463683
0.33228949,0,0,0,0.644372357
0.332283242,0,0,0,0.644107884
0.332276994,0,0,0,0.643843411
0.332270746,0,0,0,0.643578938
0.332264498,0,0,0,0.643314465
0.33225825,0,0,0,0.643049992
0.332252002,0,0,0,0.642785519
0.332245754,0,0,0,0.642521045
0.332239506,0,0,0,0.642256572
0.332233258,0,0,0,0.641992099
0.33222701,0,0,0,0.641727626
0.332220762,0,0,0,0.641463153
0.332214514,0,0,0,0.64119868
0.332208266,0,0,0,0.640934207
0.332202018,0,0,0,0.640669734
0.33219577,0,0,0,0.640405261
0.332189522,0,0,0,0.640140788
0.332183274,0,0,0,0.639876315
0.332177026,0,0,0,0.639611842
0.332170778,0,0,0,0.639347369
0.33216453,0,0,0,0.639082896
0.332158283,0,0,0,0.638818423
0.332152035,0,0,0,0.63855395
0.332145787,0,0,0,0.638289477
0.332139539,0,0,0,0.638025004
0.332133291,0,0,0,0.637760531
0.332127043,0,0,0,0.637496057
0.332120795,0,0,0,0.637231584
0.33236888,0,0,0,0.637980431
0.332531083,0,0,0,0.639545668
0.332639386,0,0,0,0.640004664
0.332094201,0,0,0,0.64199925
0.331654719,0,0,0,0.645756598
0.331284577,0,0,0,0.648709488
0.331038109,0,0,0,0.649047162
0.330736896,0,0,0,0.648799697
0.330805513,0,0,0,0.648638398
0.330730948,0,0,0,0.645988522
0.330950832,0,0,0,0.643748421
0.331275392,0,0,0,0.643092418
0.331412001,0,0,0,0.644474254
0.331615201,0,0,0,0.644680581
0.331976662,0,0,0,0.643227099
0.332307879,0,0,0,0.641198065
0.332443951,0,0,0,0.641527716
0.332464342,0,0,0,0.639301761
0.332850051,0,0,0,0.636889945
0.333232428,0,0,0,0.636465001
0.333351702,0,0,0,0.633674636
0.333421927,0,0,0,0.632761453
0.333461213,0,0,0,0.629664705
0.333642853,0,0,0,0.626461527
0.333497284,0,0,0,0.623405843
0.333486409,0,0,0,0.622196631
0.33337081,0,0,0,0.619156008
0.333435341,0,0,0,0.617860277
0.33328035,0,0,0,0.61438761
0.333129634,0,0,0,0.610284273
0.333303711,0,0,0,0.605172884
0.333091272,0,0,0,0.601751585
0.332983573,0,0,0,0.598601968
0.33307457,0,0,0,0.595704695
0.33321452,0,0,0,0.592692817
0.333450948,0,0,0,0.589839106
0.33360397,0,0,0,0.589043368
0.333680084,0,0,0,0.585991085
0.333806696,0,0,0,0.582741748
0.333638299,0,0,0,0.57954885
0.333390571,0,0,0,0.57703498
0.333278149,0,0,0,0.574330402
0.333208229,0,0,0,0.571931233
0.333128522,0,0,0,0.569059352
0.333289017,0,0,0,0.566471829
0.332986472,0,0,0,0.563572693
0.333210204,0,0,0,0.561429955
0.333071951,0,0,0,0.558799383
0.333159798,0,0,0,0.55626239
0.332973818,0,0,0,0.553664676
0.332880656,0,0,0,0.551216911
0.332766058,0,0,0,0.548796564
0.332582023,0,0,0,0.546601962
0.332428941,0,0,0,0.544395238
0.33229875,0,0,0,0.542804267
0.332004753,0,0,0,0.540850269
0.332115933,0,0,0,0.539031691
0.331956733,0,0,0,0.537292173
0.331772042,0,0,0,0.535925623
0.331474459,0,0,0,0.534903258
0.331183569,0,0,0,0.533947753
0.33107616,0,0,0,0.532814689
0.330801986,0,0,0,0.532994832
0.330461675,0,0,0,0.532050031
0.330381103,0,0,0,0.53178517
0.330198244,0,0,0,0.531333288
0.32959962,0,0,0,0.531473044
0.329436258,0,0,0,0.531283324
0.328993958,0,0,0,0.531512282
0.328455794,0,0,0,0.531865795
0.328174485,0,0,0,0.532801567
0.327805114,0,0,0,0.533060968
0.327245307,0,0,0,0.534181052
0.326476005,0,0,0,0.534881025
0.325671563,0,0,0,0.53613777
0.325104106,0,0,0,0.537323576
0.324299354,0,0,0,0.538836095
0.323603979,0,0,0,0.540281334
0.322699525,0,0,0,0.542257855
0.321721652,0,0,0,0.544088364
0.320782801,0,0,0,0.546214333
0.319760118,0,0,0,0.548417477
0.318719733,0,0,0,0.550513097
0.317642129,0,0,0,0.552488414
0.31657111,0,0,0,0.554788456
0.315340691,0,0,0,0.557253721
0.314447603,0,0,0,0.560237594
0.313236156,0,0,0,0.563307755
0.311995465,0,0,0,0.566513661
0.31091558,0,0,0,0.569777258
0.309935299,0,0,0,0.573594748
0.308923681,0,0,0,0.577555967
0.307841398,0,0,0,0.5817765
0.306479836,0,0,0,0.585754638
0.305561804,0,0,0,0.59207643
0.304474041,0,0,0,0.597761938
0.303672221,0,0,0,0.601763063
0.302585258,0,0,0,0.605504676
0.301615638,0,0,0,0.609235298
0.300428398,0,0,0,0.611915669
0.299109157,0,0,0,0.613485573
0.298312334,0,0,0,0.615886727
0.297998158,0,0,0,0.616674624
0.297719806,0,0,0,0.614814041
0.297548943,0,0,0,0.613050729
0.29747192,0,0,0,0.612807218
0.297373996,0,0,0,0.611530621
0.296934257,0,0,0,0.612828413
0.296711146,0,0,0,0.614850768
0.296396572,0,0,0,0.616070615
0.296118367,0,0,0,0.61605611
0.296222308,0,0,0,0.613121875
0.296299476,0,0,0,0.610819167
0.29629754,0,0,0,0.609679503
0.296164054,0,0,0,0.608852503
0.296374947,0,0,0,0.604987664
0.296732226,0,0,0,0.605953906
0.296736518,0,0,0,0.606395166
0.29676831,0,0,0,0.602504635
0.297477896,0,0,0,0.600330424
0.298356781,0,0,0,0.595693081
0.299053362,0,0,0,0.593157467
0.299703476,0,0,0,0.591550538
0.300761078,0,0,0,0.589428847
0.301686447,0,0,0,0.585575168
0.302973637,0,0,0,0.582994702
0.304017661,0,0,0,0.577789646
0.305318725,0,0,0,0.573558752
0.306722103,0,0,0,0.57138602
0.307791648,0,0,0,0.570828432
0.309234529,0,0,0,0.568465832
0.310714871,0,0,0,0.565900112
0.312464313,0,0,0,0.563397485
0.314280753,0,0,0,0.561215306
0.316036046,0,0,0,0.559229251
0.317448844,0,0,0,0.554813967
0.319210092,0,0,0,0.552412094
0.320860755,0,0,0,0.549011159
0.323349079,0,0,0,0.546989834
0.325733992,0,0,0,0.544176712
0.328143276,0,0,0,0.541847683
0.330724389,0,0,0,0.538950531
0.33312068,0,0,0,0.53728844
0.335784704,0,0,0,0.535796302
0.338734543,0,0,0,0.534866344
0.341120763,0,0,0,0.533481064
0.344366727,0,0,0,0.532657605
0.347404383,0,0,0,0.532043716
0.350387157,0,0,0,0.532367082
0.353717385,0,0,0,0.532720945
0.35706137,0,0,0,0.533541322
0.360853487,0,0,0,0.534361662
0.364441779,0,0,0,0.535296647
0.368195508,0,0,0,0.535918026
0.37236731,0,0,0,0.537894209
0.375918958,0,0,0,0.539371291
0.379658566,0,0,0,0.541406311
0.383948242,0,0,0,0.543094377
0.388425842,0,0,0,0.545410781
0.392644603,0,0,0,0.547924758
0.396726995,0,0,0,0.55124916
0.401207076,0,0,0,0.553043435
0.405367726,0,0,0,0.556125576
0.409332974,0,0,0,0.558615296
0.413883208,0,0,0,0.562149707
0.418586854,0,0,0,0.565073742
0.423158779,0,0,0,0.56893073
0.427659719,0,0,0,0.571927632
0.432696226,0,0,0,0.574889316
0.436858152,0,0,0,0.577245128
0.441121834,0,0,0,0.580482839
0.44597305,0,0,0,0.583360187
0.450717705,0,0,0,0.586737848
0.455778217,0,0,0,0.589052402
0.460567428,0,0,0,0.591797466
0.465241378,0,0,0,0.594003828
0.469936076,0,0,0,0.596884801
0.474426813,0,0,0,0.598570108
0.479252168,0,0,0,0.600721758
0.483709836,0,0,0,0.602286149
0.488536309,0,0,0,0.604519837
0.493282917,0,0,0,0.606685986
0.49799715,0,0,0,0.608115231
0.502358139,0,0,0,0.607206942
0.507082421,0,0,0,0.607596727
0.511045492,0,0,0,0.608192967
0.515881179,0,0,0,0.609580679
0.520696397,0,0,0,0.610448154
0.525101777,0,0,0,0.611263519
0.529461864,0,0,0,0.610564356
0.533925564,0,0,0,0.61186695
0.538119591,0,0,0,0.610406511
0.542487552,0,0,0,0.609442977
0.546954006,0,0,0,0.60419986
0.551375327,0,0,0,0.598789034
0.555395841,0,0,0,0.595158084
0.559966863,0,0,0,0.590877772
0.564617922,0,0,0,0.589890278
0.569355036,0,0,0,0.588572647
0.57425823,0,0,0,0.5846121
0.578583492,0,0,0,0.580072835
0.582581181,0,0,0,0.573639014
0.586915224,0,0,0,0.571600132
0.591342475,0,0,0,0.568605226
0.595368367,0,0,0,0.563739366
0.599465859,0,0,0,0.559563209
0.603564303,0,0,0,0.554593761
0.607883868,0,0,0,0.550776254
0.611909729,0,0,0,0.545042863
0.616211371,0,0,0,0.537089798
0.620250215,0,0,0,0.533090323
0.624243981,0,0,0,0.526732409
0.628168833,0,0,0,0.522716935
0.63244573,0,0,0,0.516556723
0.6362483,0,0,0,0.511089655
0.640129754,0,0,0,0.502491494
0.644220395,0,0,0,0.492431136
0.648218734,0,0,0,0.486528209
0.65212015,0,0,0,0.481986415
0.656040622,0,0,0,0.477737951
0.660138244,0,0,0,0.473713535
0.663816095,0,0,0,0.468283511
0.667518033,0,0,0,0.463539963
0.671075104,0,0,0,0.458519593
0.674308677,0,0,0,0.454283907
0.677927904,0,0,0,0.45052048
0.681667286,0,0,0,0.447753451
0.685822962,0,0,0,0.445684799
0.689987437,0,0,0,0.44382092
0.694323125,0,0,0,0.440123097
0.698970038,0,0,0,0.43660722
0.70345279,0,0,0,0.430913487
0.707680635,0,0,0,0.425349563
0.712176539,0,0,0,0.420082305
0.717245377,0,0,0,0.41797259
0.722465294,0,0,0,0.415733873
0.727711094,0,0,0,0.415145688
0.732191577,0,0,0,0.413051182
0.737381302,0,0,0,0.41215296
0.742790637,0,0,0,0.411428261
0.748027834,0,0,0,0.411554363
0.753438778,0,0,0,0.411252206
0.758488523,0,0,0,0.409655571
0.763764366,0,0,0,0.410069674
0.768949326,0,0,0,0.408794661
0.773936628,0,0,0,0.411605536
0.779128038,0,0,0,0.413085263
0.784683403,0,0,0,0.415590127
0.789686836,0,0,0,0.417106167
0.794939001,0,0,0,0.41811575
0.800214868,0,0,0,0.419669913
0.805318454,0,0,0,0.421351839
0.810527353,0,0,0,0.423429048
0.815702807,0,0,0,0.424831493
0.821110952,0,0,0,0.427524954
0.826633777,0,0,0,0.427711054
0.831817445,0,0,0,0.431022769
0.836824456,0,0,0,0.433643719
0.842002066,0,0,0,0.436492489
0.847219085,0,0,0,0.439148623
0.852188272,0,0,0,0.442283218
0.857278322,0,0,0,0.446549359
0.862323247,0,0,0,0.450214677
0.86698263,0,0,0,0.4530903
0.872042593,0,0,0,0.454725862
0.87649647,0,0,0,0.457681226
0.881210273,0,0,0,0.464085522
0.885453293,0,0,0,0.470154204
0.890272724,0,0,0,0.475543392
0.895074548,0,0,0,0.480433064
0.899216511,0,0,0,0.483407604
0.903564793,0,0,0,0.488103581
0.907532283,0,0,0,0.494991709
0.910977919,0,0,0,0.498335149
9.15E-01,0,0,0,0.50349248
9.18E-01,0,0,0,0.507712406
0.921923258,0,0,0,0.514198231
0.92553432,0,0,0,0.516961971
0.929424242,0,0,0,0.519534507
0.932675312,0,0,0,0.521195582
0.936072602,0,0,0,0.525481795
0.939344276,0,0,0,0.530409288
0.942850347,0,0,0,0.538287905
0.946176246,0,0,0,0.544796693
0.949782428,0,0,0,0.550867743
0.952589793,0,0,0,0.555929803
0.955430257,0,0,0,0.55963173
0.958271219,0,0,0,0.564824878
0.961015795,0,0,0,0.571386282
0.96368449,0,0,0,0.57498064
0.96652054,0,0,0,0.580971262
0.969346529,0,0,0,0.584093736
0.971663197,0,0,0,0.591215525
0.974232493,0,0,0,0.598393489
0.976942565,0,0,0,0.60568091
0.979116582,0,0,0,0.61523861
0.981020363,0,0,0,0.620801326
0.982821698,0,0,0,0.626327366
0.984419355,0,0,0,0.633688587
0.985732687,0,0,0,0.640522718
0.987357502,0,0,0,0.649197434
0.988634141,0,0,0,0.653021387
0.989787205,0,0,0,0.655683746
0.990896958,0,0,0,0.660064214
0.991986092,0,0,0,0.665536056
0.993142206,0,0,0,0.670680421
0.994034645,0,0,0,0.675789796
0.995070589,0,0,0,0.683046323
0.995726789,0,0,0,0.692354556
0.996367145,0,0,0,0.698014271
0.996959488,0,0,0,0.705946179
0.997386026,0,0,0,0.709270687
0.997972863,0,0,0,0.715457712
0.998679102,0,0,0,0.723160544
0.99903126,0,0,0,0.731792986
0.999522684,0,0,0,0.74017255
1,0,0,0,0.748830492
0.999787939,0,0,0,0.757874122
0.9994657,0,0,0,0.765777733
0.999221878,0,0,0,0.773647071
0.998887192,0,0,0,0.779232616
0.998808413,0,0,0,0.787817711
0.998498268,0,0,0,0.796067169
0.998757354,0,0,0,0.802688263
0.998587186,0,0,0,0.807320131
0.998812147,0,0,0,0.814294334
0.998197975,0,0,0,0.817473676
0.997904189,0,0,0,0.82200731
0.997769402,0,0,0,0.829134696
0.997128563,0,0,0,0.835705607
0.99647628,0,0,0,0.845095999
0.99560721,0,0,0,0.854584196
0.994248285,0,0,0,0.863835233
0.992631232,0,0,0,0.870443841
0.990931937,0,0,0,0.877686441
0.989021296,0,0,0,0.882592318
0.987399096,0,0,0,0.89036027
0.985517331,0,0,0,0.897150471
0.983175913,0,0,0,0.903618758
0.980992376,0,0,0,0.909680616
0.97887192,0,0,0,0.915795214
0.976520463,0,0,0,0.923236466
0.974044969,0,0,0,0.928810495
0.97116519,0,0,0,0.936046588
0.968200009,0,0,0,0.939706514
0.964877228,0,0,0,0.944379904
0.962042931,0,0,0,0.947819246
0.958775768,0,0,0,0.952012451
0.955596101,0,0,0,0.956663652
0.951870062,0,0,0,0.960795291
0.948551908,0,0,0,0.965128995
0.945203721,0,0,0,0.968867004
0.9414604,0,0,0,0.972705417
0.937118502,0,0,0,0.975654093
0.932887775,0,0,0,0.98094267
0.928370355,0,0,0,0.983744687
0.924144399,0,0,0,0.986346974
0.919564207,0,0,0,0.988608048
0.915211407,0,0,0,0.9916537
0.910397425,0,0,0,0.994376829
0.90580233,0,0,0,0.994861421
0.901362827,0,0,0,0.995539586
0.896719315,0,0,0,0.996716654
0.89153816,0,0,0,0.999205251
0.886212899,0,0,0,1
0.881150855,0,0,0,0.997332586
0.875521711,0,0,0,0.994725313
0.870044778,0,0,0,0.992278225
0.86435684,0,0,0,0.991197167
0.858452721,0,0,0,0.991226915
0.852662913,0,0,0,0.987877753
0.846718189,0,0,0,0.982593415
0.841522662,0,0,0,0.980225725
0.836044575,0,0,0,0.977465056
0.830139736,0,0,0,0.974602411
0.824444895,0,0,0,0.968194831
0.817977077,0,0,0,0.964970379
0.811773838,0,0,0,0.961974356
0.806080098,0,0,0,0.959706175
0.800070913,0,0,0,0.955925781
0.79404509,0,0,0,0.952381728
0.787575694,0,0,0,0.946516401
0.781056307,0,0,0,0.941212041
0.774849801,0,0,0,0.9354579
0.768677763,0,0,0,0.929590108
0.761799575,0,0,0,0.924927079
0.755260496,0,0,0,0.919354543
0.74882052,0,0,0,0.913636984
0.741887916,0,0,0,0.906508241
0.735047342,0,0,0,0.898733588
0.728600632,0,0,0,0.893457495
0.722082483,0,0,0,0.885528354
0.71525945,0,0,0,0.87819294
0.708446918,0,0,0,0.86875138
0.701553803,0,0,0,0.858790299
0.694458852,0,0,0,0.850089563
0.687774249,0,0,0,0.841627982
0.680628813,0,0,0,0.831688819
0.673792656,0,0,0,0.822952979
0.667091416,0,0,0,0.813871235
0.660069104,0,0,0,0.805981849
0.653147881,0,0,0,0.800321419
0.646544956,0,0,0,0.793830791
0.639745037,0,0,0,0.787386153
0.633114076,0,0,0,0.778953558
0.626416116,0,0,0,0.770577617
0.620032058,0,0,0,0.760504268
0.613292578,0,0,0,0.752615526
0.606701843,0,0,0,0.745764214
0.600183932,0,0,0,0.739950595
0.593619672,0,0,0,0.735000846
0.586213083,0,0,0,0.730009071
0.579287738,0,0,0,0.723642256
0.572812691,0,0,0,0.717188883
0.56573049,0,0,0,0.713740414
0.559051103,0,0,0,0.70573063
0.552711679,0,0,0,0.696785248
0.545921685,0,0,0,0.690866064
0.5386148,0,0,0,0.685021954
0.532002771,0,0,0,0.683029397
0.525536004,0,0,0,0.677627745
0.519272738,0,0,0,0.671999714
0.512918788,0,0,0,0.667457875
0.506549352,0,0,0,0.665139936
0.499733757,0,0,0,0.659991485
0.493438925,0,0,0,0.658635918
0.486979185,0,0,0,0.655287635
0.480547494,0,0,0,0.651390278
0.474302622,0,0,0,0.647884782
0.467659851,0,0,0,0.64429028
0.461159366,0,0,0,0.641128417
0.454624944,0,0,0,0.637959775
0.448558443,0,0,0,0.634500258
0.442171889,0,0,0,0.630482068
0.435940041,0,0,0,0.629162639
0.429702059,0,0,0,0.626089808
0.423245175,0,0,0,0.62317738
0.416627939,0,0,0,0.620279608
0.410308661,0,0,0,0.618131595
0.403864728,0,0,0,0.616088095
0.397041659,0,0,0,0.614287495
0.390908827,0,0,0,0.612372458
0.384767433,0,0,0,0.610552411
0.378941937,0,0,0,0.608641026
0.373230312,0,0,0,0.606832955
0.366541573,0,0,0,0.605221696
0.360317951,0,0,0,0.605339169
0.353955845,0,0,0,0.602481822
0.347468095,0,0,0,0.599707402
0.341120024,0,0,0,0.596473483
0.334087093,0,0,0,0.59332813
0.327638153,0,0,0,0.590462023
0.321082803,0,0,0,0.587231243
0.314344832,0,0,0,0.58385742
0.308217818,0,0,0,0.580601686
0.301390098,0,0,0,0.577452089
0.294883285,0,0,0,0.57455127
0.287827617,0,0,0,0.570137003
0.281368919,0,0,0,0.565433203
0.274614106,0,0,0,0.561330205
0.267401347,0,0,0,0.557817921
0.260309166,0,0,0,0.554127525
0.253653355,0,0,0,0.552749447
0.246923765,0,0,0,0.548303393
0.240212553,0,0,0,0.543955077
0.23389434,0,0,0,0.539088002
0.227579403,0,0,0,0.534595881
0.220704714,0,0,0,0.528881159
0.214714146,0,0,0,0.522656098
0.208223135,0,0,0,0.518110345
0.201633609,0,0,0,0.51474097
0.194899245,0,0,0,0.50878374
0.188413486,0,0,0,0.501897189
0.181922506,0,0,0,0.494467185
0.175382781,0,0,0,0.488544565
0.169265873,0,0,0,0.481926568
0.163412055,0,0,0,0.475978811
0.15660438,0,0,0,0.469406823
0.150290195,0,0,0,0.461789996
0.14390326,0,0,0,0.45275327
0.138068898,0,0,0,0.447261954
0.132158964,0,0,0,0.438431822
0.126011635,0,0,0,0.430109262
0.119939979,0,0,0,0.421517724
0.114649716,0,0,0,0.415476339
0.109221524,0,0,0,0.405363198
0.103727684,0,0,0,0.3942229
0.098391673,0,0,0,0.384491314
0.093315354,0,0,0,0.375741384
0.088287942,0,0,0,0.364611927
0.08337037,0,0,0,0.355963268
0.078684306,0,0,0,0.346664665
0.073954748,0,0,0,0.341550082
0.069491515,0,0,0,0.33323597
0.065538334,0,0,0,0.324163092
0.060703279,0,0,0,0.31379111
0.056480093,0,0,0,0.30291258
0.05224463,0,0,0,0.291894725
0.048091622,0,0,0,0.283368377
0.044438212,0,0,0,0.274455912
0.041204743,0,0,0,0.264288103
0.037322153,0,0,0,0.253452877
0.034042417,0,0,0,0.24299887
0.031232131,0,0,0,0.234745117
0.028424879,0,0,0,0.227164087
0.025378768,0,0,0,0.219485556
0.022817685,0,0,0,0.212229435
0.020247821,0,0,0,0.203514119
0.017406872,0,0,0,0.195913666
0.014838224,0,0,0,0.186053535
0.013338923,0,0,0,0.180765078
0.011747132,0,0,0,0.170677254
0.009852801,0,0,0,0.16485344
0.008465308,0,0,0,0.154084495
0.00703191,0,0,0,0.148519363
0.005707527,0,0,0,0.143614334
0.004785547,0,0,0,0.13920365
0.003897144,0,0,0,0.13400962
0.003073834,0,0,0,0.125808081
0.001796667,0,0,0,0.117869919
0.001179794,0,0,0,0.111276749
0.000600108,0,0,0,0.106882738
0.000504068,0,0,0,0.100343598
0.000405536,0,0,0,0.095244539
0.000294627,0,0,0,0.089045782
0.000356287,0,0,0,0.086024473
0.00021184,0,0,0,0.079305733
0,0,0,0,0.072972386
0.000135644,0,0,0,0.068867006
0.000483854,0,0,0,0.06499603
0.000988382,0,0,0,0.064208782
0.00164234,0,0,0,0.061785924
0.002426821,0,0,0,0.059705247
0.003190575,0,0,0,0.057509352
0.003733834,0,0,0,0.057802883
0.004553827,0,0,0,0.05581154
0.006086271,0,0,0,0.055052595
0.00715811,0,0,0,0.053863362
0.00787313,0,0,0,0.052909039
0.008886456,0,0,0,0.051782932
0.009579074,0,0,0,0.053475006
0.010739426,0,0,0,0.052976814
0.01165412,0,0,0,0.052757221
0.012797116,0,0,0,0.05267162
0.014028172,0,0,0,0.050386299
0.015422247,0,0,0,0.047503675
0.017004362,0,0,0,0.045811077
0.018839412,0,0,0,0.045721508
0.020444636,0,0,0,0.046155653
0.022233759,0,0,0,0.046747441
0.024001562,0,0,0,0.047062542
0.026571556,0,0,0,0.050001722
0.029168612,0,0,0,0.051017259
0.031156037,0,0,0,0.051214959
0.033460075,0,0,0,0.051889498
0.035855969,0,0,0,0.051921468
0.038469362,0,0,0,0.052247191
0.040819797,0,0,0,0.052688949
0.043551182,0,0,0,0.053420382
0.046611442,0,0,0,0.053633289
0.049861743,0,0,0,0.055768638
0.052977186,0,0,0,0.052373686
0.056149043,0,0,0,0.051759342
0.058857095,0,0,0,0.050936261
0.061945465,0,0,0,0.050316186
0.06463531,0,0,0,0.046958153
0.0682014,0,0,0,0.043374286
0.071150758,0,0,0,0.040759429
0.074329951,0,0,0,0.037899982
0.077756146,0,0,0,0.032982937
0.081022188,0,0,0,0.030761525
0.084422464,0,0,0,0.026129216
0.088337771,0,0,0,0.022679121
0.092003789,0,0,0,0.020051057
0.096053493,0,0,0,0.018335851
0.099375947,0,0,0,0.01460148
0.103509531,0,0,0,0.012213225
0.107203188,0,0,0,0.010189234
0.11107119,0,0,0,0.009214103
0.114618508,0,0,0,0.006044012
0.11828794,0,0,0,0.006535227
0.121963576,0,0,0,0.004490126
0.125870618,0,0,0,0.003029244
0.129489432,0,0,0,0.001064006
0.133393708,0,0,0,0.000470105
0.137457477,0,0,0,0
0.142099685,0,0,0,0.002331111
0.146499138,0,0,0,0.001360635
0.150683964,0,0,0,0.00347455
0.154542792,0,0,0,0.003774946
0.158728787,0,0,0,0.005082493
0.162922209,0,0,0,0.003860932
0.167085422,0,0,0,0.005327891
0.171296472,0,0,0,0.006578423
0.175938863,0,0,0,0.006981784
0.180728627,0,0,0,0.011056596
0.185451203,0,0,0,0.014906241
0.190111566,0,0,0,0.017946427
0.194693544,0,0,0,0.023400284
0.199022017,0,0,0,0.0273978
0.204202416,0,0,0,0.034314658
0.209096992,0,0,0,0.041242397
0.213736881,0,0,0,0.046981241
0.218413905,0,0,0,0.051911668
0.223168006,0,0,0,0.059454173
0.228048601,0,0,0,0.067053453
0.23309292,0,0,0,0.07362461
0.238072422,0,0,0,0.078042017
0.243208711,0,0,0,0.086768798
0.247936806,0,0,0,0.09085198
0.252423853,0,0,0,0.100141357
0.256987578,0,0,0,0.105287376
0.261622687,0,0,0,0.11515055
0.266453335,0,0,0,0.123041229
0.270998595,0,0,0,0.13223028
0.275284302,0,0,0,0.137161276
0.280472728,0,0,0,0.141338934
0.285276074,0,0,0,0.148575331
0.290284803,0,0,0,0.155906193
0.295603082,0,0,0,0.163354501
0.300533945,0,0,0,0.169289039
0.305237343,0,0,0,0.176049443
0.310088198,0,0,0,0.18434742
0.314947583,0,0,0,0.192767183
0.319469153,0,0,0,0.198240177
0.32450484,0,0,0,0.209409487
0.328987787,0,0,0,0.219043389
0.33343721,0,0,0,0.226638785
0.338216283,0,0,0,0.233981346
0.342881324,0,0,0,0.238383482
0.347513968,0,0,0,0.244487811
0.352067957,0,0,0,0.250672641
0.356737847,0,0,0,0.257069443
0.361623547,0,0,0,0.260329066
0.36672421,0,0,0,0.265821517
0.371362492,0,0,0,0.272018724
0.376056521,0,0,0,0.277824658
0.381376191,0,0,0,0.281365821
0.386479043,0,0,0,0.284753339
0.391527358,0,0,0,0.284978494
0.396408473,0,0,0,0.287069052
0.401526914,0,0,0,0.288272396
0.406299254,0,0,0,0.289356782
0.411881356,0,0,0,0.291620997
0.41705921,0,0,0,0.292211842
0.421963142,0,0,0,0.295649154
0.427300703,0,0,0,0.295123754
0.432545741,0,0,0,0.295617077
0.437946456,0,0,0,0.293701697
0.442799793,0,0,0,0.291036928
0.447171065,0,0,0,0.287730322
0.452047074,0,0,0,0.28360698
0.457237137,0,0,0,0.27954078
0.462424503,0,0,0,0.276522355
0.467438775,0,0,0,0.271402716
0.472216185,0,0,0,0.265877162
0.476952061,0,0,0,0.261666786
0.481617312,0,0,0,0.253572836
0.486459182,0,0,0,0.247074227
0.490777729,0,0,0,0.237161416
0.495005349,0,0,0,0.230795118
0.499118557,0,0,0,0.224125112
0.503456615,0,0,0,0.217001532
0.508137463,0,0,0,0.207725812
0.512751187,0,0,0,0.200455229
0.517307263,0,0,0,0.193143972
0.521454715,0,0,0,0.187044225
0.525730601,0,0,0,0.177909424
0.529958654,0,0,0,0.170459391
0.534182802,0,0,0,0.164413582
0.538532379,0,0,0,0.158671415
0.54211348,0,0,0,0.152097706
0.546351799,0,0,0,0.143483218
0.550085606,0,0,0,0.134679375
0.554137245,0,0,0,0.130776503
0.558439666,0,0,0,0.1249147
0.562316461,0,0,0,0.118427338
0.565830478,0,0,0,0.11360951
0.569634699,0,0,0,0.106340658
0.573756375,0,0,0,0.099109254
0.577977005,0,0,0,0.094632458
0.582408073,0,0,0,0.089597314
0.586302838,0,0,0,0.083013875
0.590108178,0,0,0,0.078448276
0.594080017,0,0,0,0.076184484
0.597794759,0,0,0,0.069548332
0.601889778,0,0,0,0.064953355
0.605610005,0,0,0,0.061869585
0.61003929,0,0,0,0.059461182
0.613946517,0,0,0,0.058450831
0.617760997,0,0,0,0.056985073
0.622208469,0,0,0,0.055181141
0.625909196,0,0,0,0.053210695
0.629798751,0,0,0,0.052632915
0.633298825,0,0,0,0.052196811
0.63695491,0,0,0,0.052322366
0.641019517,0,0,0,0.054028608
0.645133171,0,0,0,0.053227724
0.648909287,0,0,0,0.054944127
0.652883037,0,0,0,0.055792505
0.656587838,0,0,0,0.057821239
0.661920123,0,0,0,0.058493991
0.667246848,0,0,0,0.05977941
0.672385075,0,0,0,0.061332169
0.677146462,0,0,0,0.060977174
0.681538704,0,0,0,0.062549087
0.68616081,0,0,0,0.064223385
0.690546072,0,0,0,0.065899775
0.694704899,0,0,0,0.067916835
0.698854126,0,0,0,0.069915905
0.703077875,0,0,0,0.071887398
0.707028485,0,0,0,0.073938479
0.710406779,0,0,0,0.076161646
0.713808105,0,0,0,0.076585968
0.717337072,0,0,0,0.079061977
0.720370124,0,0,0,0.082825093
0.723541622,0,0,0,0.086137793
0.726567747,0,0,0,0.089886371
0.728888681,0,0,0,0.092993454
0.73121374,0,0,0,0.095477347
0.73344573,0,0,0,0.099795215
0.735488963,0,0,0,0.102939307
0.737408179,0,0,0,0.105996702
0.739403823,0,0,0,0.109039263
0.740754866,0,0,0,0.110216016
0.742633889,0,0,0,0.113289881
0.744302596,0,0,0,0.116306658
0.745571295,0,0,0,0.119328298
0.747049232,0,0,0,0.122344255
0.748112825,0,0,0,0.125463361
0.749052596,0,0,0,0.128528909
0.749939251,0,0,0,0.131414997
0.750871907,0,0,0,0.134478442
0.75136816,0,0,0,0.13753684
0.75186831,0,0,0,0.138676155
0.752162765,0,0,0,0.139630041
0.752120566,0,0,0,0.142176856
0.752403491,0,0,0,0.144602976
0.752379107,0,0,0,0.147087576
0.752647587,0,0,0,0.149553449
0.752454331,0,0,0,0.152195012
0.752262014,0,0,0,0.15459203
0.751488923,0,0,0,0.156994139
0.751049302,0,0,0,0.159519578
0.750545916,0,0,0,0.160152932
0.74953351,0,0,0,0.162657588
0.748540706,0,0,0,0.16335691
0.747601478,0,0,0,0.165843367
0.746722246,0,0,0,0.168419036
0.746132795,0,0,0,0.168636994
0.745075036,0,0,0,0.170885906
0.743674817,0,0,0,0.173179598
0.742223537,0,0,0,0.17327884
0.740821337,0,0,0,0.175094092
0.739562336,0,0,0,0.176732328
0.738336413,0,0,0,0.17632002
0.737082671,0,0,0,0.179043093
0.735583986,0,0,0,0.179951688
0.734229127,0,0,0,0.181084478
0.732823614,0,0,0,0.180696547
0.731886501,0,0,0,0.179641918
0.730985066,0,0,0,0.17844233
0.729471946,0,0,0,0.178727664
0.728123294,0,0,0,0.179245392
0.726538238,0,0,0,0.179782955
0.72537661,0,0,0,0.178383719
0.724215638,0,0,0,0.179694658
0.723138813,0,0,0,0.179814226
0.722034538,0,0,0,0.177990676
0.720805611,0,0,0,0.177649655
0.720229975,0,0,0,0.177589762
0.719019108,0,0,0,0.178837123
0.718269412,0,0,0,0.180304599
0.717438395,0,0,0,0.178863543
0.716238209,0,0,0,0.178426438
0.715561625,0,0,0,0.178292248
0.715307372,0,0,0,0.176471032
0.71518548,0,0,0,0.177113027
0.714872729,0,0,0,0.176958945
0.714602947,0,0,0,0.176411154
0.714032847,0,0,0,0.176489475
0.714331501,0,0,0,0.176481839
0.714726454,0,0,0,0.176463957
0.71496157,0,0,0,0.174720574
0.71531883,0,0,0,0.175036587
0.715519908,0,0,0,0.176446475
0.716227639,0,0,0,0.176573806
0.716676602,0,0,0,0.176555937
0.717490215,0,0,0,0.174975035
0.718550784,0,0,0,0.174180511
0.719252653,0,0,0,0.173714404
0.720613968,0,0,0,0.173932496
0.721894954,0,0,0,0.174805716
0.723601149,0,0,0,0.175088533
0.725500063,0,0,0,0.176299947
0.727379461,0,0,0,0.175565044
0.729501637,0,0,0,0.174799652
0.731933507,0,0,0,0.173495023
0.734158348,0,0,0,0.172808598
0.736989587,0,0,0,0.171397105
0.737959253,0,0,0,0.171165114
0.738928919,0,0,0,0.170933124
0.739898585,0,0,0,0.170701134
0.740868251,0,0,0,0.170469144
0.741837916,0,0,0,0.170237154
0.742807582,0,0,0,0.170005164
0.743777248,0,0,0,0.169773174
0.744746914,0,0,0,0.169541184
0.74571658,0,0,0,0.169309193
0.746686246,0,0,0,0.169077203
0.747655911,0,0,0,0.168845213
0.748625577,0,0,0,0.168613223
0.749595243,0,0,0,0.168381233
0.750564909,0,0,0,0.168149243
0.751534575,0,0,0,0.167917253
0.75250424,0,0,0,0.167685263
0.753473906,0,0,0,0.167453272
0.754443572,0,0,0,0.167221282
0.755413238,0,0,0,0.166989292
0.756382904,0,0,0,0.166757302
0.757352569,0,0,0,0.166525312
0.758322235,0,0,0,0.166293322
0.759291901,0,0,0,0.166061332
0.760261567,0,0,0,0.165829342
0.761231233,0,0,0,0.165597351
0.762200899,0,0,0,0.165365361
0.763170564,0,0,0,0.165133371
0.76414023,0,0,0,0.164901381
0.765109896,0,0,0,0.164669391
0.766079562,0,0,0,0.164437401
0.767049228,0,0,0,0.164205411
0.768018893,0,0,0,0.163973421
0.768988559,0,0,0,0.16374143
0.769958225,0,0,0,0.16350944
0.770927891,0,0,0,0.16327745
0.771897557,0,0,0,0.16304546
0.772867222,0,0,0,0.16281347
0.773836888,0,0,0,0.16258148
0.774806554,0,0,0,0.16234949
0.77577622,0,0,0,0.1621175
0.776745886,0,0,0,0.161885509
0.777715551,0,0,0,0.161653519
0.778685217,0,0,0,0.161421529
0.779654883,0,0,0,0.161189539
0.780624549,0,0,0,0.160957549
0.781594215,0,0,0,0.160725559
0.782563881,0,0,0,0.160493569
0.783533546,0,0,0,0.160261579
0.784503212,0,0,0,0.160029588
0.785472878,0,0,0,0.159797598
0.793893933,0,0,0,0.149394459
0.794534496,0,0,0,0.149611695
0.795144011,0,0,0,0.14987131
0.795722479,0,0,0,0.150173305
0.7962699,0,0,0,0.15051768
0.796786273,0,0,0,0.150904435
0.797271598,0,0,0,0.15133357
0.797725876,0,0,0,0.151805084
0.798149107,0,0,0,0.152318978
0.79854129,0,0,0,0.152875252
0.798902425,0,0,0,0.153473906
0.799232514,0,0,0,0.154114939
0.799531554,0,0,0,0.154798353
0.799799548,0,0,0,0.155524146
0.800036494,0,0,0,0.156292319
0.800242392,0,0,0,0.157102871
0.800417243,0,0,0,0.157955804
0.800561046,0,0,0,0.158851116
0.800673802,0,0,0,0.159788808
0.800755511,0,0,0,0.16076888
0.800806172,0,0,0,0.161791331
0.800825786,0,0,0,0.162856163
0.800814352,0,0,0,0.163963374
0.800771871,0,0,0,0.165112965
0.800698342,0,0,0,0.166304936
0.800593766,0,0,0,0.167539286
0.800458142,0,0,0,0.168816017
0.800291471,0,0,0,0.170135127
0.800093752,0,0,0,0.171496617
0.799864986,0,0,0,0.172900486
0.799605173,0,0,0,0.174346736
0.799314312,0,0,0,0.175835365
0.798992404,0,0,0,0.177366374
0.798639448,0,0,0,0.178939763
0.798255445,0,0,0,0.180555532
0.797840394,0,0,0,0.18221368
0.797394296,0,0,0,0.183914208
0.79691715,0,0,0,0.185657116
0.796408957,0,0,0,0.187442404
0.795869716,0,0,0,0.189270071
0.795299428,0,0,0,0.191140119
0.794698093,0,0,0,0.193052546
0.79406571,0,0,0,0.195007353
0.793402279,0,0,0,0.19700454
0.792707802,0,0,0,0.199044106
0.791982276,0,0,0,0.201126052
0.791225704,0,0,0,0.203250379
0.790438083,0,0,0,0.205417084
0.789619416,0,0,0,0.20762617
0.788769701,0,0,0,0.209877636
