0,4.337187e-03,8.674374e-03,1.301156e-02,1.734875e-02
2.168593e-02,2.602312e-02,3.036031e-02,3.469749e-02,3.903468e-02
4.337187e-02,4.770906e-02,5.204624e-02,5.638343e-02,6.072062e-02
6.505780e-02,6.939499e-02,7.373218e-02,7.806936e-02,8.240655e-02
8.674374e-02,9.108092e-02,9.541811e-02,9.975530e-02,1.040925e-01
1.084297e-01,1.127669e-01,1.171040e-01,1.214412e-01,1.257784e-01
1.301156e-01,1.344528e-01,1.387900e-01,1.431272e-01,1.474644e-01
1.518015e-01,1.561387e-01,1.604759e-01,1.648131e-01,1.691503e-01
1.734875e-01,1.778247e-01,1.821618e-01,1.864990e-01,1.908362e-01
1.951734e-01,1.995106e-01,2.038478e-01,2.081850e-01,2.125222e-01
2.168593e-01,2.211965e-01,2.255337e-01,2.298709e-01,2.342081e-01
2.385453e-01,2.428825e-01,2.472197e-01,2.515568e-01,2.558940e-01
2.602312e-01,2.645684e-01,2.689056e-01,2.732428e-01,2.775800e-01
2.819171e-01,2.862543e-01,2.905915e-01,2.949287e-01,2.992659e-01
3.036031e-01,3.079403e-01,3.122775e-01,3.166146e-01,3.209518e-01
3.252890e-01,3.296262e-01,3.339634e-01,3.383006e-01,3.426378e-01
3.469749e-01,3.513121e-01,3.556493e-01,3.599865e-01,3.643237e-01
3.686609e-01,3.729981e-01,3.773353e-01,3.816724e-01,3.860096e-01
3.903468e-01,3.946840e-01,3.990212e-01,4.033584e-01,4.076956e-01
4.120328e-01,4.163699e-01,4.207071e-01,4.250443e-01,4.293815e-01
4.340631e-01,4.387149e-01,4.432691e-01,4.477831e-01,4.522377e-01
4.565939e-01,4.609658e-01,4.652984e-01,4.695956e-01,4.738559e-01
4.773918e-01,4.810512e-01,4.848853e-01,4.888039e-01,4.926901e-01
4.966793e-01,5.007207e-01,5.048438e-01,5.090689e-01,5.133288e-01
5.176048e-01,5.218969e-01,5.261647e-01,5.306002e-01,5.349306e-01
5.392530e-01,5.436479e-01,5.480225e-01,5.524406e-01,5.568618e-01
5.613559e-01,5.658790e-01,5.704029e-01,5.750240e-01,5.795496e-01
5.841025e-01,5.887706e-01,5.934526e-01,5.981170e-01,6.028639e-01
6.075766e-01,6.123513e-01,6.171466e-01,6.218840e-01,6.267271e-01
6.315340e-01,6.363286e-01,6.411430e-01,6.459456e-01,6.507508e-01
6.555891e-01,6.604906e-01,6.653945e-01,6.703013e-01,6.752225e-01
6.801477e-01,6.849922e-01,6.899303e-01,6.949124e-01,6.999132e-01
7.048939e-01,7.098145e-01,7.148239e-01,7.198164e-01,7.247903e-01
7.297406e-01,7.347266e-01,7.396716e-01,7.446632e-01,7.495072e-01
7.543491e-01,7.590999e-01,7.638646e-01,7.685593e-01,7.732797e-01
7.778532e-01,7.824487e-01,7.868773e-01,7.912816e-01,7.955047e-01
7.997242e-01,8.038042e-01,8.078465e-01,8.116996e-01,8.154389e-01
8.190797e-01,8.227044e-01,8.262316e-01,8.296105e-01,8.329215e-01
8.361431e-01,8.392549e-01,8.423931e-01,8.452960e-01,8.481528e-01
8.508672e-01,8.536544e-01,8.562757e-01,8.588400e-01,8.608366e-01
8.627362e-01,8.644947e-01,8.660696e-01,8.676119e-01,8.690547e-01
8.704055e-01,8.716603e-01,8.727572e-01,8.738505e-01,8.755780e-01
8.771307e-01,8.785521e-01,8.798702e-01,8.812540e-01,8.825646e-01
8.839223e-01,8.851485e-01,8.862698e-01,8.873923e-01,8.885093e-01
8.896175e-01,8.908957e-01,8.919113e-01,8.930719e-01,8.943726e-01
8.958132e-01,8.974513e-01,8.992378e-01,9.012285e-01,9.033867e-01
9.057188e-01,9.082502e-01,9.109367e-01,9.139743e-01,9.172399e-01
9.205196e-01,9.217573e-01,9.231781e-01,9.248172e-01,9.265207e-01
9.283298e-01,9.302527e-01,9.324018e-01,9.345772e-01,9.369369e-01
9.393949e-01,9.419330e-01,9.445263e-01,9.505439e-01,9.562970e-01
9.617359e-01,9.669456e-01,9.718516e-01,9.763000e-01,9.804166e-01
9.843824e-01,9.879466e-01,9.910348e-01,9.935543e-01,9.956484e-01
9.974089e-01,9.986424e-01,9.994387e-01,9.999658e-01,1
9.993256e-01,9.983504e-01,9.969756e-01,9.951843e-01,9.930482e-01
9.900615e-01,9.869761e-01,9.831948e-01,9.788181e-01,9.743102e-01
9.689000e-01,9.630062e-01,9.565686e-01,9.496245e-01,9.420732e-01
9.342704e-01,9.254765e-01,9.164220e-01,9.069514e-01,8.970452e-01
8.864764e-01,8.754306e-01,8.643556e-01,8.526782e-01,8.406124e-01
8.285601e-01,8.160339e-01,8.031133e-01,7.900823e-01,7.769727e-01
7.633309e-01,7.493985e-01,7.351185e-01,7.205834e-01,7.056520e-01
6.904797e-01,6.750898e-01,6.593333e-01,6.433778e-01,6.271348e-01
6.106093e-01,5.940094e-01,5.771482e-01,5.602111e-01,5.433437e-01
5.265118e-01,5.096874e-01,4.927345e-01,4.760051e-01,4.591264e-01
4.425363e-01,4.263127e-01,4.103376e-01,3.946230e-01,3.791700e-01
3.641380e-01,3.495146e-01,3.355177e-01,3.219437e-01,3.087576e-01
2.959625e-01,2.835312e-01,2.716399e-01,2.601097e-01,2.489182e-01
2.381312e-01,2.277314e-01,2.176789e-01,2.078184e-01,1.983542e-01
1.915499e-01,1.854281e-01,1.798885e-01,1.752946e-01,1.714037e-01
1.682991e-01,1.658271e-01,1.640778e-01,1.630031e-01,1.626508e-01
1.629711e-01,1.640550e-01,1.621604e-01,1.605883e-01,1.593134e-01
1.582214e-01,1.574115e-01,1.569499e-01,1.566870e-01,1.565637e-01
1.567399e-01,1.572393e-01,1.580567e-01,1.591605e-01,1.605194e-01
1.620983e-01,1.638789e-01,1.656871e-01,1.676949e-01,1.700660e-01
1.724956e-01,1.748230e-01,1.773657e-01,1.797591e-01,1.826517e-01
1.851850e-01,1.879415e-01,1.906863e-01,1.931994e-01,1.960184e-01
1.988785e-01,2.016798e-01,2.046265e-01,2.074593e-01,2.101167e-01
2.132344e-01,2.161803e-01,2.190687e-01,2.218974e-01,2.248258e-01
2.277432e-01,2.303002e-01,2.329593e-01,2.355559e-01,2.376534e-01
2.395214e-01,2.414105e-01,2.428607e-01,2.438905e-01,2.446838e-01
2.451840e-01,2.454158e-01,2.454243e-01,2.452333e-01,2.448653e-01
2.442483e-01,2.435187e-01,2.426022e-01,2.415539e-01,2.404472e-01
2.391621e-01,2.377773e-01,2.363268e-01,2.347324e-01,2.329924e-01
2.312089e-01,2.295385e-01,2.276431e-01,2.258853e-01,2.240673e-01
2.220504e-01,2.200577e-01,2.180266e-01,2.161091e-01,2.140875e-01
2.121886e-01,2.101936e-01,2.082043e-01,2.062419e-01,2.043111e-01
2.025092e-01,2.006644e-01,1.988155e-01,1.970362e-01,1.953190e-01
1.935379e-01,1.917195e-01,1.899524e-01,1.881800e-01,1.864379e-01
1.848024e-01,1.831389e-01,1.814175e-01,1.797294e-01,1.780140e-01
1.763586e-01,1.747409e-01,1.731787e-01,1.716661e-01,1.702092e-01
1.688048e-01,1.673962e-01,1.660116e-01,1.646707e-01,1.633769e-01
1.620859e-01,1.609105e-01,1.598283e-01,1.588805e-01,1.578847e-01
1.568688e-01,1.559314e-01,1.550418e-01,1.541550e-01,1.532981e-01
1.525022e-01,1.517017e-01,1.509269e-01,1.502272e-01,1.494743e-01
1.488379e-01,1.481803e-01,1.475773e-01,1.470557e-01,1.465758e-01
1.461900e-01,1.458053e-01,1.454095e-01,1.450033e-01,1.447124e-01
1.445145e-01,1.443335e-01,1.443409e-01,1.443846e-01,1.444475e-01
1.446819e-01,1.450027e-01,1.454955e-01,1.461085e-01,1.469266e-01
1.478150e-01,1.488759e-01,1.500619e-01,1.513878e-01,1.528585e-01
1.545039e-01,1.562940e-01,1.581985e-01,1.602964e-01,1.625570e-01
1.649421e-01,1.674871e-01,1.701637e-01,1.729742e-01,1.759459e-01
1.790463e-01,1.823267e-01,1.857394e-01,1.892717e-01,1.929858e-01
1.969098e-01,2.008697e-01,2.050032e-01,2.093403e-01,2.138024e-01
2.183087e-01,2.230356e-01,2.278894e-01,2.328690e-01,2.380587e-01
2.433194e-01,2.487778e-01,2.544506e-01,2.601570e-01,2.659970e-01
2.717585e-01,2.778049e-01,2.839059e-01,2.900531e-01,2.962559e-01
3.024133e-01,3.086063e-01,3.148246e-01,3.209691e-01,3.270403e-01
3.330832e-01,3.390718e-01,3.448807e-01,3.505637e-01,3.561160e-01
3.615509e-01,3.667276e-01,3.715234e-01,3.762104e-01,3.807145e-01
3.849031e-01,3.887802e-01,3.923423e-01,3.955645e-01,3.984630e-01
4.010836e-01,4.034222e-01,4.054814e-01,4.073055e-01,4.088479e-01
4.100780e-01,4.110305e-01,4.118086e-01,4.122864e-01,4.123585e-01
4.121787e-01,4.117578e-01,4.112341e-01,4.105105e-01,4.095686e-01
4.084326e-01,4.072139e-01,4.056151e-01,4.039414e-01,4.023819e-01
4.007726e-01,3.988753e-01,3.968457e-01,3.947752e-01,3.929487e-01
3.909607e-01,3.892035e-01,3.875717e-01,3.856121e-01,3.837740e-01
3.823844e-01,3.808174e-01,3.793915e-01,3.781947e-01,3.771981e-01
3.766872e-01,3.761755e-01,3.760810e-01,3.762216e-01,3.765550e-01
3.770909e-01,3.776833e-01,3.785336e-01,3.795460e-01,3.805785e-01
3.816572e-01,3.830935e-01,3.845285e-01,3.860988e-01,3.877513e-01
3.896741e-01,3.918568e-01,3.943054e-01,3.969628e-01,3.999490e-01
4.032071e-01,4.067543e-01,4.106869e-01,4.149318e-01,4.195245e-01
4.245223e-01,4.298080e-01,4.353809e-01,4.412014e-01,4.473008e-01
4.536305e-01,4.604740e-01,4.673854e-01,4.747489e-01,4.823083e-01
4.899529e-01,4.976779e-01,5.056115e-01,5.137928e-01,5.220945e-01
5.304507e-01,5.386363e-01,5.469237e-01,5.550839e-01,5.631519e-01
5.712122e-01,5.791260e-01,5.870212e-01,5.947734e-01,6.022797e-01
6.095811e-01,6.166237e-01,6.235360e-01,6.300852e-01,6.364081e-01
6.425425e-01,6.485994e-01,6.542842e-01,6.596546e-01,6.645193e-01
6.690549e-01,6.733537e-01,6.775113e-01,6.815973e-01,6.854109e-01
6.890828e-01,6.924675e-01,6.957005e-01,6.986685e-01,7.015318e-01
7.043202e-01,7.067650e-01,7.090387e-01,7.112840e-01,7.133803e-01
7.152589e-01,7.168347e-01,7.183000e-01,7.195843e-01,7.207141e-01
7.215564e-01,7.225218e-01,7.233692e-01,7.238726e-01,7.241224e-01
7.244511e-01,7.247834e-01,7.250212e-01,7.248749e-01,7.247705e-01
7.243442e-01,7.237148e-01,7.234355e-01,7.229891e-01,7.221381e-01
7.215377e-01,7.208297e-01,7.200072e-01,7.190198e-01,7.176165e-01
7.161852e-01,7.144525e-01,7.124387e-01,7.103110e-01,7.080478e-01
7.056975e-01,7.031723e-01,7.005933e-01,6.979388e-01,6.954106e-01
6.926890e-01,6.900511e-01,6.876172e-01,6.853984e-01,6.832124e-01
6.810702e-01,6.789085e-01,6.770351e-01,6.751514e-01,6.733545e-01
6.716701e-01,6.700604e-01,6.685169e-01,6.670115e-01,6.655553e-01
6.641230e-01,6.626128e-01,6.611980e-01,6.599763e-01,6.587969e-01
6.574110e-01,6.563173e-01,6.549724e-01,6.536643e-01,6.523984e-01
6.511271e-01,6.498430e-01,6.484322e-01,6.470979e-01,6.455992e-01
6.442248e-01,6.427909e-01,6.413374e-01,6.399261e-01,6.384390e-01
6.369272e-01,6.352428e-01,6.335826e-01,6.318667e-01,6.301575e-01
6.285131e-01,6.267795e-01,6.251064e-01,6.233652e-01,6.214976e-01
6.196462e-01,6.177661e-01,6.158210e-01,6.141289e-01,6.125583e-01
6.110387e-01,6.095584e-01,6.079478e-01,6.064876e-01,6.050623e-01
6.036714e-01,6.022674e-01,6.008692e-01,5.994255e-01,5.979423e-01
5.964995e-01,5.950467e-01,5.936085e-01,5.921928e-01,5.908339e-01
5.894217e-01,5.879556e-01,5.864212e-01,5.849762e-01,5.835825e-01
5.821826e-01,5.808300e-01,5.794254e-01,5.780388e-01,5.767736e-01
5.755035e-01,5.742293e-01,5.730423e-01,5.720052e-01,5.710244e-01
5.701601e-01,5.691840e-01,5.683710e-01,5.674566e-01,5.666124e-01
5.658198e-01,5.649724e-01,5.641619e-01,5.635072e-01,5.628681e-01
5.622769e-01,5.618501e-01,5.613069e-01,5.607486e-01,5.602925e-01
5.597154e-01,5.592318e-01,5.589132e-01,5.585596e-01,5.582003e-01
5.577772e-01,5.574136e-01,5.569426e-01,5.565738e-01,5.562188e-01
5.558129e-01,5.554759e-01,5.551287e-01,5.547088e-01,5.544094e-01
5.540710e-01,5.532890e-01,5.525075e-01,5.517813e-01,5.511430e-01
5.506110e-01,5.501219e-01,5.496285e-01,5.491956e-01,5.488370e-01
5.484531e-01,5.481389e-01,5.478351e-01,5.476384e-01,5.474922e-01
5.473743e-01,5.472788e-01,5.472449e-01,5.472176e-01,5.472592e-01
5.473039e-01,5.474259e-01,5.475658e-01,5.477154e-01,5.479070e-01
5.481495e-01,5.483769e-01,5.486575e-01,5.489115e-01,5.491694e-01
5.494234e-01,5.496553e-01,5.499012e-01,5.502293e-01,5.505173e-01
5.508036e-01,5.511420e-01,5.515231e-01,5.519278e-01,5.523660e-01
5.528171e-01,5.533310e-01,5.538438e-01,5.542931e-01,5.547989e-01
5.552778e-01,5.558789e-01,5.564986e-01,5.571199e-01,5.577134e-01
5.583132e-01,5.588974e-01,5.594707e-01,5.600373e-01,5.606710e-01
5.613035e-01,5.620382e-01,5.627393e-01,5.634955e-01,5.642324e-01
5.649419e-01,5.657103e-01,5.665489e-01,5.673576e-01,5.681578e-01
5.689840e-01,5.697187e-01,5.704368e-01,5.711425e-01,5.717942e-01
5.724938e-01,5.731222e-01,5.738303e-01,5.744481e-01,5.750491e-01
5.757126e-01,5.763782e-01,5.769212e-01,5.775045e-01,5.780017e-01
5.783576e-01,5.788033e-01,5.791663e-01,5.794601e-01,5.798268e-01
5.800719e-01,5.802442e-01,5.803742e-01,5.804778e-01,5.806729e-01
5.807084e-01,5.808092e-01,5.807549e-01,5.806765e-01,5.806970e-01
5.805173e-01,5.803501e-01,5.802527e-01,5.799961e-01,5.796938e-01
5.798365e-01,5.799792e-01,5.801219e-01,5.802646e-01,5.804073e-01
5.805500e-01,5.806928e-01,5.808355e-01,5.809782e-01,5.811209e-01
5.812636e-01,5.814063e-01,5.815490e-01,5.816917e-01,5.818344e-01
5.819771e-01,5.821198e-01,5.822625e-01,5.824052e-01,5.825480e-01
5.826907e-01,5.828334e-01,5.829761e-01,5.831188e-01,5.832615e-01
5.834042e-01,5.835469e-01,5.836896e-01,5.838323e-01,5.839750e-01
5.841177e-01,5.842605e-01,5.844032e-01,5.845459e-01,5.846886e-01
5.848313e-01,5.849740e-01,5.851167e-01,5.852594e-01,5.854021e-01
5.855448e-01,5.856875e-01,5.858302e-01,5.859730e-01,5.861157e-01
5.862584e-01,5.864011e-01,5.865438e-01,5.866865e-01,5.868292e-01
5.867699e-01,5.869215e-01,5.870740e-01,5.872273e-01,5.873815e-01
5.875365e-01,5.876923e-01,5.878490e-01,5.880065e-01,5.881649e-01
5.883241e-01,5.884841e-01,5.886450e-01,5.888068e-01,5.889693e-01
5.891327e-01,5.892970e-01,5.894621e-01,5.896280e-01,5.897948e-01
5.899624e-01,5.901309e-01,5.903002e-01,5.904704e-01,5.906414e-01
5.908132e-01,5.909859e-01,5.911594e-01,5.913338e-01,5.915090e-01
5.916850e-01,5.918619e-01,5.920396e-01,5.922182e-01,5.923976e-01
5.925778e-01,5.927589e-01,5.929409e-01,5.931236e-01,5.933073e-01
5.934917e-01,5.936770e-01,5.938632e-01,5.940501e-01,5.942380e-01
5.944266e-01,5.946162e-01,5.948065e-01,5.949977e-01,5.951897e-01
8.523460e-01,8.493471e-01,8.463481e-01,8.433491e-01,8.403502e-01
8.373512e-01,8.343522e-01,8.313533e-01,8.283543e-01,8.253553e-01
8.223564e-01,8.193574e-01,8.163585e-01,8.133595e-01,8.103605e-01
8.073616e-01,8.043626e-01,8.013636e-01,7.983647e-01,7.953657e-01
7.923667e-01,7.893678e-01,7.863688e-01,7.833699e-01,7.803709e-01
7.773719e-01,7.743730e-01,7.713740e-01,7.683750e-01,7.653761e-01
7.623771e-01,7.593782e-01,7.563792e-01,7.533802e-01,7.503813e-01
7.473823e-01,7.443833e-01,7.413844e-01,7.383854e-01,7.353864e-01
7.323875e-01,7.293885e-01,7.263896e-01,7.233906e-01,7.203916e-01
7.173927e-01,7.143937e-01,7.113947e-01,7.083958e-01,7.053968e-01
7.023978e-01,6.993989e-01,6.963999e-01,6.934010e-01,6.904020e-01
6.874030e-01,6.844041e-01,6.814051e-01,6.784061e-01,6.754072e-01
6.724082e-01,6.694092e-01,6.664103e-01,6.634113e-01,6.604124e-01
6.574134e-01,6.544144e-01,6.514155e-01,6.484165e-01,6.454175e-01
6.424186e-01,6.394196e-01,6.364206e-01,6.334217e-01,6.304227e-01
6.274238e-01,6.244248e-01,6.214258e-01,6.184269e-01,6.154279e-01
6.124289e-01,6.094300e-01,6.064310e-01,6.034320e-01,6.004331e-01
5.974341e-01,5.944352e-01,5.914362e-01,5.884372e-01,5.854383e-01
5.824393e-01,5.794403e-01,5.764414e-01,5.734424e-01,5.704434e-01
5.674445e-01,5.644455e-01,5.614466e-01,5.584476e-01,5.554486e-01
5.574117e-01,5.590987e-01,5.602392e-01,5.609068e-01,5.612278e-01
5.610758e-01,5.604422e-01,5.592883e-01,5.575960e-01,5.553054e-01
5.525553e-01,5.494242e-01,5.459653e-01,5.420039e-01,5.377623e-01
5.330205e-01,5.280760e-01,5.226763e-01,5.169026e-01,5.107764e-01
5.042672e-01,4.973842e-01,4.901179e-01,4.825239e-01,4.745645e-01
4.663021e-01,4.576827e-01,4.487402e-01,4.394800e-01,4.299268e-01
4.200940e-01,4.100161e-01,3.996937e-01,3.891047e-01,3.781116e-01
3.671133e-01,3.559154e-01,3.445073e-01,3.329108e-01,3.211348e-01
3.092208e-01,2.971836e-01,2.848436e-01,2.726078e-01,2.603139e-01
2.479566e-01,2.355463e-01,2.231275e-01,2.105371e-01,1.981135e-01
1.857276e-01,1.732749e-01,1.611124e-01,1.490913e-01,1.372679e-01
1.256917e-01,1.143835e-01,1.034814e-01,9.277953e-02,8.265691e-02
7.301650e-02,6.383335e-02,5.519988e-02,4.712478e-02,3.958862e-02
3.267086e-02,2.620782e-02,2.058070e-02,1.550874e-02,1.130289e-02
7.622101e-03,4.761129e-03,2.407325e-03,7.956867e-04,9.008081e-05
0,8.151448e-04,2.341150e-03,4.444151e-03,7.436427e-03
1.101465e-02,1.545870e-02,2.052976e-02,2.642866e-02,3.304418e-02
4.037353e-02,4.825388e-02,5.687526e-02,6.625714e-02,7.651400e-02
8.749326e-02,9.907275e-02,1.113962e-01,1.245594e-01,1.384457e-01
1.530409e-01,1.683417e-01,1.842156e-01,2.010052e-01,2.129217e-01
2.249178e-01,2.370840e-01,2.492135e-01,2.614544e-01,2.737315e-01
2.860153e-01,2.983353e-01,3.107181e-01,3.232564e-01,3.357956e-01
3.481214e-01,3.604239e-01,3.727054e-01,3.846003e-01,3.965592e-01
4.080605e-01,4.194094e-01,4.305629e-01,4.415498e-01,4.522619e-01
4.626736e-01,4.727257e-01,4.825858e-01,4.921357e-01,5.012906e-01
5.101026e-01,5.185572e-01,5.265997e-01,5.341164e-01,5.412455e-01
5.479562e-01,5.543707e-01,5.603466e-01,5.659682e-01,5.710864e-01
5.757538e-01,5.798371e-01,5.835282e-01,5.868430e-01,5.898560e-01
5.924612e-01,5.947452e-01,5.966083e-01,5.979423e-01,5.991107e-01
5.999822e-01,6.005390e-01,6.010171e-01,6.010260e-01,6.009927e-01
6.009540e-01,6.006275e-01,6.001872e-01,5.995338e-01,5.988998e-01
5.980577e-01,5.970692e-01,5.963108e-01,5.951861e-01,5.941094e-01
5.929948e-01,5.917246e-01,5.903617e-01,5.889566e-01,5.874635e-01
5.859434e-01,5.841605e-01,5.825489e-01,5.806808e-01,5.788024e-01
5.768434e-01,5.749401e-01,5.730871e-01,5.708941e-01,5.687869e-01
5.665624e-01,5.642955e-01,5.621346e-01,5.596911e-01,5.574827e-01
5.551431e-01,5.528617e-01,5.503954e-01,5.479224e-01,5.456013e-01
5.434182e-01,5.413826e-01,5.394504e-01,5.373970e-01,5.352864e-01
5.334594e-01,5.316342e-01,5.298434e-01,5.281919e-01,5.264615e-01
5.248299e-01,5.235428e-01,5.222282e-01,5.211449e-01,5.199394e-01
5.188247e-01,5.180087e-01,5.171117e-01,5.163192e-01,5.156429e-01
5.151177e-01,5.147090e-01,5.143655e-01,5.141376e-01,5.141402e-01
5.141367e-01,5.142246e-01,5.145747e-01,5.149826e-01,5.155738e-01
5.162885e-01,5.170638e-01,5.178543e-01,5.187950e-01,5.198003e-01
5.210018e-01,5.222099e-01,5.234548e-01,5.249203e-01,5.263870e-01
5.279216e-01,5.295865e-01,5.314602e-01,5.334885e-01,5.356093e-01
5.377039e-01,5.398757e-01,5.425738e-01,5.453418e-01,5.482546e-01
5.514240e-01,5.549301e-01,5.586209e-01,5.624620e-01,5.665295e-01
5.709465e-01,5.755243e-01,5.805292e-01,5.856595e-01,5.910436e-01
5.967407e-01,6.027261e-01,6.091478e-01,6.157810e-01,6.227174e-01
6.299081e-01,6.373922e-01,6.451927e-01,6.531996e-01,6.615135e-01
6.701348e-01,6.788740e-01,6.879146e-01,6.969315e-01,7.059947e-01
7.149539e-01,7.238922e-01,7.328160e-01,7.418168e-01,7.507960e-01
7.596341e-01,7.683475e-01,7.768683e-01,7.853123e-01,7.935153e-01
8.016746e-01,8.095235e-01,8.172828e-01,8.248147e-01,8.320520e-01
8.390810e-01,8.459711e-01,8.527592e-01,8.592486e-01,8.655603e-01
8.717303e-01,8.778397e-01,8.837707e-01,8.894261e-01,8.949347e-01
9.002156e-01,9.052406e-01,9.101143e-01,9.149896e-01,9.195873e-01
9.241190e-01,9.283235e-01,9.322732e-01,9.363273e-01,9.402204e-01
9.437984e-01,9.471200e-01,9.502662e-01,9.532498e-01,9.560999e-01
9.586226e-01,9.610663e-01,9.633210e-01,9.652915e-01,9.670257e-01
9.685999e-01,9.700483e-01,9.713879e-01,9.726915e-01,9.737843e-01
9.747038e-01,9.753434e-01,9.759060e-01,9.761981e-01,9.764943e-01
9.764862e-01,9.764006e-01,9.761925e-01,9.759668e-01,9.757205e-01
9.753544e-01,9.750336e-01,9.745347e-01,9.741366e-01,9.737399e-01
9.734245e-01,9.731931e-01,9.730545e-01,9.730267e-01,9.731336e-01
9.734826e-01,9.737099e-01,9.740406e-01,9.746814e-01,9.753611e-01
9.760267e-01,9.768370e-01,9.777156e-01,9.787417e-01,9.799475e-01
9.812001e-01,9.827161e-01,9.841407e-01,9.856638e-01,9.871910e-01
9.887896e-01,9.903738e-01,9.920515e-01,9.935033e-01,9.948701e-01
9.962618e-01,9.973980e-01,9.983231e-01,9.991617e-01,9.997205e-01
9.999780e-01,1,9.999389e-01,9.994788e-01,9.990320e-01
9.984368e-01,9.976690e-01,9.965895e-01,9.954590e-01,9.942674e-01
9.930214e-01,9.914961e-01,9.900579e-01,9.883294e-01,9.866664e-01
9.847760e-01,9.829670e-01,9.811567e-01,9.791301e-01,9.771841e-01
9.749389e-01,9.726719e-01,9.705581e-01,9.682359e-01,9.660226e-01
9.635918e-01,9.612785e-01,9.587484e-01,9.562162e-01,9.535884e-01
9.510819e-01,9.484922e-01,9.457287e-01,9.427604e-01,9.396618e-01
9.367108e-01,9.336887e-01,9.303374e-01,9.269360e-01,9.235118e-01
9.200357e-01,9.166376e-01,9.130594e-01,9.095348e-01,9.059303e-01
9.021796e-01,8.984587e-01,8.946207e-01,8.907812e-01,8.868563e-01
8.829155e-01,8.788433e-01,8.746330e-01,8.703683e-01,8.662009e-01
8.620080e-01,8.576511e-01,8.535681e-01,8.491945e-01,8.451389e-01
8.410565e-01,8.369569e-01,8.326449e-01,8.283779e-01,8.241000e-01
8.199448e-01,8.156826e-01,8.114399e-01,8.072488e-01,8.030400e-01
7.989196e-01,7.948046e-01,7.908587e-01,7.869213e-01,7.829494e-01
7.789655e-01,7.750110e-01,7.710242e-01,7.671251e-01,7.632484e-01
7.596372e-01,7.560973e-01,7.525575e-01,7.488901e-01,7.453175e-01
7.417453e-01,7.382338e-01,7.348898e-01,7.314711e-01,7.280492e-01
7.246641e-01,7.211498e-01,7.179351e-01,7.146020e-01,7.111627e-01
7.079360e-01,7.047467e-01,7.016295e-01,6.984465e-01,6.954542e-01
6.925087e-01,6.892645e-01,6.863120e-01,6.832216e-01,6.801170e-01
6.770385e-01,6.739773e-01,6.709112e-01,6.678809e-01,6.647528e-01
6.618540e-01,6.586482e-01,6.555783e-01,6.524112e-01,6.493241e-01
6.461471e-01,6.428174e-01,6.397165e-01,6.364928e-01,6.333608e-01
6.302259e-01,6.268695e-01,6.237395e-01,6.203332e-01,6.170142e-01
6.135812e-01,6.104081e-01,6.072830e-01,6.039786e-01,6.005694e-01
5.970770e-01,5.935439e-01,5.901683e-01,5.869113e-01,5.834787e-01
5.801368e-01,5.768701e-01,5.735635e-01,5.704578e-01,5.674537e-01
5.642646e-01,5.612218e-01,5.580506e-01,5.551365e-01,5.523318e-01
5.494234e-01,5.467495e-01,5.441750e-01,5.417536e-01,5.393880e-01
5.371678e-01,5.350683e-01,5.330935e-01,5.311522e-01,5.294446e-01
5.279376e-01,5.264272e-01,5.251343e-01,5.239058e-01,5.228299e-01
5.219502e-01,5.215027e-01,5.210944e-01,5.210039e-01,5.210125e-01
5.213360e-01,5.219645e-01,5.227535e-01,5.238902e-01,5.252327e-01
5.269111e-01,5.287472e-01,5.308080e-01,5.332116e-01,5.359340e-01
5.389926e-01,5.419350e-01,5.452162e-01,5.487181e-01,5.522743e-01
5.557634e-01,5.594096e-01,5.633049e-01,5.673005e-01,5.712696e-01
5.754075e-01,5.794211e-01,5.835819e-01,5.877907e-01,5.920289e-01
5.962713e-01,6.004073e-01,6.046430e-01,6.088312e-01,6.130103e-01
6.171424e-01,6.211696e-01,6.252419e-01,6.291325e-01,6.329509e-01
6.368027e-01,6.404687e-01,6.441666e-01,6.478043e-01,6.513979e-01
6.549279e-01,6.583975e-01,6.617516e-01,6.648927e-01,6.678666e-01
6.708661e-01,6.737677e-01,6.764530e-01,6.791233e-01,6.815704e-01
6.840240e-01,6.862911e-01,6.884090e-01,6.905159e-01,6.925178e-01
6.944464e-01,6.961237e-01,6.977870e-01,6.993817e-01,7.008627e-01
7.020932e-01,7.031944e-01,7.043227e-01,7.052688e-01,7.062118e-01
7.071570e-01,7.080022e-01,7.086776e-01,7.093308e-01,7.097686e-01
7.102059e-01,7.106018e-01,7.107261e-01,7.107637e-01,7.107630e-01
7.107671e-01,7.107655e-01,7.106581e-01,7.104803e-01,7.103264e-01
7.101375e-01,7.099438e-01,7.097149e-01,7.095167e-01,7.092981e-01
7.090451e-01,7.088102e-01,7.086191e-01,7.084698e-01,7.083208e-01
7.082311e-01,7.082255e-01,7.083076e-01,7.084372e-01,7.086049e-01
7.088260e-01,7.091821e-01,7.095192e-01,7.098093e-01,7.102217e-01
7.106103e-01,7.112068e-01,7.117152e-01,7.123068e-01,7.128211e-01
7.132867e-01,7.137581e-01,7.141323e-01,7.144366e-01,7.145466e-01
7.148101e-01,7.150094e-01,7.152123e-01,7.152470e-01,7.154361e-01
7.155155e-01,7.155793e-01,7.155902e-01,7.155097e-01,7.154569e-01
7.154278e-01,7.154075e-01,7.153713e-01,7.153101e-01,7.152290e-01
7.150925e-01,7.150049e-01,7.149186e-01,7.148591e-01,7.147993e-01
7.147475e-01,7.147041e-01,7.146696e-01,7.146495e-01,7.147070e-01
7.147734e-01,7.148793e-01,7.150673e-01,7.152145e-01,7.153835e-01
7.155858e-01,7.157951e-01,7.160375e-01,7.163109e-01,7.165853e-01
7.169284e-01,7.172439e-01,7.175628e-01,7.179574e-01,7.183092e-01
7.185083e-01,7.188843e-01,7.192561e-01,7.196802e-01,7.201420e-01
7.206697e-01,7.211623e-01,7.214043e-01,7.216448e-01,7.219035e-01
7.221439e-01,7.224375e-01,7.227407e-01,7.230503e-01,7.233362e-01
7.236167e-01,7.239111e-01,7.241758e-01,7.244966e-01,7.248194e-01
7.251705e-01,7.255997e-01,7.259718e-01,7.263842e-01,7.268191e-01
7.272578e-01,7.276717e-01,7.280718e-01,7.284455e-01,7.288622e-01
7.292982e-01,7.300448e-01,7.307498e-01,7.314574e-01,7.321627e-01
7.328771e-01,7.335396e-01,7.341852e-01,7.348089e-01,7.353842e-01
7.359801e-01,7.365018e-01,7.370046e-01,7.374808e-01,7.379053e-01
7.383223e-01,7.387352e-01,7.392086e-01,7.396718e-01,7.401326e-01
7.405204e-01,7.409549e-01,7.413487e-01,7.417252e-01,7.420939e-01
7.424621e-01,7.428356e-01,7.431931e-01,7.435520e-01,7.438950e-01
7.442415e-01,7.445361e-01,7.448185e-01,7.450637e-01,7.453369e-01
7.455873e-01,7.458331e-01,7.460907e-01,7.462972e-01,7.464637e-01
7.466131e-01,7.467413e-01,7.468655e-01,7.469790e-01,7.470957e-01
7.471990e-01,7.473049e-01,7.473609e-01,7.474123e-01,7.474620e-01
7.475088e-01,7.475464e-01,7.475510e-01,7.475201e-01,7.474937e-01
7.474554e-01,7.473729e-01,7.473068e-01,7.472229e-01,7.470861e-01
7.469473e-01,7.467868e-01,7.466036e-01,7.464172e-01,7.461871e-01
7.459888e-01,7.457622e-01,7.455070e-01,7.452647e-01,7.451713e-01
7.449248e-01,7.446794e-01,7.443775e-01,7.440130e-01,7.435918e-01
7.431779e-01,7.430245e-01,7.428858e-01,7.427691e-01,7.426563e-01
7.425645e-01,7.424929e-01,7.424186e-01,7.423612e-01,7.423419e-01
7.423259e-01,7.423409e-01,7.423656e-01,7.424190e-01,7.424996e-01
7.425924e-01,7.427445e-01,7.429141e-01,7.431091e-01,7.433342e-01
7.435945e-01,7.438896e-01,7.442591e-01,7.446552e-01,7.450556e-01
7.451628e-01,7.452700e-01,7.453773e-01,7.454845e-01,7.455918e-01
7.456990e-01,7.458063e-01,7.459135e-01,7.460208e-01,7.461280e-01
7.462352e-01,7.463425e-01,7.464497e-01,7.465570e-01,7.466642e-01
7.467715e-01,7.468787e-01,7.469860e-01,7.470932e-01,7.472004e-01
7.473077e-01,7.474149e-01,7.475222e-01,7.476294e-01,7.477367e-01
7.478439e-01,7.479511e-01,7.480584e-01,7.481656e-01,7.482729e-01
7.483801e-01,7.484874e-01,7.485946e-01,7.487019e-01,7.488091e-01
7.489163e-01,7.490236e-01,7.491308e-01,7.492381e-01,7.493453e-01
7.494526e-01,7.495598e-01,7.496671e-01,7.497743e-01,7.498815e-01
7.499888e-01,7.500960e-01,7.502033e-01,7.503105e-01,7.504178e-01
7.508281e-01,7.509220e-01,7.510146e-01,7.511059e-01,7.511960e-01
7.512848e-01,7.513723e-01,7.514586e-01,7.515436e-01,7.516274e-01
7.517099e-01,7.517911e-01,7.518710e-01,7.519497e-01,7.520272e-01
7.521034e-01,7.521783e-01,7.522519e-01,7.523243e-01,7.523954e-01
7.524653e-01,7.525339e-01,7.526012e-01,7.526673e-01,7.527321e-01
7.527957e-01,7.528580e-01,7.529190e-01,7.529787e-01,7.530372e-01
7.530945e-01,7.531504e-01,7.532052e-01,7.532586e-01,7.533108e-01
7.533617e-01,7.534114e-01,7.534598e-01,7.535069e-01,7.535527e-01
7.535974e-01,7.536407e-01,7.536828e-01,7.537236e-01,7.537631e-01
7.538014e-01,7.538385e-01,7.538742e-01,7.539087e-01,7.539420e-01
8.024960e-01,8.007785e-01,7.990611e-01,7.973437e-01,7.956262e-01
7.939088e-01,7.921914e-01,7.904739e-01,7.887565e-01,7.870391e-01
7.853217e-01,7.836042e-01,7.818868e-01,7.801694e-01,7.784519e-01
7.767345e-01,7.750171e-01,7.732996e-01,7.715822e-01,7.698648e-01
7.681473e-01,7.664299e-01,7.647125e-01,7.629951e-01,7.612776e-01
7.595602e-01,7.578428e-01,7.561253e-01,7.544079e-01,7.526905e-01
7.509730e-01,7.492556e-01,7.475382e-01,7.458207e-01,7.441033e-01
7.423859e-01,7.406685e-01,7.389510e-01,7.372336e-01,7.355162e-01
7.337987e-01,7.320813e-01,7.303639e-01,7.286464e-01,7.269290e-01
7.252116e-01,7.234941e-01,7.217767e-01,7.200593e-01,7.183419e-01
7.166244e-01,7.149070e-01,7.131896e-01,7.114721e-01,7.097547e-01
7.080373e-01,7.063198e-01,7.046024e-01,7.028850e-01,7.011675e-01
6.994501e-01,6.977327e-01,6.960153e-01,6.942978e-01,6.925804e-01
6.908630e-01,6.891455e-01,6.874281e-01,6.857107e-01,6.839932e-01
6.822758e-01,6.805584e-01,6.788409e-01,6.771235e-01,6.754061e-01
6.736887e-01,6.719712e-01,6.702538e-01,6.685364e-01,6.668189e-01
6.651015e-01,6.633841e-01,6.616666e-01,6.599492e-01,6.582318e-01
6.565144e-01,6.547969e-01,6.530795e-01,6.513621e-01,6.496446e-01
6.479272e-01,6.462098e-01,6.444923e-01,6.427749e-01,6.410575e-01
6.393400e-01,6.376226e-01,6.359052e-01,6.341878e-01,6.324703e-01
6.303152e-01,6.281401e-01,6.259220e-01,6.237445e-01,6.216336e-01
6.195742e-01,6.177350e-01,6.156625e-01,6.136646e-01,6.117346e-01
6.101983e-01,6.085580e-01,6.069782e-01,6.083262e-01,6.089910e-01
6.092400e-01,6.090185e-01,6.083201e-01,6.078157e-01,6.068358e-01
6.057824e-01,6.046648e-01,6.028607e-01,6.013832e-01,5.992493e-01
5.971236e-01,5.947677e-01,5.924769e-01,5.899806e-01,5.875605e-01
5.852742e-01,5.829925e-01,5.805454e-01,5.777763e-01,5.747480e-01
5.719292e-01,5.688983e-01,5.660111e-01,5.629512e-01,5.597897e-01
5.564545e-01,5.531173e-01,5.501401e-01,5.468544e-01,5.436071e-01
5.404023e-01,5.376156e-01,5.348541e-01,5.320216e-01,5.290918e-01
5.265791e-01,5.239630e-01,5.214541e-01,5.192231e-01,5.172254e-01
5.149939e-01,5.130717e-01,5.109462e-01,5.093194e-01,5.080039e-01
5.063113e-01,5.048130e-01,5.036227e-01,5.025801e-01,5.015362e-01
5.008040e-01,5.002705e-01,4.999780e-01,4.997247e-01,4.996332e-01
4.996633e-01,4.998085e-01,5.000742e-01,5.005005e-01,5.009313e-01
5.015605e-01,5.021502e-01,5.028151e-01,5.034269e-01,5.039502e-01
5.048831e-01,5.057160e-01,5.069418e-01,5.079170e-01,5.094221e-01
5.107720e-01,5.119841e-01,5.133802e-01,5.147278e-01,5.158391e-01
5.169162e-01,5.176946e-01,5.186225e-01,5.191382e-01,5.200844e-01
5.207527e-01,5.211586e-01,5.219316e-01,5.221600e-01,5.228720e-01
5.235695e-01,5.241904e-01,5.251002e-01,5.258022e-01,5.265210e-01
5.271864e-01,5.280610e-01,5.287198e-01,5.293556e-01,5.296154e-01
5.299412e-01,5.303605e-01,5.273992e-01,5.245596e-01,5.220080e-01
5.190734e-01,5.162615e-01,5.130514e-01,5.095576e-01,5.058340e-01
5.019991e-01,4.983696e-01,4.943277e-01,4.906502e-01,4.866299e-01
4.829445e-01,4.786993e-01,4.744782e-01,4.701965e-01,4.655648e-01
4.609143e-01,4.560018e-01,4.514326e-01,4.468085e-01,4.417189e-01
4.369290e-01,4.322703e-01,4.273301e-01,4.225088e-01,4.176959e-01
4.132981e-01,4.082418e-01,4.035831e-01,3.988445e-01,3.945562e-01
3.899387e-01,3.854455e-01,3.809191e-01,3.768346e-01,3.725034e-01
3.684376e-01,3.647921e-01,3.606738e-01,3.562771e-01,3.523449e-01
3.481117e-01,3.448167e-01,3.410912e-01,3.368785e-01,3.336000e-01
3.302552e-01,3.271188e-01,3.240787e-01,3.210439e-01,3.179547e-01
3.151571e-01,3.119286e-01,3.086601e-01,3.056013e-01,3.023880e-01
2.993793e-01,2.962212e-01,2.933407e-01,2.903030e-01,2.871566e-01
2.841839e-01,2.815332e-01,2.785132e-01,2.761011e-01,2.731964e-01
2.706276e-01,2.675177e-01,2.645453e-01,2.614215e-01,2.587636e-01
2.554421e-01,2.521421e-01,2.488935e-01,2.456540e-01,2.426052e-01
2.392035e-01,2.360963e-01,2.331005e-01,2.297506e-01,2.265360e-01
2.235295e-01,2.202014e-01,2.172333e-01,2.146639e-01,2.122515e-01
2.099615e-01,2.075065e-01,2.055314e-01,2.032961e-01,2.012312e-01
1.994604e-01,1.981506e-01,1.964353e-01,1.950240e-01,1.939239e-01
1.923661e-01,1.916354e-01,1.909360e-01,1.901335e-01,1.899787e-01
1.894573e-01,1.889442e-01,1.889752e-01,1.893587e-01,1.898682e-01
1.905946e-01,1.913037e-01,1.921550e-01,1.931223e-01,1.942903e-01
1.956853e-01,1.971317e-01,1.986757e-01,2.003814e-01,2.021636e-01
2.038963e-01,2.055904e-01,2.077420e-01,2.101425e-01,2.123145e-01
2.141616e-01,2.166206e-01,2.190720e-01,2.217768e-01,2.243195e-01
2.269450e-01,2.295527e-01,2.328052e-01,2.358988e-01,2.387132e-01
2.412723e-01,2.440999e-01,2.469735e-01,2.499901e-01,2.528363e-01
2.553008e-01,2.584167e-01,2.615784e-01,2.646767e-01,2.681042e-01
2.708820e-01,2.738794e-01,2.771676e-01,2.805863e-01,2.838260e-01
2.862753e-01,2.884059e-01,2.909740e-01,2.931357e-01,2.950938e-01
2.970646e-01,2.992806e-01,3.007454e-01,3.028485e-01,3.047604e-01
3.062346e-01,3.071468e-01,3.083943e-01,3.098669e-01,3.104729e-01
3.102800e-01,3.101911e-01,3.092681e-01,3.085303e-01,3.069287e-01
3.064876e-01,3.059179e-01,3.046376e-01,3.004575e-01,2.987154e-01
2.960551e-01,2.929276e-01,2.899189e-01,2.859515e-01,2.825640e-01
2.779736e-01,2.735271e-01,2.684798e-01,2.634682e-01,2.583753e-01
2.530429e-01,2.472839e-01,2.413002e-01,2.348500e-01,2.285365e-01
2.220642e-01,2.154825e-01,2.088632e-01,2.019350e-01,1.947500e-01
1.875300e-01,1.807453e-01,1.738392e-01,1.670313e-01,1.604908e-01
1.536827e-01,1.465436e-01,1.360413e-01,1.264542e-01,1.179882e-01
1.096100e-01,1.013541e-01,9.280711e-02,8.470942e-02,7.723690e-02
6.978004e-02,6.313749e-02,5.680088e-02,5.042016e-02,4.453170e-02
3.911851e-02,3.374016e-02,2.881139e-02,2.393684e-02,1.948944e-02
1.561329e-02,1.175193e-02,8.361241e-03,6.088614e-03,4.149477e-03
2.180502e-03,1.062917e-03,4.885623e-04,0,5.040543e-04
1.571747e-03,2.590591e-03,4.070202e-03,6.159800e-03,9.146705e-03
1.242248e-02,1.618927e-02,2.025883e-02,2.527531e-02,3.034654e-02
3.549860e-02,4.116467e-02,4.726813e-02,5.335215e-02,6.040324e-02
6.739307e-02,7.480432e-02,8.167065e-02,8.868514e-02,9.643149e-02
1.044653e-01,1.121199e-01,1.203579e-01,1.284021e-01,1.365110e-01
1.445652e-01,1.526820e-01,1.604519e-01,1.676198e-01,1.749555e-01
1.827355e-01,1.897069e-01,1.962438e-01,2.029733e-01,2.097800e-01
2.165950e-01,2.236212e-01,2.303361e-01,2.373574e-01,2.425527e-01
2.475389e-01,2.521589e-01,2.587556e-01,2.631733e-01,2.674171e-01
2.713887e-01,2.747926e-01,2.783321e-01,2.814097e-01,2.851229e-01
2.882926e-01,2.915478e-01,2.944851e-01,2.969969e-01,2.995071e-01
3.020980e-01,3.042098e-01,3.066099e-01,3.085723e-01,3.103961e-01
3.119772e-01,3.134692e-01,3.153798e-01,3.165516e-01,3.171339e-01
3.177643e-01,3.183285e-01,3.183089e-01,3.182248e-01,3.177929e-01
3.175006e-01,3.202711e-01,3.225888e-01,3.241093e-01,3.260028e-01
3.281247e-01,3.304137e-01,3.327196e-01,3.350676e-01,3.379786e-01
3.402500e-01,3.426239e-01,3.456117e-01,3.482759e-01,3.509082e-01
3.539897e-01,3.569360e-01,3.602555e-01,3.640718e-01,3.678688e-01
3.720214e-01,3.763706e-01,3.801716e-01,3.843996e-01,3.889782e-01
3.931422e-01,3.977094e-01,4.026388e-01,4.078451e-01,4.129829e-01
4.181138e-01,4.231587e-01,4.284634e-01,4.334949e-01,4.389880e-01
4.443458e-01,4.499748e-01,4.550129e-01,4.608218e-01,4.661889e-01
4.712180e-01,4.763462e-01,4.819607e-01,4.869848e-01,4.921392e-01
4.969374e-01,5.018749e-01,5.071241e-01,5.124152e-01,5.174028e-01
5.223679e-01,5.270763e-01,5.319304e-01,5.371201e-01,5.415384e-01
5.464829e-01,5.513025e-01,5.566417e-01,5.618915e-01,5.664875e-01
5.720050e-01,5.767418e-01,5.818078e-01,5.868713e-01,5.923599e-01
5.971547e-01,6.019825e-01,6.064856e-01,6.120651e-01,6.171383e-01
6.220902e-01,6.276033e-01,6.327605e-01,6.382796e-01,6.439399e-01
6.497621e-01,6.559876e-01,6.621058e-01,6.678617e-01,6.745959e-01
6.807980e-01,6.873510e-01,6.946696e-01,7.018381e-01,7.094136e-01
7.164706e-01,7.234804e-01,7.306665e-01,7.377763e-01,7.450882e-01
7.526362e-01,7.594711e-01,7.670340e-01,7.752050e-01,7.826404e-01
7.897081e-01,7.972129e-01,8.049564e-01,8.120677e-01,8.192671e-01
8.269051e-01,8.337780e-01,8.409241e-01,8.478408e-01,8.554506e-01
8.628797e-01,8.705023e-01,8.774255e-01,8.842369e-01,8.906861e-01
8.973389e-01,9.035447e-01,9.096096e-01,9.156550e-01,9.216035e-01
9.275448e-01,9.331976e-01,9.385007e-01,9.435832e-01,9.485060e-01
9.533682e-01,9.584302e-01,9.630486e-01,9.672305e-01,9.714509e-01
9.753269e-01,9.786086e-01,9.814484e-01,9.838901e-01,9.867691e-01
9.893164e-01,9.915617e-01,9.935822e-01,9.953362e-01,9.968824e-01
9.982356e-01,9.991088e-01,9.992504e-01,9.994819e-01,1
9.995847e-01,9.988007e-01,9.977174e-01,9.961544e-01,9.945513e-01
9.920955e-01,9.894002e-01,9.857195e-01,9.825390e-01,9.793744e-01
9.755787e-01,9.709099e-01,9.659446e-01,9.609961e-01,9.558779e-01
9.502960e-01,9.438081e-01,9.368092e-01,9.300518e-01,9.222071e-01
9.146305e-01,9.063150e-01,8.972368e-01,8.879923e-01,8.791773e-01
8.699217e-01,8.609684e-01,8.511069e-01,8.416753e-01,8.327874e-01
8.233528e-01,8.143064e-01,8.052751e-01,7.966194e-01,7.887965e-01
7.804390e-01,7.721631e-01,7.645596e-01,7.561856e-01,7.495038e-01
7.426060e-01,7.355997e-01,7.281538e-01,7.206375e-01,7.138996e-01
7.077833e-01,7.016462e-01,6.961886e-01,6.905446e-01,6.851288e-01
6.798990e-01,6.750898e-01,6.701135e-01,6.662929e-01,6.626531e-01
6.588804e-01,6.549644e-01,6.509259e-01,6.472246e-01,6.432316e-01
6.403795e-01,6.382006e-01,6.361969e-01,6.335082e-01,6.312300e-01
6.289590e-01,6.280053e-01,6.261916e-01,6.254590e-01,6.245022e-01
6.233473e-01,6.230708e-01,6.229816e-01,6.229608e-01,6.229783e-01
6.233542e-01,6.241212e-01,6.254492e-01,6.270142e-01,6.279906e-01
6.290043e-01,6.302164e-01,6.321726e-01,6.338088e-01,6.354734e-01
6.372455e-01,6.391222e-01,6.415403e-01,6.435290e-01,6.454451e-01
6.475318e-01,6.497190e-01,6.517301e-01,6.537988e-01,6.550820e-01
6.564287e-01,6.575975e-01,6.583735e-01,6.589261e-01,6.597432e-01
6.607469e-01,6.610331e-01,6.609844e-01,6.603465e-01,6.599967e-01
6.592224e-01,6.586234e-01,6.575827e-01,6.559989e-01,6.541660e-01
6.528508e-01,6.505046e-01,6.481675e-01,6.452428e-01,6.418499e-01
6.393214e-01,6.364722e-01,6.331028e-01,6.299690e-01,6.264343e-01
6.235911e-01,6.211838e-01,6.188246e-01,6.166233e-01,6.144588e-01
6.118991e-01,6.096033e-01,6.073687e-01,6.050472e-01,6.033388e-01
6.012041e-01,5.993855e-01,5.971640e-01,5.946716e-01,5.926812e-01
5.910558e-01,5.895630e-01,5.879376e-01,5.851479e-01,5.831084e-01
5.805352e-01,5.785787e-01,5.769051e-01,5.749848e-01,5.728179e-01
5.711975e-01,5.690838e-01,5.670980e-01,5.655247e-01,5.637371e-01
5.616604e-01,5.594993e-01,5.569386e-01,5.546023e-01,5.522601e-01
5.499798e-01,5.484989e-01,5.469093e-01,5.457057e-01,5.441666e-01
5.424094e-01,5.408074e-01,5.394144e-01,5.383724e-01,5.371864e-01
5.353208e-01,5.343164e-01,5.329786e-01,5.319969e-01,5.312650e-01
5.303582e-01,5.295812e-01,5.288307e-01,5.283181e-01,5.277009e-01
5.270796e-01,5.261137e-01,5.250803e-01,5.246388e-01,5.241057e-01
5.235724e-01,5.227449e-01,5.223582e-01,5.218468e-01,5.217097e-01
5.214046e-01,5.209201e-01,5.204257e-01,5.200752e-01,5.195534e-01
5.190141e-01,5.183970e-01,5.174928e-01,5.167933e-01,5.162218e-01
5.156353e-01,5.152589e-01,5.146512e-01,5.140404e-01,5.127613e-01
5.118263e-01,5.110866e-01,5.105244e-01,5.099773e-01,5.094136e-01
5.088403e-01,5.078716e-01,5.068857e-01,5.061099e-01,5.048656e-01
5.040653e-01,5.032540e-01,5.024751e-01,5.018831e-01,5.005078e-01
4.996886e-01,4.989034e-01,4.979784e-01,4.973900e-01,4.964432e-01
4.956769e-01,4.944819e-01,4.930610e-01,4.917947e-01,4.909425e-01
4.901111e-01,4.892978e-01,4.883580e-01,4.869247e-01,4.860880e-01
4.851411e-01,4.845706e-01,4.836547e-01,4.826906e-01,4.817545e-01
4.803454e-01,4.793881e-01,4.787916e-01,4.775974e-01,4.766548e-01
4.756811e-01,4.745130e-01,4.736699e-01,4.726747e-01,4.714162e-01
4.703715e-01,4.693216e-01,4.678192e-01,4.667295e-01,4.656308e-01
4.645995e-01,4.635682e-01,4.625369e-01,4.615055e-01,4.604742e-01
4.594429e-01,4.584116e-01,4.573803e-01,4.563490e-01,4.553176e-01
4.542863e-01,4.532550e-01,4.522237e-01,4.511924e-01,4.501610e-01
4.491297e-01,4.480984e-01,4.470671e-01,4.460358e-01,4.450044e-01
4.439731e-01,4.429418e-01,4.419105e-01,4.408792e-01,4.398478e-01
4.388165e-01,4.377852e-01,4.367539e-01,4.357226e-01,4.346913e-01
4.336599e-01,4.326286e-01,4.315973e-01,4.305660e-01,4.295347e-01
4.285033e-01,4.274720e-01,4.264407e-01,4.254094e-01,4.243781e-01
4.233467e-01,4.223154e-01,4.212841e-01,4.202528e-01,4.192215e-01
4.181902e-01,4.171588e-01,4.161275e-01,4.150962e-01,4.140649e-01
4.138571e-01,4.127894e-01,4.117183e-01,4.106437e-01,4.095657e-01
4.084843e-01,4.073995e-01,4.063112e-01,4.052195e-01,4.041243e-01
4.030258e-01,4.019238e-01,4.008183e-01,3.997094e-01,3.985972e-01
3.974814e-01,3.963623e-01,3.952397e-01,3.941136e-01,3.929842e-01
3.918513e-01,3.907150e-01,3.895752e-01,3.884321e-01,3.872854e-01
3.861354e-01,3.849819e-01,3.838250e-01,3.826647e-01,3.815009e-01
3.803337e-01,3.791631e-01,3.779890e-01,3.768115e-01,3.756306e-01
3.744462e-01,3.732585e-01,3.720672e-01,3.708726e-01,3.696745e-01
3.684730e-01,3.672681e-01,3.660597e-01,3.648479e-01,3.636326e-01
3.624140e-01,3.611919e-01,3.599663e-01,3.587374e-01,3.575050e-01
6.912805e-02,7.013073e-02,7.113342e-02,7.213610e-02,7.313878e-02
7.414147e-02,7.514415e-02,7.614684e-02,7.714952e-02,7.815220e-02
7.915489e-02,8.015757e-02,8.116025e-02,8.216294e-02,8.316562e-02
8.416830e-02,8.517099e-02,8.617367e-02,8.717636e-02,8.817904e-02
8.918172e-02,9.018441e-02,9.118709e-02,9.218977e-02,9.319246e-02
9.419514e-02,9.519783e-02,9.620051e-02,9.720319e-02,9.820588e-02
9.920856e-02,1.002112e-01,1.012139e-01,1.022166e-01,1.032193e-01
1.042220e-01,1.052247e-01,1.062273e-01,1.072300e-01,1.082327e-01
1.092354e-01,1.102381e-01,1.112408e-01,1.122434e-01,1.132461e-01
1.142488e-01,1.152515e-01,1.162542e-01,1.172569e-01,1.182596e-01
1.192622e-01,1.202649e-01,1.212676e-01,1.222703e-01,1.232730e-01
1.242757e-01,1.252783e-01,1.262810e-01,1.272837e-01,1.282864e-01
1.292891e-01,1.302918e-01,1.312944e-01,1.322971e-01,1.332998e-01
1.343025e-01,1.353052e-01,1.363079e-01,1.373105e-01,1.383132e-01
1.393159e-01,1.403186e-01,1.413213e-01,1.423240e-01,1.433266e-01
1.443293e-01,1.453320e-01,1.463347e-01,1.473374e-01,1.483401e-01
1.493427e-01,1.503454e-01,1.513481e-01,1.523508e-01,1.533535e-01
1.543562e-01,1.553588e-01,1.563615e-01,1.573642e-01,1.583669e-01
1.593696e-01,1.603723e-01,1.613750e-01,1.623776e-01,1.633803e-01
1.643830e-01,1.653857e-01,1.663884e-01,1.673911e-01,1.683937e-01
1.688592e-01,1.696068e-01,1.706077e-01,1.717818e-01,1.731000e-01
1.744546e-01,1.759023e-01,1.774631e-01,1.791404e-01,1.809075e-01
1.827997e-01,1.846784e-01,1.865376e-01,1.885599e-01,1.906128e-01
1.926029e-01,1.946270e-01,1.965755e-01,1.982774e-01,1.999410e-01
2.016265e-01,2.029685e-01,2.041723e-01,2.025162e-01,2.008505e-01
1.993545e-01,1.977519e-01,1.963840e-01,1.950186e-01,1.937354e-01
1.925525e-01,1.912769e-01,1.900827e-01,1.889982e-01,1.879750e-01
1.869799e-01,1.859187e-01,1.850321e-01,1.841830e-01,1.834216e-01
1.827232e-01,1.821948e-01,1.817385e-01,1.812891e-01,1.809402e-01
1.806144e-01,1.804513e-01,1.803113e-01,1.803385e-01,1.804713e-01
1.806895e-01,1.810209e-01,1.813897e-01,1.845526e-01,1.873771e-01
1.896504e-01,1.917506e-01,1.935332e-01,1.950180e-01,1.960973e-01
1.970351e-01,1.978663e-01,1.985572e-01,1.992083e-01,1.997634e-01
2.002138e-01,2.006405e-01,2.009655e-01,2.013610e-01,2.019242e-01
2.025227e-01,2.031419e-01,2.038518e-01,2.046557e-01,2.053990e-01
2.062151e-01,2.072349e-01,2.083876e-01,2.096285e-01,2.109300e-01
2.123314e-01,2.138940e-01,2.156456e-01,2.175215e-01,2.195918e-01
2.218226e-01,2.242287e-01,2.267740e-01,2.295010e-01,2.325006e-01
2.357185e-01,2.391505e-01,2.428652e-01,2.467373e-01,2.507777e-01
2.550743e-01,2.595716e-01,2.642044e-01,2.690531e-01,2.747341e-01
2.803634e-01,2.859982e-01,2.915884e-01,2.972004e-01,3.029238e-01
3.086135e-01,3.141403e-01,3.197324e-01,3.252264e-01,3.305514e-01
3.357232e-01,3.408917e-01,3.455615e-01,3.500677e-01,3.542017e-01
3.580670e-01,3.616477e-01,3.649994e-01,3.681371e-01,3.708362e-01
3.733548e-01,3.756029e-01,3.803498e-01,3.853121e-01,3.901054e-01
3.949286e-01,3.997430e-01,4.044662e-01,4.093494e-01,4.142128e-01
4.192191e-01,4.242442e-01,4.291046e-01,4.337864e-01,4.387325e-01
4.438339e-01,4.488450e-01,4.538665e-01,4.588650e-01,4.638704e-01
4.687175e-01,4.734970e-01,4.783189e-01,4.831154e-01,4.879765e-01
4.927388e-01,4.973536e-01,5.020665e-01,5.067174e-01,5.112855e-01
5.157663e-01,5.202870e-01,5.217041e-01,5.227505e-01,5.241047e-01
5.250549e-01,5.261078e-01,5.270858e-01,5.281777e-01,5.289974e-01
5.298314e-01,5.305699e-01,5.312880e-01,5.319753e-01,5.326865e-01
5.333791e-01,5.341193e-01,5.347761e-01,5.352631e-01,5.356980e-01
5.360950e-01,5.364402e-01,5.367050e-01,5.371197e-01,5.375468e-01
5.378449e-01,5.381170e-01,5.383739e-01,5.386496e-01,5.389863e-01
5.393435e-01,5.396388e-01,5.400277e-01,5.404511e-01,5.408340e-01
5.412026e-01,5.416163e-01,5.420953e-01,5.424676e-01,5.428877e-01
5.433755e-01,5.437702e-01,5.441349e-01,5.444929e-01,5.447184e-01
5.449466e-01,5.452235e-01,5.454790e-01,5.456441e-01,5.457709e-01
5.458272e-01,5.458872e-01,5.459849e-01,5.459678e-01,5.459725e-01
5.460499e-01,5.459103e-01,5.456880e-01,5.454713e-01,5.452743e-01
5.448930e-01,5.446593e-01,5.442517e-01,5.439009e-01,5.433598e-01
5.429342e-01,5.425552e-01,5.420113e-01,5.413353e-01,5.406302e-01
5.396636e-01,5.389507e-01,5.380717e-01,5.372177e-01,5.364597e-01
5.354962e-01,5.346321e-01,5.335359e-01,5.323657e-01,5.310992e-01
5.295773e-01,5.282901e-01,5.271213e-01,5.257405e-01,5.241699e-01
5.225642e-01,5.209089e-01,5.191650e-01,5.173427e-01,5.155236e-01
5.136969e-01,5.118275e-01,5.097249e-01,5.077179e-01,5.057082e-01
5.038155e-01,5.016804e-01,4.994709e-01,4.972655e-01,4.950243e-01
4.926590e-01,4.903278e-01,4.881212e-01,4.855516e-01,4.833078e-01
4.808075e-01,4.783393e-01,4.758268e-01,4.734717e-01,4.709917e-01
4.684858e-01,4.658488e-01,4.631725e-01,4.604573e-01,4.575224e-01
4.547776e-01,4.519597e-01,4.491440e-01,4.462781e-01,4.433756e-01
4.403858e-01,4.373908e-01,4.343070e-01,4.311941e-01,4.281104e-01
4.249667e-01,4.218200e-01,4.186598e-01,4.155158e-01,4.123413e-01
4.091303e-01,4.056489e-01,4.022407e-01,3.988673e-01,3.954791e-01
3.920827e-01,3.886086e-01,3.851053e-01,3.815361e-01,3.777586e-01
3.739155e-01,3.700069e-01,3.660064e-01,3.619543e-01,3.578301e-01
3.534620e-01,3.491454e-01,3.447561e-01,3.402971e-01,3.358253e-01
3.312967e-01,3.263441e-01,3.215472e-01,3.164472e-01,3.114338e-01
3.063232e-01,3.010554e-01,2.954168e-01,2.895809e-01,2.836356e-01
2.775148e-01,2.713405e-01,2.651322e-01,2.589268e-01,2.525287e-01
2.461647e-01,2.397806e-01,2.335754e-01,2.274370e-01,2.215620e-01
2.157354e-01,2.100637e-01,2.073967e-01,2.048960e-01,2.025754e-01
2.003999e-01,1.983650e-01,1.964704e-01,1.947347e-01,1.933640e-01
1.919393e-01,1.906546e-01,1.894175e-01,1.884388e-01,1.875725e-01
1.868490e-01,1.862643e-01,1.858124e-01,1.854287e-01,1.851080e-01
1.848490e-01,1.848296e-01,1.847257e-01,1.846368e-01,1.846492e-01
1.847470e-01,1.849271e-01,1.851594e-01,1.854539e-01,1.858530e-01
1.862599e-01,1.867226e-01,1.845251e-01,1.824603e-01,1.806905e-01
1.791469e-01,1.778827e-01,1.769438e-01,1.763877e-01,1.761593e-01
1.762294e-01,1.765925e-01,1.771985e-01,1.783062e-01,1.794206e-01
1.808318e-01,1.823915e-01,1.840848e-01,1.858946e-01,1.878892e-01
1.899757e-01,1.921420e-01,1.942943e-01,1.965246e-01,1.988478e-01
2.011033e-01,2.033732e-01,2.056294e-01,2.077585e-01,2.098519e-01
2.120842e-01,2.139845e-01,2.157772e-01,2.174022e-01,2.188740e-01
2.201819e-01,2.213558e-01,2.223504e-01,2.232155e-01,2.238836e-01
2.243959e-01,2.247116e-01,2.248911e-01,2.249228e-01,2.248507e-01
2.244785e-01,2.239483e-01,2.232962e-01,2.224353e-01,2.214985e-01
2.207235e-01,2.196951e-01,2.187711e-01,2.176577e-01,2.165768e-01
2.156640e-01,2.149533e-01,2.144637e-01,2.142083e-01,2.143296e-01
2.145744e-01,2.153446e-01,2.164577e-01,2.182306e-01,2.203586e-01
2.230068e-01,2.261865e-01,2.298773e-01,2.341842e-01,2.390483e-01
2.445165e-01,2.476167e-01,2.505237e-01,2.535852e-01,2.570016e-01
2.604555e-01,2.642243e-01,2.680542e-01,2.719595e-01,2.760063e-01
2.801977e-01,2.846264e-01,2.893645e-01,2.939955e-01,2.987217e-01
3.036373e-01,3.085881e-01,3.137005e-01,3.189315e-01,3.243366e-01
3.298977e-01,3.355639e-01,3.413375e-01,3.472186e-01,3.531483e-01
3.593252e-01,3.653257e-01,3.713142e-01,3.773159e-01,3.833458e-01
3.893791e-01,3.985630e-01,4.082478e-01,4.181511e-01,4.285266e-01
4.390294e-01,4.497415e-01,4.605988e-01,4.717495e-01,4.829574e-01
4.943804e-01,5.057664e-01,5.170850e-01,5.284737e-01,5.398812e-01
5.512583e-01,5.626975e-01,5.741386e-01,5.855252e-01,5.969171e-01
6.082578e-01,6.196567e-01,6.309417e-01,6.420591e-01,6.532289e-01
6.643301e-01,6.752401e-01,6.861223e-01,6.968920e-01,7.075014e-01
7.180937e-01,7.285166e-01,7.387195e-01,7.489178e-01,7.590848e-01
7.690033e-01,7.788682e-01,7.885945e-01,7.981121e-01,8.074556e-01
8.167017e-01,8.257657e-01,8.346030e-01,8.433398e-01,8.518455e-01
8.600882e-01,8.681486e-01,8.760485e-01,8.836911e-01,8.911011e-01
8.982188e-01,9.050780e-01,9.117246e-01,9.181132e-01,9.241980e-01
9.301457e-01,9.359169e-01,9.414276e-01,9.465805e-01,9.517164e-01
9.564419e-01,9.610207e-01,9.651560e-01,9.691479e-01,9.727412e-01
9.759999e-01,9.790125e-01,9.818157e-01,9.844701e-01,9.870339e-01
9.891192e-01,9.912680e-01,9.931897e-01,9.946541e-01,9.960767e-01
9.971747e-01,9.980847e-01,9.988186e-01,9.994088e-01,9.999250e-01
1,9.996637e-01,9.992409e-01,9.986788e-01,9.978402e-01
9.968461e-01,9.956069e-01,9.942293e-01,9.926063e-01,9.907872e-01
9.887332e-01,9.866691e-01,9.842306e-01,9.815943e-01,9.785305e-01
9.754933e-01,9.722927e-01,9.688854e-01,9.652558e-01,9.614588e-01
9.573948e-01,9.530372e-01,9.487799e-01,9.439357e-01,9.390437e-01
9.339802e-01,9.287127e-01,9.231164e-01,9.173950e-01,9.114351e-01
9.054709e-01,8.993962e-01,8.930818e-01,8.869139e-01,8.804559e-01
8.738599e-01,8.670511e-01,8.603801e-01,8.535813e-01,8.467862e-01
8.399229e-01,8.328836e-01,8.259966e-01,8.190124e-01,8.119935e-01
8.049822e-01,7.978827e-01,7.907272e-01,7.835762e-01,7.764055e-01
7.694492e-01,7.623031e-01,7.551971e-01,7.480200e-01,7.409491e-01
7.337401e-01,7.265274e-01,7.193375e-01,7.121819e-01,7.049984e-01
6.978360e-01,6.906795e-01,6.835347e-01,6.764043e-01,6.694968e-01
6.624301e-01,6.553120e-01,6.481654e-01,6.410376e-01,6.339685e-01
6.270688e-01,6.200846e-01,6.131678e-01,6.061849e-01,5.993161e-01
5.924161e-01,5.857284e-01,5.791710e-01,5.726877e-01,5.660832e-01
5.595798e-01,5.530680e-01,5.464807e-01,5.400755e-01,5.335895e-01
5.270652e-01,5.205885e-01,5.140164e-01,5.072694e-01,5.005864e-01
4.938683e-01,4.870876e-01,4.803247e-01,4.734387e-01,4.664344e-01
4.594542e-01,4.523994e-01,4.452161e-01,4.377927e-01,4.304282e-01
4.230234e-01,4.156753e-01,4.082006e-01,4.006469e-01,3.930402e-01
3.853676e-01,3.775910e-01,3.698335e-01,3.619907e-01,3.541419e-01
3.460590e-01,3.381323e-01,3.301666e-01,3.222277e-01,3.142240e-01
3.061842e-01,2.981624e-01,2.901672e-01,2.821470e-01,2.741551e-01
2.660798e-01,2.577839e-01,2.497140e-01,2.416534e-01,2.337131e-01
2.258423e-01,2.180491e-01,2.102520e-01,2.024420e-01,1.946305e-01
1.868857e-01,1.793029e-01,1.713747e-01,1.636226e-01,1.558455e-01
1.482257e-01,1.404462e-01,1.327831e-01,1.251483e-01,1.175874e-01
1.102860e-01,1.029578e-01,9.573012e-02,8.864215e-02,8.174292e-02
7.504617e-02,6.856708e-02,6.228688e-02,5.620177e-02,5.014987e-02
4.475249e-02,3.949791e-02,3.456775e-02,2.989544e-02,2.543148e-02
2.142772e-02,1.774701e-02,1.437273e-02,1.121422e-02,8.539169e-03
6.191916e-03,4.203377e-03,2.551415e-03,1.183636e-03,3.623881e-04
0,5.700457e-05,5.261536e-04,1.379810e-03,2.485311e-03
4.072888e-03,6.567028e-03,9.570609e-03,1.285764e-02,1.653254e-02
2.039249e-02,2.448835e-02,2.875509e-02,3.344983e-02,3.830744e-02
4.339427e-02,4.874437e-02,5.426774e-02,6.006033e-02,6.617698e-02
7.237963e-02,7.874674e-02,8.528769e-02,9.200490e-02,9.890943e-02
1.059870e-01,1.131931e-01,1.205618e-01,1.280352e-01,1.356022e-01
1.432642e-01,1.510427e-01,1.589544e-01,1.669729e-01,1.750319e-01
1.831066e-01,1.912395e-01,1.994302e-01,2.076662e-01,2.159526e-01
2.242732e-01,2.325411e-01,2.408174e-01,2.490906e-01,2.573282e-01
2.654679e-01,2.735581e-01,2.815487e-01,2.894701e-01,2.973247e-01
3.050495e-01,3.126562e-01,3.201750e-01,3.276127e-01,3.348971e-01
3.420720e-01,3.490782e-01,3.559403e-01,3.625157e-01,3.688213e-01
3.748947e-01,3.808222e-01,3.865398e-01,3.920593e-01,3.973618e-01
4.024593e-01,4.074248e-01,4.122513e-01,4.169938e-01,4.216669e-01
4.262510e-01,4.306994e-01,4.350732e-01,4.393722e-01,4.435613e-01
4.476748e-01,4.517533e-01,4.557733e-01,4.596926e-01,4.635608e-01
4.674008e-01,4.712274e-01,4.750550e-01,4.788638e-01,4.825992e-01
4.863233e-01,4.899781e-01,4.936768e-01,4.975034e-01,5.011940e-01
5.049190e-01,5.086799e-01,5.126284e-01,5.164906e-01,5.204099e-01
5.243896e-01,5.284980e-01,5.326164e-01,5.368092e-01,5.410510e-01
5.453819e-01,5.497858e-01,5.543032e-01,5.589816e-01,5.637761e-01
5.680900e-01,5.724039e-01,5.767177e-01,5.810316e-01,5.853455e-01
5.896593e-01,5.939732e-01,5.982871e-01,6.026010e-01,6.069148e-01
6.112287e-01,6.155426e-01,6.198564e-01,6.241703e-01,6.284842e-01
6.327980e-01,6.371119e-01,6.414258e-01,6.457397e-01,6.500535e-01
6.543674e-01,6.586813e-01,6.629951e-01,6.673090e-01,6.716229e-01
6.759367e-01,6.802506e-01,6.845645e-01,6.888784e-01,6.931922e-01
6.975061e-01,7.018200e-01,7.061338e-01,7.104477e-01,7.147616e-01
7.190754e-01,7.233893e-01,7.277032e-01,7.320170e-01,7.363309e-01
7.406448e-01,7.449587e-01,7.492725e-01,7.535864e-01,7.579003e-01
7.622141e-01,7.665280e-01,7.708419e-01,7.751557e-01,7.794696e-01
7.917992e-01,7.957590e-01,7.996855e-01,8.035785e-01,8.074382e-01
8.112644e-01,8.150573e-01,8.188167e-01,8.225428e-01,8.262354e-01
8.298947e-01,8.335205e-01,8.371130e-01,8.406720e-01,8.441977e-01
8.476900e-01,8.511488e-01,8.545743e-01,8.579664e-01,8.613250e-01
8.646503e-01,8.679422e-01,8.712006e-01,8.744257e-01,8.776174e-01
8.807757e-01,8.839005e-01,8.869920e-01,8.900501e-01,8.930748e-01
8.960661e-01,8.990239e-01,9.019484e-01,9.048395e-01,9.076972e-01
9.105215e-01,9.133124e-01,9.160699e-01,9.187940e-01,9.214847e-01
9.241420e-01,9.267658e-01,9.293563e-01,9.319134e-01,9.344371e-01
9.369274e-01,9.393843e-01,9.418079e-01,9.441980e-01,9.465547e-01
3.428304e-01,3.431720e-01,3.435136e-01,3.438552e-01,3.441968e-01
3.445383e-01,3.448799e-01,3.452215e-01,3.455631e-01,3.459047e-01
3.462463e-01,3.465879e-01,3.469294e-01,3.472710e-01,3.476126e-01
3.479542e-01,3.482958e-01,3.486374e-01,3.489789e-01,3.493205e-01
3.496621e-01,3.500037e-01,3.503453e-01,3.506869e-01,3.510284e-01
3.513700e-01,3.517116e-01,3.520532e-01,3.523948e-01,3.527364e-01
3.530779e-01,3.534195e-01,3.537611e-01,3.541027e-01,3.544443e-01
3.547859e-01,3.551274e-01,3.554690e-01,3.558106e-01,3.561522e-01
3.564938e-01,3.568354e-01,3.571769e-01,3.575185e-01,3.578601e-01
3.582017e-01,3.585433e-01,3.588849e-01,3.592264e-01,3.595680e-01
3.599096e-01,3.602512e-01,3.605928e-01,3.609344e-01,3.612759e-01
3.616175e-01,3.619591e-01,3.623007e-01,3.626423e-01,3.629839e-01
3.633254e-01,3.636670e-01,3.640086e-01,3.643502e-01,3.646918e-01
3.650334e-01,3.653749e-01,3.657165e-01,3.660581e-01,3.663997e-01
3.667413e-01,3.670829e-01,3.674244e-01,3.677660e-01,3.681076e-01
3.684492e-01,3.687908e-01,3.691324e-01,3.694740e-01,3.698155e-01
3.701571e-01,3.704987e-01,3.708403e-01,3.711819e-01,3.715235e-01
3.718650e-01,3.722066e-01,3.725482e-01,3.728898e-01,3.732314e-01
3.735730e-01,3.739145e-01,3.742561e-01,3.745977e-01,3.749393e-01
3.752809e-01,3.756225e-01,3.759640e-01,3.763056e-01,3.766472e-01
3.789219e-01,3.809609e-01,3.827941e-01,3.843939e-01,3.870498e-01
3.892783e-01,3.909586e-01,3.923958e-01,3.936970e-01,3.947839e-01
3.955843e-01,3.961324e-01,3.964379e-01,3.964157e-01,3.961551e-01
3.957316e-01,3.949481e-01,3.940017e-01,3.928440e-01,3.915874e-01
3.901268e-01,3.883670e-01,3.864913e-01,3.844100e-01,3.822518e-01
3.799179e-01,3.774386e-01,3.748834e-01,3.721513e-01,3.693126e-01
3.664891e-01,3.635241e-01,3.604704e-01,3.573582e-01,3.541525e-01
3.506976e-01,3.473846e-01,3.440251e-01,3.406325e-01,3.371440e-01
3.335482e-01,3.298731e-01,3.261856e-01,3.225245e-01,3.188806e-01
3.152260e-01,3.115862e-01,3.079715e-01,3.043789e-01,3.008634e-01
2.973697e-01,2.939477e-01,2.905422e-01,2.869872e-01,2.836425e-01
2.804470e-01,2.773287e-01,2.742683e-01,2.712498e-01,2.683483e-01
2.655751e-01,2.629208e-01,2.603455e-01,2.578097e-01,2.554170e-01
2.533377e-01,2.514651e-01,2.498382e-01,2.483787e-01,2.470890e-01
2.459566e-01,2.450109e-01,2.442750e-01,2.437116e-01,2.433841e-01
2.432752e-01,2.432784e-01,2.433238e-01,2.436631e-01,2.443576e-01
2.452021e-01,2.463580e-01,2.477395e-01,2.494068e-01,2.511808e-01
2.533282e-01,2.557207e-01,2.584050e-01,2.614253e-01,2.646178e-01
2.681450e-01,2.720466e-01,2.761929e-01,2.807368e-01,2.855237e-01
2.907466e-01,2.961798e-01,3.018897e-01,3.080193e-01,3.123320e-01
3.167265e-01,3.215045e-01,3.264569e-01,3.301848e-01,3.339102e-01
3.382339e-01,3.426438e-01,3.469574e-01,3.512375e-01,3.555747e-01
3.598161e-01,3.641767e-01,3.688827e-01,3.736668e-01,3.782945e-01
3.834302e-01,3.885942e-01,3.938097e-01,3.992279e-01,4.047782e-01
4.105030e-01,4.160480e-01,4.217720e-01,4.277804e-01,4.338963e-01
4.399848e-01,4.462896e-01,4.527816e-01,4.591413e-01,4.655087e-01
4.723001e-01,4.792537e-01,4.863029e-01,4.934069e-01,5.008799e-01
5.082666e-01,5.154497e-01,5.230060e-01,5.307274e-01,5.383237e-01
5.463625e-01,5.546516e-01,5.627432e-01,5.713586e-01,5.800706e-01
5.890349e-01,5.979977e-01,6.073965e-01,6.169030e-01,6.266035e-01
6.361595e-01,6.462393e-01,6.567914e-01,6.670634e-01,6.777461e-01
6.886724e-01,6.997715e-01,7.108338e-01,7.223939e-01,7.341572e-01
7.461215e-01,7.580853e-01,7.706871e-01,7.834831e-01,7.962328e-01
8.089480e-01,8.215762e-01,8.341580e-01,8.465953e-01,8.588733e-01
8.707837e-01,8.823679e-01,8.934029e-01,9.042163e-01,9.145905e-01
9.245755e-01,9.342477e-01,9.431265e-01,9.515176e-01,9.592277e-01
9.664309e-01,9.731014e-01,9.788722e-01,9.843060e-01,9.888446e-01
9.927051e-01,9.955269e-01,9.978119e-01,9.992383e-01,9.998904e-01
1,9.992951e-01,9.977544e-01,9.956448e-01,9.929954e-01
9.898349e-01,9.861083e-01,9.817560e-01,9.768565e-01,9.715825e-01
9.653724e-01,9.589843e-01,9.521733e-01,9.452042e-01,9.375449e-01
9.296176e-01,9.213882e-01,9.128053e-01,9.041865e-01,8.955729e-01
8.867083e-01,8.775930e-01,8.683659e-01,8.591869e-01,8.497572e-01
8.403526e-01,8.310380e-01,8.214958e-01,8.119902e-01,8.025677e-01
7.935889e-01,7.846642e-01,7.755456e-01,7.664963e-01,7.577793e-01
7.491607e-01,7.406793e-01,7.326469e-01,7.248568e-01,7.171050e-01
7.095606e-01,7.021590e-01,6.951219e-01,6.881902e-01,6.815501e-01
6.754909e-01,6.695628e-01,6.639694e-01,6.590051e-01,6.541514e-01
6.496919e-01,6.460260e-01,6.424853e-01,6.395534e-01,6.370200e-01
6.352222e-01,6.337504e-01,6.328703e-01,6.325113e-01,6.330035e-01
6.337795e-01,6.350057e-01,6.369888e-01,6.393932e-01,6.422613e-01
6.456612e-01,6.498354e-01,6.540544e-01,6.587409e-01,6.637257e-01
6.691800e-01,6.744583e-01,6.798282e-01,6.852346e-01,6.907300e-01
6.961681e-01,7.012397e-01,7.065359e-01,7.117652e-01,7.166891e-01
7.218463e-01,7.268444e-01,7.319795e-01,7.368915e-01,7.416415e-01
7.461987e-01,7.508506e-01,7.551402e-01,7.592669e-01,7.630265e-01
7.665277e-01,7.700559e-01,7.727685e-01,7.757817e-01,7.785851e-01
7.812279e-01,7.834752e-01,7.861682e-01,7.888867e-01,7.912032e-01
7.936139e-01,7.959572e-01,7.978671e-01,7.998066e-01,8.012720e-01
8.031376e-01,8.045552e-01,8.063052e-01,8.078857e-01,8.096338e-01
8.107022e-01,8.117345e-01,8.130893e-01,8.140732e-01,8.152617e-01
8.164516e-01,8.175709e-01,8.183898e-01,8.190567e-01,8.196741e-01
8.200361e-01,8.202849e-01,8.200478e-01,8.199865e-01,8.196647e-01
8.192182e-01,8.181345e-01,8.171596e-01,8.158906e-01,8.143175e-01
8.124844e-01,8.104290e-01,8.082147e-01,8.057755e-01,8.026078e-01
7.991851e-01,7.955443e-01,7.920013e-01,7.882065e-01,7.840630e-01
7.797498e-01,7.752063e-01,7.705942e-01,7.655641e-01,7.607051e-01
7.557178e-01,7.506649e-01,7.456942e-01,7.407913e-01,7.358774e-01
7.308425e-01,7.256624e-01,7.206785e-01,7.155783e-01,7.106323e-01
7.056218e-01,7.006919e-01,6.957457e-01,6.907067e-01,6.859049e-01
6.813730e-01,6.770455e-01,6.726573e-01,6.681122e-01,6.635113e-01
6.591180e-01,6.546812e-01,6.501180e-01,6.456267e-01,6.409235e-01
6.362765e-01,6.318085e-01,6.274334e-01,6.229301e-01,6.186454e-01
6.145149e-01,6.099000e-01,6.053705e-01,6.010226e-01,5.965580e-01
5.922719e-01,5.873861e-01,5.827536e-01,5.779895e-01,5.730295e-01
5.678613e-01,5.629283e-01,5.579748e-01,5.529776e-01,5.477796e-01
5.424763e-01,5.374690e-01,5.320092e-01,5.265510e-01,5.212863e-01
5.160961e-01,5.106376e-01,5.049055e-01,4.992200e-01,4.933558e-01
4.874026e-01,4.815281e-01,4.755920e-01,4.699398e-01,4.635720e-01
4.578095e-01,4.516927e-01,4.456497e-01,4.395037e-01,4.334106e-01
4.277049e-01,4.214885e-01,4.156394e-01,4.094803e-01,4.030631e-01
3.964498e-01,3.901621e-01,3.838085e-01,3.773580e-01,3.709075e-01
3.644080e-01,3.583455e-01,3.518611e-01,3.451422e-01,3.382505e-01
3.322258e-01,3.258596e-01,3.192001e-01,3.125807e-01,3.064307e-01
3.002286e-01,2.940788e-01,2.878878e-01,2.821454e-01,2.765052e-01
2.709502e-01,2.650842e-01,2.592414e-01,2.534930e-01,2.474838e-01
2.418804e-01,2.362429e-01,2.306633e-01,2.252555e-01,2.199200e-01
2.147154e-01,2.095252e-01,2.043590e-01,1.989378e-01,1.941093e-01
1.894891e-01,1.847977e-01,1.802706e-01,1.757476e-01,1.709919e-01
1.666231e-01,1.624418e-01,1.584241e-01,1.539692e-01,1.494672e-01
1.453032e-01,1.411216e-01,1.371817e-01,1.333644e-01,1.294265e-01
1.252350e-01,1.214895e-01,1.177800e-01,1.143628e-01,1.106050e-01
1.070956e-01,1.031927e-01,9.978524e-02,9.616250e-02,9.276404e-02
8.933395e-02,8.611558e-02,8.316106e-02,8.002896e-02,7.703875e-02
7.421057e-02,7.117960e-02,6.825257e-02,6.554328e-02,6.301217e-02
6.012697e-02,5.730265e-02,5.453477e-02,5.184087e-02,4.926753e-02
4.674492e-02,4.433057e-02,4.188443e-02,3.929340e-02,3.712733e-02
3.460445e-02,3.261781e-02,3.054136e-02,2.833747e-02,2.664513e-02
2.483014e-02,2.286025e-02,2.109640e-02,2.004284e-02,1.882410e-02
1.756653e-02,1.626682e-02,1.512602e-02,1.392674e-02,1.282230e-02
1.178363e-02,1.080224e-02,9.321507e-03,8.400660e-03,7.757309e-03
6.804345e-03,5.879452e-03,4.739936e-03,3.933160e-03,3.318182e-03
2.591077e-03,1.976109e-03,1.693396e-03,1.523337e-03,1.074217e-03
6.196872e-04,6.838050e-04,6.920128e-04,4.148497e-04,1.511461e-04
2.389060e-05,0,9.818788e-05,3.221574e-04,3.356731e-04
8.407572e-04,1.264639e-03,2.186654e-03,3.623499e-03,4.715528e-03
6.516660e-03,8.752042e-03,1.134476e-02,1.427016e-02,1.720586e-02
2.044298e-02,2.412327e-02,2.873318e-02,3.324649e-02,3.822882e-02
4.355193e-02,4.927926e-02,5.513705e-02,6.167481e-02,6.810862e-02
7.446324e-02,8.107089e-02,8.855691e-02,9.631519e-02,1.039157e-01
1.117342e-01,1.197930e-01,1.276015e-01,1.353252e-01,1.436321e-01
1.518805e-01,1.602065e-01,1.684846e-01,1.773890e-01,1.860149e-01
1.950948e-01,2.035535e-01,2.119398e-01,2.204142e-01,2.293636e-01
2.382243e-01,2.467595e-01,2.549802e-01,2.634200e-01,2.714400e-01
2.795980e-01,2.874548e-01,2.951570e-01,3.026009e-01,3.099251e-01
3.173942e-01,3.247115e-01,3.319201e-01,3.387832e-01,3.457197e-01
3.523493e-01,3.594676e-01,3.663451e-01,3.725441e-01,3.790527e-01
3.850683e-01,3.908390e-01,3.964248e-01,4.018725e-01,4.074285e-01
4.125736e-01,4.178533e-01,4.222965e-01,4.268943e-01,4.308850e-01
4.351935e-01,4.390274e-01,4.431020e-01,4.463828e-01,4.501568e-01
4.536129e-01,4.567316e-01,4.600137e-01,4.627088e-01,4.652035e-01
4.676867e-01,4.700602e-01,4.721001e-01,4.741782e-01,4.762443e-01
4.778268e-01,4.798764e-01,4.818979e-01,4.837945e-01,4.856701e-01
4.878854e-01,4.895581e-01,4.915765e-01,4.937498e-01,4.959917e-01
4.979875e-01,5.004832e-01,5.030434e-01,5.061651e-01,5.092869e-01
5.131840e-01,5.167091e-01,5.204321e-01,5.245811e-01,5.282481e-01
5.326030e-01,5.367430e-01,5.408942e-01,5.451723e-01,5.496185e-01
5.545108e-01,5.591286e-01,5.634957e-01,5.677465e-01,5.719875e-01
5.763542e-01,5.809317e-01,5.852197e-01,5.894697e-01,5.942510e-01
5.987292e-01,6.031811e-01,6.075286e-01,6.113099e-01,6.146679e-01
6.178346e-01,6.215144e-01,6.251975e-01,6.288945e-01,6.324885e-01
6.357477e-01,6.394123e-01,6.427479e-01,6.460714e-01,6.489228e-01
6.518102e-01,6.547232e-01,6.577226e-01,6.598734e-01,6.618071e-01
6.638878e-01,6.660257e-01,6.682765e-01,6.702188e-01,6.723339e-01
6.746003e-01,6.762380e-01,6.782678e-01,6.800983e-01,6.821839e-01
6.835228e-01,6.853656e-01,6.869190e-01,6.887154e-01,6.902155e-01
6.915083e-01,6.931583e-01,6.948454e-01,6.961088e-01,6.975277e-01
6.989661e-01,7.004205e-01,7.017384e-01,7.032679e-01,7.050092e-01
7.063678e-01,7.080262e-01,7.090911e-01,7.107837e-01,7.119855e-01
7.129974e-01,7.140457e-01,7.153408e-01,7.166085e-01,7.171801e-01
7.187318e-01,7.195528e-01,7.207261e-01,7.219350e-01,7.230003e-01
7.243405e-01,7.256774e-01,7.266958e-01,7.277106e-01,7.291006e-01
7.299554e-01,7.307843e-01,7.316477e-01,7.325482e-01,7.329911e-01
7.340503e-01,7.347660e-01,7.355244e-01,7.361909e-01,7.372115e-01
7.378310e-01,7.384936e-01,7.390975e-01,7.395724e-01,7.396033e-01
7.398256e-01,7.400411e-01,7.402404e-01,7.407424e-01,7.409036e-01
7.410553e-01,7.412195e-01,7.416066e-01,7.420142e-01,7.420041e-01
7.419802e-01,7.422767e-01,7.426038e-01,7.428499e-01,7.429042e-01
7.427498e-01,7.428009e-01,7.428224e-01,7.425004e-01,7.424880e-01
7.421153e-01,7.415647e-01,7.415045e-01,7.417452e-01,7.419843e-01
7.420241e-01,7.421947e-01,7.423440e-01,7.423629e-01,7.425763e-01
7.424117e-01,7.422902e-01,7.419962e-01,7.419741e-01,7.421164e-01
7.423147e-01,7.422046e-01,7.426956e-01,7.431222e-01,7.435290e-01
7.441052e-01,7.441935e-01,7.448755e-01,7.450880e-01,7.452310e-01
7.459787e-01,7.464481e-01,7.472013e-01,7.474858e-01,7.484936e-01
7.490392e-01,7.500209e-01,7.506677e-01,7.517817e-01,7.524865e-01
7.531613e-01,7.538836e-01,7.548890e-01,7.556758e-01,7.565340e-01
7.576972e-01,7.586127e-01,7.594610e-01,7.603281e-01,7.612405e-01
7.621363e-01,7.632269e-01,7.641240e-01,7.649767e-01,7.662072e-01
7.674705e-01,7.687816e-01,7.694071e-01,7.707090e-01,7.716302e-01
7.725057e-01,7.733811e-01,7.742566e-01,7.751321e-01,7.760075e-01
7.768830e-01,7.777584e-01,7.786339e-01,7.795094e-01,7.803848e-01
7.812603e-01,7.821357e-01,7.830112e-01,7.838867e-01,7.847621e-01
7.856376e-01,7.865130e-01,7.873885e-01,7.882640e-01,7.891394e-01
7.900149e-01,7.908903e-01,7.917658e-01,7.926413e-01,7.935167e-01
7.943922e-01,7.952676e-01,7.961431e-01,7.970186e-01,7.978940e-01
7.987695e-01,7.996449e-01,8.005204e-01,8.013959e-01,8.022713e-01
8.031468e-01,8.040222e-01,8.048977e-01,8.057732e-01,8.066486e-01
8.075241e-01,8.083995e-01,8.092750e-01,8.101505e-01,8.110259e-01
8.119014e-01,8.127768e-01,8.136523e-01,8.145278e-01,8.154032e-01
8.197349e-01,8.204577e-01,8.211661e-01,8.218601e-01,8.225397e-01
8.232049e-01,8.238557e-01,8.244921e-01,8.251141e-01,8.257217e-01
8.263149e-01,8.268938e-01,8.274582e-01,8.280082e-01,8.285438e-01
8.290650e-01,8.295718e-01,8.300642e-01,8.305422e-01,8.310058e-01
8.314550e-01,8.318897e-01,8.323101e-01,8.327161e-01,8.331077e-01
8.334849e-01,8.338477e-01,8.341961e-01,8.345301e-01,8.348497e-01
8.351549e-01,8.354457e-01,8.357221e-01,8.359840e-01,8.362316e-01
8.364648e-01,8.366836e-01,8.368880e-01,8.370780e-01,8.372535e-01
8.374147e-01,8.375615e-01,8.376939e-01,8.378119e-01,8.379154e-01
8.380046e-01,8.380794e-01,8.381398e-01,8.381857e-01,8.382173e-01
