0,0,0,1.092353e-01,1.807206e-01
0,0,0,9.322457e-01,3.062979e-01
0,0,0,7.048850e-01,4.323921e-01
0,0,0,7.182113e-01,3.608482e-01
0,0,0,6.117108e-01,6.551866e-01
0,0,0,1.640651e-01,3.300908e-01
0,0,0,4.494204e-02,8.476595e-02
0,0,0,1.894718e-01,8.043929e-01
0,0,0,7.485335e-01,2.949474e-01
0,0,0,6.847384e-02,7.313031e-01
0,0,0,4.964923e-01,1.764624e-02
0,0,0,1.584474e-03,8.039353e-01
0,0,0,1.832384e-01,4.268332e-01
0,0,0,3.155206e-01,5.662308e-01
0,0,0,2.381530e-01,5.990284e-01
0,0,0,4.689815e-01,1.630260e-01
0,0,0,3.024917e-02,4.011475e-01
0,0,0,4.539540e-01,1.664375e-01
0,0,0,5.734382e-01,3.197091e-01
0,0,0,4.555875e-01,2.379554e-01
0,0,0,2.880572e-01,6.243012e-01
0,0,0,2.005391e-01,5.214597e-01
0,0,0,5.817383e-02,5.112246e-01
0,0,0,8.337606e-02,5.292481e-02
0,0,0,1.484403e-01,5.368214e-01
0,0,0,4.249527e-01,4.518962e-01
0,0,0,2.243542e-01,1.303840e-01
0,0,0,3.829863e-01,2.805470e-01
0,0,0,1.825372e-01,2.167551e-01
0,0,0,2.349949e-01,3.239421e-01
0,0,0,1.684147e-01,1.444897e-01
0,0,0,3.994202e-01,4.001508e-02
0,0,0,2.383747e-01,1.891979e-01
0,0,0,1.464558e-01,1.042144e-01
0,0,0,3.995041e-01,5.385544e-02
0,0,0,1.785440e-01,9.443610e-02
0,0,0,1.881992e-01,1.567939e-01
0,0,0,1.393948e-01,4.192604e-01
0,0,0,2.102352e-01,2.648336e-01
0,0,0,1.000935e-01,4.368485e-01
0,0,0,1.280883e-01,2.880894e-01
0,0,0,1.404934e-01,3.919081e-01
0,0,0,4.208777e-01,2.761634e-01
0,0,0,2.558695e-01,3.354194e-01
0,0,0,2.740942e-01,2.369413e-01
0,0,0,2.402890e-01,3.084732e-02
0,0,0,1.732745e-01,1.768010e-01
0,0,0,6.430416e-02,1.795859e-01
0,0,0,1.476019e-01,7.252931e-02
0,0,0,7.671974e-02,8.452382e-02
0,0,0,8.813858e-02,1.469768e-02
0,0,0,3.269409e-02,4.091514e-02
0,0,0,9.052315e-03,1.419980e-02
0,0,0,1.441641e-02,5.069936e-04
0,0,0,5.673489e-03,8.576089e-03
0,0,0,5.960967e-04,0
0,0,0,6.551197e-04,2.391731e-03
0,0,0,8.193731e-03,8.659846e-03
0,0,0,2.235360e-03,3.493833e-03
0,0,0,8.499488e-04,9.201910e-03
0,0,0,6.792964e-03,6.087049e-03
0,0,0,7.447306e-03,2.741670e-04
0,0,0,4.969104e-03,4.313241e-04
0,0,0,1.213348e-02,2.299726e-02
0,0,0,3.447478e-02,1.554795e-03
0,0,0,1.515104e-02,8.188948e-03
0,0,0,5.949367e-02,7.331929e-03
0,0,0,2.931230e-02,2.096420e-02
0,0,0,1.639248e-02,1.036987e-02
0,0,0,1.145376e-02,1.109042e-01
0,0,0,9.049272e-02,1.377085e-01
0,0,0,1.216361e-01,8.078970e-02
0,0,0,2.284577e-01,8.094397e-02
0,0,0,2.535882e-01,8.564128e-02
0,0,0,6.840098e-02,1.888488e-01
0,0,0,8.649771e-02,2.501027e-01
0,0,0,3.099750e-01,2.677174e-01
0,0,0,4.597153e-02,3.297292e-01
0,0,0,1.050694e-01,2.913623e-01
0,0,0,2.670885e-01,1.061896e-02
0,0,0,6.763347e-02,2.654449e-01
0,0,0,3.134254e-01,3.784817e-01
0,0,0,2.490853e-01,4.016864e-01
0,0,0,1.597017e-01,4.231743e-01
0,0,0,4.505820e-01,1.352362e-01
0,0,0,2.708063e-01,3.665920e-01
0,0,0,4.493782e-01,3.167134e-01
0,0,0,3.723728e-01,2.715850e-01
0,0,0,9.340400e-02,1.955080e-01
0,0,0,5.105743e-01,5.143805e-01
0,0,0,4.414378e-01,4.818407e-01
0,0,0,4.531752e-01,4.384415e-01
0,0,0,4.210965e-01,4.295905e-02
0,0,0,1.907408e-01,5.027985e-02
0,0,0,5.746126e-02,6.178172e-01
0,0,0,3.478294e-01,1.216300e-01
0,0,0,2.445496e-01,3.421387e-01
0,0,0,2.189467e-01,5.594081e-01
0,0,0,5.631565e-02,3.915400e-01
0,0,0,3.982945e-01,8.505746e-02
0,0,0,2.615670e-01,1.435265e-01
0,0,0,1.040800e-01,4.325259e-01
0,0,0,1.379017e-02,3.448802e-01
0,0,0,4.169060e-01,7.487958e-02
0,0,0,7.016795e-02,3.734229e-01
0,0,0,5.525476e-02,2.660700e-01
0,0,0,6.157403e-02,3.108213e-03
0,0,0,1.988711e-01,3.282584e-01
0,0,0,3.338913e-01,1.375805e-01
0,0,0,1.324432e-01,3.545762e-01
0,0,0,1.560989e-01,1.784057e-01
0,0,0,2.797631e-01,2.741573e-01
0,0,0,6.056858e-02,6.690948e-02
0,0,0,1.815255e-01,1.900901e-01
0,0,0,2.623570e-01,1.494420e-01
0,0,0,1.213573e-01,9.344615e-02
0,0,0,1.355571e-01,1.225650e-01
0,0,0,2.458434e-03,6.704768e-02
0,0,0,4.547336e-02,2.487708e-01
0,0,0,2.674007e-01,3.912445e-02
0,0,0,2.075396e-01,2.243052e-01
0,0,0,1.679675e-01,2.749010e-01
0,0,0,2.398532e-01,1.720127e-02
0,0,0,6.081737e-02,1.805907e-02
0,0,0,2.076984e-01,1.875524e-01
0,0,0,1.115447e-01,1.256594e-01
0,0,0,2.571844e-01,3.225770e-02
0,0,0,1.664128e-01,4.937580e-02
0,0,0,8.367690e-03,7.488315e-02
0,0,0,2.414980e-01,4.910367e-02
0,0,0,2.746587e-01,1.207306e-02
0,0,0,2.585489e-01,3.137621e-01
0,0,0,6.267134e-02,6.182496e-02
0,0,0,1.244582e-01,2.578703e-01
0,0,0,2.192440e-03,9.387701e-02
0,0,0,1.389642e-01,3.679062e-04
0,0,0,2.327749e-01,2.382462e-01
0,0,0,2.530284e-01,1.149914e-01
0,0,0,2.769951e-01,3.319615e-02
0,0,0,1.777915e-01,2.179050e-02
0,0,0,2.598028e-01,2.211700e-01
0,0,0,1.292687e-01,8.772504e-02
0,0,0,2.536378e-01,2.253345e-01
0,0,0,2.080862e-01,3.961565e-02
0,0,0,1.913025e-01,1.088917e-01
0,0,0,6.750242e-02,1.080019e-01
0,0,0,2.938545e-01,2.672757e-02
0,0,0,1.544666e-02,2.434095e-01
0,0,0,1.930000e-01,2.732026e-01
0,0,0,7.083289e-02,2.784808e-01
0,0,0,5.130838e-02,2.430860e-01
0,0,0,9.261897e-02,2.618721e-01
0,0,0,1.193734e-02,3.411241e-01
0,0,0,5.956091e-02,3.591212e-03
0,0,0,1.303342e-01,3.113492e-01
0,0,0,2.427154e-01,1.182742e-01
0,0,0,3.285098e-01,1.951928e-01
0,0,0,1.507162e-01,3.486362e-02
0,0,0,2.678651e-02,2.567619e-01
0,0,0,2.866785e-01,1.935753e-01
0,0,0,1.943417e-01,4.026471e-02
0,0,0,1.385634e-01,3.459524e-01
0,0,0,3.585518e-01,3.153816e-01
0,0,0,4.198453e-02,1.264348e-02
0,0,0,8.794064e-02,2.166963e-01
0,0,0,2.850343e-01,3.401358e-01
0,0,0,1.680351e-01,2.298433e-01
0,0,0,2.934599e-01,1.214787e-01
0,0,0,2.409033e-01,3.069447e-01
0,0,0,8.449872e-02,2.599339e-02
0,0,0,2.207522e-01,2.552603e-01
0,0,0,7.130510e-02,1.727034e-01
0,0,0,1.374203e-01,1.134616e-02
0,0,0,3.501812e-01,1.503017e-02
0,0,0,6.765328e-02,2.437004e-02
0,0,0,3.429646e-02,2.213546e-01
0,0,0,8.601960e-03,9.895381e-02
0,0,0,5.590592e-02,3.569040e-01
0,0,0,1.104785e-01,1.711253e-01
0,0,0,4.740106e-02,1.967527e-01
0,0,0,1.845986e-01,2.280035e-01
0,0,0,1.957858e-01,2.134512e-01
0,0,0,8.817651e-02,3.539516e-01
0,0,0,3.111409e-01,3.107767e-01
0,0,0,2.955106e-01,3.643433e-01
0,0,0,2.581257e-01,3.622576e-01
0,0,0,2.546548e-01,1.638700e-01
0,0,0,6.441258e-02,6.246166e-02
0,0,0,2.100672e-01,6.837369e-02
0,0,0,2.196957e-01,1.707547e-01
0,0,0,3.020669e-01,3.452468e-01
0,0,0,3.362845e-01,1.223190e-01
0,0,0,3.462158e-01,1.207197e-01
0,0,0,8.520711e-02,3.611887e-01
0,0,0,3.566846e-01,3.727635e-03
0,0,0,1.436997e-01,2.000173e-01
0,0,0,1.063955e-01,1.556390e-01
0,0,0,2.528499e-01,7.160614e-02
0,0,0,3.405567e-01,3.041878e-01
0,0,0,3.272174e-01,2.855892e-01
0,0,0,1.868830e-01,2.039988e-02
0,0,0,1.553692e-01,1.869262e-01
0,0,0,2.152821e-01,4.679297e-02
0,0,0,1.158185e-01,2.060423e-02
0,0,0,2.267881e-01,1.035060e-01
0,0,0,2.682517e-01,1.295175e-01
0,0,0,1.666236e-02,1.927941e-01
0,0,0,9.983240e-02,1.811320e-01
0,0,0,2.599750e-01,2.713240e-01
0,0,0,2.520541e-01,8.677793e-02
0,0,0,2.394251e-01,1.678593e-01
0,0,0,1.255113e-01,2.738996e-01
0,0,0,2.492795e-01,6.983089e-02
0,0,0,3.113163e-02,2.888276e-01
0,0,0,3.554524e-01,3.117960e-01
0,0,0,3.331671e-01,8.541546e-02
0,0,0,2.098739e-01,1.353129e-02
0,0,0,3.106142e-01,3.745322e-01
0,0,0,1.303598e-01,2.110494e-01
0,0,0,1.769655e-01,3.544434e-01
0,0,0,3.137119e-01,1.853121e-01
0,0,0,2.626456e-01,2.990829e-01
0,0,0,3.965687e-02,3.562018e-01
0,0,0,9.548204e-02,3.463441e-01
0,0,0,2.731783e-01,2.903406e-02
0,0,0,5.412485e-02,1.525298e-01
0,0,0,2.812754e-01,6.550333e-02
0,0,0,3.907018e-01,3.396306e-01
0,0,0,2.767346e-01,1.592944e-01
0,0,0,4.168203e-01,8.749182e-02
0,0,0,3.970317e-01,3.323694e-01
0,0,0,1.856243e-01,8.456035e-02
0,0,0,1.444072e-01,1.087061e-01
0,0,0,5.024665e-01,2.869215e-01
0,0,0,2.285678e-01,3.314855e-01
0,0,0,5.206652e-01,2.075508e-01
0,0,0,2.265064e-01,4.809179e-01
0,0,0,1.972241e-01,5.365495e-01
0,0,0,2.736083e-01,2.065245e-01
0,0,0,4.352631e-01,5.546528e-01
0,0,0,3.189542e-01,5.823877e-01
0,0,0,9.194397e-02,6.402370e-02
0,0,0,4.080013e-01,3.616848e-01
0,0,0,4.130042e-02,4.595574e-01
0,0,0,3.283979e-01,5.388913e-01
0,0,0,2.045716e-01,1.025385e-01
0,0,0,1.736838e-01,3.325109e-01
0,0,0,3.574077e-01,4.777194e-01
0,0,0,1.716189e-01,3.938825e-01
0,0,0,1.682240e-01,2.750078e-01
0,0,0,6.028029e-01,4.183754e-01
0,0,0,4.392408e-01,5.967958e-02
0,0,0,4.822002e-02,4.198533e-01
0,0,0,2.327157e-01,4.882963e-01
0,0,0,5.267538e-01,3.375617e-01
0,0,0,4.859108e-01,2.977102e-01
0,0,0,4.888155e-01,4.084326e-01
0,0,0,3.880654e-01,1.756606e-01
0,0,0,4.732474e-01,1.350445e-01
0,0,0,2.310251e-01,1.990658e-01
0,0,0,3.519072e-01,3.925537e-01
0,0,0,1.718744e-01,3.710985e-01
0,0,0,3.299573e-01,6.226652e-02
0,0,0,4.661846e-01,1.607592e-01
0,0,0,5.107480e-01,5.746054e-01
0,0,0,1.559407e-01,4.319993e-01
0,0,0,4.262096e-02,4.574016e-02
0,0,0,3.923106e-01,1.953989e-01
0,0,0,5.425568e-01,3.650820e-01
0,0,0,6.106840e-02,8.301956e-02
0,0,0,6.882802e-02,5.193226e-01
0,0,0,2.906452e-02,5.301156e-01
0,0,0,3.148433e-02,1.649982e-01
0,0,0,5.492497e-03,7.804289e-02
0,0,0,1.390248e-01,2.158544e-01
0,0,0,2.179864e-01,5.653791e-01
0,0,0,1.208281e-01,3.986591e-01
0,0,0,8.528550e-02,1.626406e-01
0,0,0,3.818746e-01,5.504820e-01
0,0,0,2.730526e-01,2.687775e-01
0,0,0,1.403821e-01,3.294998e-02
0,0,0,1.470717e-01,3.765318e-01
0,0,0,4.143904e-01,1.626749e-02
0,0,0,3.156841e-01,3.287386e-01
0,0,0,3.790710e-01,4.798450e-01
0,0,0,2.573838e-01,1.247814e-01
0,0,0,4.471574e-02,1.051895e-02
0,0,0,7.193315e-02,3.353337e-01
0,0,0,3.258398e-01,3.060620e-01
0,0,0,5.962652e-01,5.502446e-01
0,0,0,2.342508e-01,4.694019e-01
0,0,0,3.631742e-01,2.340453e-01
0,0,0,1.567070e-01,2.232769e-02
0,0,0,5.318988e-03,2.081363e-01
0,0,0,2.417998e-01,5.183142e-01
0,0,0,4.971660e-01,4.673108e-01
0,0,0,3.112261e-01,3.949705e-01
0,0,0,3.214287e-01,2.773990e-02
0,0,0,9.358615e-02,1.993530e-01
0,0,0,5.498006e-03,9.096466e-02
0,0,0,2.957455e-01,6.099801e-01
0,0,0,5.696993e-01,3.603120e-01
0,0,0,3.615900e-02,2.280962e-01
0,0,0,1.347911e-01,3.927753e-01
0,0,0,1.943618e-01,3.337731e-01
0,0,0,1.592967e-01,2.577111e-01
0,0,0,3.608741e-01,1.222488e-01
0,0,0,1.748936e-01,1.430438e-01
0,0,0,2.690623e-01,2.191183e-01
0,0,0,1.348482e-01,4.497781e-02
0,0,0,5.216674e-02,9.382753e-02
0,0,0,3.068113e-01,1.998921e-01
0,0,0,3.744505e-02,2.378099e-01
0,0,0,7.468114e-02,3.916355e-01
0,0,0,1.604066e-01,1.808104e-01
0,0,0,1.445368e-01,3.081199e-01
0,0,0,1.858891e-01,1.526990e-01
0,0,0,7.497310e-01,4.771241e-01
0,0,0,6.806965e-01,8.093948e-01
0,0,0,2.907138e-01,5.336624e-01
0,0,0,5.538702e-01,3.561670e-01
0,0,0,5.875267e-01,7.754532e-01
0,0,0,8.417544e-01,2.504469e-01
0,0,0,2.193520e-01,4.525823e-01
0,0,0,8.190122e-01,6.659209e-01
0,0,0,9.302235e-01,6.798512e-01
0,0,0,9.528339e-01,5.931587e-01
0,0,0,1.616511e-01,9.619640e-01
0,0,0,1.077377e-01,2.907127e-02
0,0,0,7.972146e-01,1.808587e-01
0,0,0,3.019132e-01,9.012844e-01
0,0,0,7.137037e-02,7.501596e-01
0,0,0,2.949924e-01,8.940780e-01
0,0,0,3.187012e-01,3.505272e-01
0,0,0,4.933234e-01,1.372450e-01
0,0,0,4.598162e-01,4.498372e-01
0,0,0,1.794428e-01,6.090715e-01
0,0,0,8.908236e-01,7.923068e-01
0,0,0,8.704434e-01,3.759748e-01
0,0,0,3.778702e-01,8.198204e-01
0,0,0,7.974626e-01,3.463220e-01
0,0,0,6.927411e-01,4.923607e-01
0,0,0,3.129943e-01,4.623947e-01
0,0,0,3.853942e-01,1.996811e-02
0,0,0,9.213232e-01,4.966404e-01
0,0,0,1.886364e-01,6.105174e-06
0,0,0,9.083770e-01,3.890738e-01
0,0,0,6.400758e-02,1.721322e-01
0,0,0,4.059366e-03,7.217111e-01
0,0,0,5.185634e-01,7.586235e-01
0,0,0,3.697487e-01,4.324539e-02
0,0,0,3.532598e-01,3.933200e-01
0,0,0,5.255690e-02,3.891624e-01
0,0,0,4.916886e-01,9.068383e-02
0,0,0,5.078082e-01,3.448664e-01
0,0,0,3.371775e-01,1.700468e-01
0,0,0,3.132282e-01,1.828541e-01
0,0,0,1.185581e-01,1.393150e-01
0,0,0,8.945228e-02,9.624320e-02
0,0,0,3.909729e-04,8.237302e-03
0,0,0,1.180265e-01,6.420964e-02
0,0,0,5.966021e-03,5.005185e-02
0,0,0,2.054438e-02,4.834306e-03
0,0,0,1.940100e-03,1.344628e-04
0,0,0,2.584395e-04,1.639345e-05
0,0,0,2.487412e-03,4.864419e-03
0,0,0,2.604838e-03,4.769190e-04
0,0,0,6.244309e-03,2.170411e-02
0,0,0,5.126244e-02,7.758155e-02
0,0,0,2.810897e-02,3.263919e-02
0,0,0,1.645744e-01,1.431724e-01
0,0,0,1.925705e-01,1.096311e-01
0,0,0,1.761631e-01,1.847896e-01
0,0,0,1.429351e-01,7.937317e-02
0,0,0,3.530468e-01,1.547657e-01
0,0,0,2.821121e-01,9.781212e-03
0,0,0,6.434663e-02,3.392015e-01
0,0,0,8.689310e-02,3.602731e-01
0,0,0,2.252242e-01,2.113101e-01
0,0,0,1.614060e-01,4.088143e-01
0,0,0,2.965057e-02,3.282588e-01
0,0,0,7.444714e-02,1.177852e-01
0,0,0,3.796663e-02,6.600226e-02
0,0,0,4.574121e-01,3.767128e-01
0,0,0,4.185758e-01,3.183038e-01
0,0,0,6.504965e-02,1.076878e-02
0,0,0,1.158617e-01,3.533177e-02
0,0,0,4.468875e-01,2.002250e-01
0,0,0,2.650167e-01,3.152793e-01
0,0,0,4.566666e-01,1.788140e-01
0,0,0,4.655394e-01,4.045526e-01
0,0,0,3.025781e-01,4.568279e-01
0,0,0,5.838604e-01,3.860828e-02
0,0,0,4.623816e-01,2.652785e-01
0,0,0,8.621974e-02,7.403132e-02
0,0,0,1.684490e-01,1.194454e-01
0,0,0,4.798859e-02,1.828976e-01
0,0,0,4.628905e-01,4.752289e-01
0,0,0,1.862954e-01,6.005479e-01
0,0,0,6.822776e-01,6.675607e-01
0,0,0,3.054001e-01,2.817159e-01
0,0,0,5.414970e-01,2.307376e-01
0,0,0,9.344447e-02,7.733714e-05
0,0,0,8.672433e-02,1.407040e-03
0,0,0,1.064028e-01,2.169493e-01
0,0,0,4.285111e-02,9.536593e-02
0,0,0,2.268491e-01,2.503321e-01
0,0,0,3.686877e-01,4.056699e-01
0,0,0,1.565751e-02,3.802799e-02
0,0,0,4.927320e-01,1.880256e-01
0,0,0,3.947188e-03,2.333943e-01
0,0,0,3.940514e-01,2.358209e-01
0,0,0,3.356047e-01,3.856250e-01
0,0,0,3.199491e-01,2.483739e-01
0,0,0,9.277209e-02,3.262731e-02
0,0,0,1.685319e-01,5.564771e-02
0,0,0,2.376331e-01,1.726904e-01
0,0,0,1.373801e-01,3.352183e-01
0,0,0,2.546333e-01,1.263439e-01
0,0,0,3.626269e-01,3.699309e-01
0,0,0,5.798257e-02,2.990869e-01
0,0,0,4.034510e-01,2.905501e-01
0,0,0,1.546617e-01,1.062998e-01
0,0,0,3.279620e-01,2.323314e-01
0,0,0,2.958823e-01,3.406936e-01
0,0,0,1.361318e-01,2.119717e-01
0,0,0,2.879920e-01,1.244878e-01
0,0,0,1.404502e-01,2.140900e-01
0,0,0,1.098482e-01,1.302167e-03
0,0,0,2.098486e-01,1.709614e-01
0,0,0,3.094007e-01,8.256189e-02
0,0,0,4.879686e-02,1.735472e-01
0,0,0,8.859214e-02,2.482075e-01
0,0,0,1.323491e-01,2.805855e-03
0,0,0,2.320834e-01,1.006075e-01
0,0,0,9.818819e-03,1.566842e-01
0,0,0,1.014957e-01,3.410543e-02
0,0,0,4.970646e-02,9.700401e-02
0,0,0,9.159098e-02,2.533104e-02
0,0,0,6.633341e-02,1.184230e-01
0,0,0,5.821337e-02,7.967466e-02
0,0,0,1.037139e-01,9.909214e-02
0,0,0,7.035881e-02,2.769850e-02
0,0,0,1.587622e-02,3.717003e-02
0,0,0,6.175963e-03,6.691415e-03
0,0,0,2.795066e-03,3.260813e-03
0,0,0,0,9.153358e-05
0,0,0,1.336076e-03,9.213907e-03
0,0,0,7.750377e-03,7.392723e-04
0,0,0,4.275309e-03,2.300940e-02
0,0,0,1.253315e-02,4.362017e-02
0,0,0,1.938015e-02,7.010202e-02
0,0,0,7.326315e-02,8.922481e-02
0,0,0,1.004176e-01,3.362759e-03
0,0,0,2.881545e-02,3.751591e-02
0,0,0,6.326367e-02,1.587633e-01
0,0,0,1.460063e-01,5.723567e-02
0,0,0,5.394992e-02,1.551669e-01
0,0,0,1.704702e-01,8.650386e-03
0,0,0,1.325141e-01,4.133397e-03
0,0,0,1.305488e-01,2.677288e-01
0,0,0,5.757129e-04,3.155368e-01
0,0,0,2.803306e-01,1.901418e-01
0,0,0,3.778048e-01,3.710084e-01
0,0,0,3.996753e-01,2.525008e-01
0,0,0,4.222034e-01,3.389565e-01
0,0,0,2.818110e-01,2.579232e-01
0,0,0,3.634230e-01,2.061188e-01
0,0,0,3.171281e-01,1.763517e-01
0,0,0,4.869002e-01,9.394870e-02
0,0,0,4.044095e-01,1.906728e-02
0,0,0,5.151254e-01,4.186943e-01
0,0,0,2.860520e-01,5.238942e-01
0,0,0,5.568742e-01,4.479682e-01
0,0,0,3.829620e-01,5.592503e-01
0,0,0,4.196474e-01,4.481596e-01
0,0,0,4.060000e-01,1.455434e-01
0,0,0,9.413527e-02,2.473818e-01
0,0,0,6.685841e-01,1.343406e-02
0,0,0,5.507080e-01,2.261431e-02
0,0,0,3.930177e-01,3.698204e-01
0,0,0,1.609292e-01,8.380733e-02
0,0,0,2.540649e-01,1.126689e-01
0,0,0,3.457705e-01,3.495064e-01
0,0,0,6.167373e-01,4.893154e-01
0,0,0,7.514687e-01,3.967663e-01
0,0,0,7.770598e-01,8.946875e-02
0,0,0,4.182539e-01,2.619400e-01
0,0,0,7.179242e-01,5.889518e-01
0,0,0,7.932709e-01,6.601840e-01
0,0,0,6.348572e-01,4.897587e-01
0,0,0,6.644399e-01,5.641648e-01
0,0,0,5.957669e-01,3.926249e-01
0,0,0,7.030912e-01,3.497667e-01
0,0,0,4.486731e-01,2.363502e-01
0,0,0,4.373517e-01,5.628049e-01
0,0,0,4.029156e-01,3.310139e-01
0,0,0,5.196306e-01,6.886324e-02
0,0,0,5.671110e-02,5.428599e-01
0,0,0,5.882650e-01,4.369700e-02
0,0,0,3.698634e-01,1.659847e-01
0,0,0,1.850844e-01,5.099936e-01
0,0,0,4.763266e-01,2.785148e-01
0,0,0,5.500354e-01,6.488100e-01
0,0,0,3.818089e-01,1.148529e-01
0,0,0,3.250259e-01,4.113584e-01
0,0,0,4.343128e-01,7.312654e-01
0,0,0,1.651627e-02,5.866614e-02
0,0,0,1.959542e-01,3.073736e-04
0,0,0,6.077524e-01,4.072870e-01
0,0,0,7.006983e-01,6.594547e-01
0,0,0,4.459726e-03,8.467051e-02
0,0,0,5.233709e-01,5.322881e-01
0,0,0,6.117826e-02,1.701079e-01
0,0,0,4.234312e-01,5.906409e-01
0,0,0,4.893061e-01,1.612387e-01
0,0,0,4.073284e-01,2.679245e-01
0,0,0,5.393900e-01,1.708125e-01
0,0,0,2.588825e-01,2.918021e-01
0,0,0,4.531735e-01,7.038668e-02
0,0,0,6.063828e-03,9.822139e-02
0,0,0,1.277637e-01,2.676691e-02
0,0,0,1.966821e-01,1.893559e-01
0,0,0,3.983145e-01,3.151165e-01
0,0,0,3.529789e-01,3.676192e-01
0,0,0,4.175382e-01,9.142615e-02
0,0,0,1.542509e-01,2.230382e-02
0,0,0,5.848605e-02,4.599724e-01
0,0,0,4.814077e-01,4.963095e-01
0,0,0,1.740025e-01,4.656439e-01
0,0,0,2.429469e-01,4.192332e-01
0,0,0,3.312304e-01,4.242475e-01
0,0,0,1.904507e-01,3.354535e-01
0,0,0,2.474495e-01,3.029740e-01
0,0,0,2.967690e-01,5.018957e-01
0,0,0,2.974647e-01,2.984607e-01
0,0,0,9.480679e-02,5.608525e-01
0,0,0,6.083874e-02,4.172741e-01
0,0,0,2.028655e-01,3.307100e-01
0,0,0,7.092435e-01,1.829480e-02
0,0,0,2.841261e-01,6.434955e-01
0,0,0,2.070658e-01,3.339809e-01
0,0,0,1.635927e-01,5.857247e-01
0,0,0,6.399279e-01,4.538197e-02
0,0,0,2.039232e-01,3.337889e-01
0,0,0,9.041429e-01,7.583959e-01
0,0,0,4.788357e-01,4.425706e-01
0,0,0,1.970510e-01,7.476632e-01
0,0,0,6.593406e-01,3.500284e-01
0,0,0,7.634941e-01,4.491963e-01
0,0,0,4.252227e-01,2.841375e-01
0,0,0,4.337829e-01,9.935359e-01
0,0,0,2.627164e-02,6.737982e-02
0,0,0,9.764976e-01,3.001072e-01
0,0,0,6.038144e-01,5.661030e-02
0,0,0,3.799207e-01,5.803887e-01
0,0,0,7.465954e-01,5.397891e-01
0,0,0,6.090928e-01,7.110241e-02
0,0,0,1.055269e-01,9.408002e-01
0,0,0,2.802083e-01,3.964834e-01
0,0,0,3.117218e-01,1.464432e-01
0,0,0,1.797336e-01,9.225288e-01
0,0,0,1.533044e-01,8.039657e-02
0,0,0,5.247728e-01,3.609882e-01
0,0,0,6.189256e-01,9.064060e-01
0,0,0,7.189839e-01,6.730678e-01
0,0,0,4.509254e-01,4.109416e-01
0,0,0,5.469802e-01,7.154251e-01
0,0,0,2.016421e-01,7.822680e-01
0,0,0,5.818469e-01,8.025632e-01
0,0,0,4.851073e-01,2.877267e-02
0,0,0,8.233222e-01,4.597890e-01
0,0,0,3.930878e-01,4.824632e-01
0,0,0,1.864989e-01,7.175042e-01
0,0,0,2.691659e-01,6.368208e-01
0,0,0,3.660716e-02,6.162443e-01
0,0,0,6.029654e-01,7.248333e-02
0,0,0,4.599132e-01,8.110012e-01
0,0,0,7.216900e-01,7.772234e-01
0,0,0,4.878575e-02,2.069040e-01
0,0,0,3.700576e-01,1.486880e-01
0,0,0,5.054821e-02,5.726413e-01
0,0,0,3.533203e-01,4.698393e-01
0,0,0,2.881804e-01,3.577558e-01
0,0,0,7.374723e-01,5.065674e-01
0,0,0,6.511493e-01,6.931276e-01
0,0,0,5.671537e-01,2.760473e-01
0,0,0,3.080553e-01,6.444578e-01
0,0,0,2.980778e-01,3.114928e-01
0,0,0,1.466440e-01,2.967764e-02
0,0,0,4.585938e-01,1.206237e-01
0,0,0,4.939923e-01,2.662069e-01
0,0,0,5.920586e-01,5.720225e-01
0,0,0,3.158891e-01,2.999962e-01
0,0,0,1.343501e-01,9.654313e-03
0,0,0,1.878945e-01,4.070394e-01
0,0,0,1.787509e-01,6.087478e-01
0,0,0,4.399544e-03,4.249537e-01
0,0,0,5.291236e-01,1.050320e-01
0,0,0,3.009165e-01,3.210893e-02
0,0,0,2.482357e-03,6.455100e-03
0,0,0,8.798876e-03,7.680536e-05
0,0,0,2.857791e-02,2.635883e-02
0,0,0,3.873271e-02,4.189474e-02
0,0,0,5.085825e-02,5.413363e-02
0,0,0,8.771209e-04,8.120835e-03
0,0,0,3.940243e-02,3.624715e-02
0,0,0,3.159883e-02,2.102683e-02
0,0,0,1.144447e-02,7.514647e-02
0,0,0,8.431297e-02,8.049237e-02
0,0,0,7.976835e-02,5.693688e-02
0,0,0,5.596002e-02,1.210581e-01
0,0,0,5.369474e-02,9.740240e-02
0,0,0,3.473009e-02,1.024055e-01
0,0,0,1.127237e-01,4.124156e-02
0,0,0,9.228553e-02,5.329861e-03
0,0,0,3.252372e-03,5.039535e-02
0,0,0,1.607489e-01,1.111106e-01
0,0,0,4.696142e-02,1.392097e-01
0,0,0,1.685964e-01,1.905910e-01
0,0,0,6.965057e-02,1.776822e-01
0,0,0,7.686845e-02,1.323343e-01
0,0,0,2.153514e-01,1.604295e-01
0,0,0,1.556610e-01,1.241180e-01
0,0,0,1.051215e-01,8.463011e-02
0,0,0,1.771239e-01,7.479155e-02
0,0,0,9.752442e-02,3.758963e-02
0,0,0,5.999499e-02,4.641999e-02
0,0,0,6.299108e-03,2.033521e-01
0,0,0,8.275122e-03,1.216510e-01
0,0,0,8.439325e-02,2.723529e-01
0,0,0,1.838742e-01,5.230915e-03
0,0,0,2.981739e-01,1.131933e-01
0,0,0,1.414781e-01,5.683268e-02
0,0,0,1.273471e-01,3.210388e-01
0,0,0,3.402607e-01,1.885335e-01
0,0,0,1.820465e-02,6.185550e-02
0,0,0,2.839780e-01,3.214050e-02
0,0,0,3.547781e-01,2.877300e-01
0,0,0,7.218623e-02,3.416006e-01
0,0,0,7.061294e-02,1.604278e-01
0,0,0,2.213484e-01,1.348625e-01
0,0,0,3.720433e-02,2.411690e-01
0,0,0,1.235763e-01,2.207865e-01
0,0,0,5.262961e-01,1.233233e-01
0,0,0,1.417130e-01,3.090014e-01
0,0,0,1.133292e-01,2.940564e-01
0,0,0,3.070886e-01,3.429074e-01
0,0,0,5.745346e-01,4.278353e-01
0,0,0,2.753523e-01,4.339898e-02
0,0,0,3.929784e-01,2.541939e-01
0,0,0,6.295036e-01,3.767729e-01
0,0,0,1.920861e-01,3.900172e-01
0,0,0,5.908281e-01,5.537808e-01
0,0,0,2.207053e-01,1.125099e-01
0,0,0,4.735588e-01,2.982100e-01
0,0,0,1.512420e-01,1.613272e-01
0,0,0,2.276243e-02,3.706632e-02
0,0,0,2.065361e-02,4.080402e-01
0,0,0,4.823317e-01,4.295984e-01
0,0,0,8.195492e-02,4.206222e-01
0,0,0,1.975920e-01,1.827593e-01
0,0,0,4.497225e-01,1.615142e-01
0,0,0,1.432734e-01,2.140701e-01
0,0,0,4.195382e-01,1.223582e-01
0,0,0,3.815082e-01,4.251309e-01
0,0,0,1.951348e-01,1.972827e-01
0,0,0,3.956693e-01,3.614285e-01
0,0,0,1.812607e-01,3.513640e-01
0,0,0,2.531499e-01,3.399196e-03
0,0,0,3.014142e-01,4.416857e-01
0,0,0,3.446801e-01,2.411103e-02
0,0,0,3.636960e-01,4.121450e-01
0,0,0,2.579567e-03,4.229386e-01
0,0,0,1.688665e-02,5.464528e-01
0,0,0,3.043945e-01,5.731653e-01
0,0,0,1.810030e-01,2.048720e-01
0,0,0,4.710565e-01,6.367188e-01
0,0,0,4.478614e-01,4.366661e-01
0,0,0,1.672104e-01,4.224138e-01
0,0,0,7.624621e-02,5.185897e-01
0,0,0,5.708289e-01,6.026328e-01
0,0,0,2.795932e-02,5.025247e-01
0,0,0,4.002770e-01,6.440423e-01
0,0,0,7.129433e-01,2.896013e-01
0,0,0,5.432964e-01,2.212686e-02
0,0,0,2.385603e-01,2.562899e-01
0,0,0,2.977167e-01,6.041640e-01
0,0,0,3.870893e-01,4.194325e-01
0,0,0,3.491470e-01,3.157978e-01
0,0,0,7.602598e-01,7.755934e-01
0,0,0,5.369925e-01,7.847670e-01
0,0,0,4.106241e-01,6.358899e-01
0,0,0,6.003464e-01,7.059294e-01
0,0,0,4.133959e-01,8.551526e-01
0,0,0,3.511914e-01,6.326785e-01
0,0,0,4.897564e-01,3.259188e-01
0,0,0,8.065469e-01,3.266586e-01
0,0,0,4.156138e-01,8.067070e-01
0,0,0,1.986966e-01,1.280053e-01
0,0,0,4.918983e-01,7.651532e-01
0,0,0,6.421571e-01,8.437120e-01
0,0,0,6.789711e-01,1.289030e-01
0,0,0,9.633039e-02,3.768964e-01
0,0,0,2.446146e-01,5.109277e-01
0,0,0,9.353615e-01,6.920032e-01
0,0,0,7.657302e-01,5.901131e-01
0,0,0,7.248350e-01,3.040097e-02
0,0,0,1.288516e-01,6.424985e-01
0,0,0,4.171612e-01,3.144286e-01
0,0,0,6.284090e-01,4.038843e-01
0,0,0,2.775675e-03,5.524063e-01
0,0,0,9.573376e-02,5.703514e-01
0,0,0,4.841880e-01,4.839841e-01
0,0,0,5.045783e-01,4.296063e-01
0,0,0,5.322363e-01,1.129043e-01
0,0,0,3.771000e-02,1.550255e-01
0,0,0,1.221093e-02,4.630754e-02
0,0,0,4.062746e-01,1.817218e-01
0,0,0,6.060888e-01,4.493359e-02
0,0,0,6.559189e-01,8.359904e-03
0,0,0,2.437472e-01,4.642652e-01
0,0,0,4.913128e-01,6.107330e-01
0,0,0,3.500678e-01,2.847034e-01
0,0,0,2.401568e-01,4.853457e-01
0,0,0,5.081727e-01,4.090432e-01
0,0,0,5.650275e-01,3.249574e-01
0,0,0,8.772264e-02,6.249746e-01
0,0,0,5.390301e-02,6.081915e-01
0,0,0,3.851274e-01,1.577451e-01
0,0,0,3.840597e-01,6.016996e-02
0,0,0,8.532870e-02,9.838762e-02
0,0,0,1.196130e-01,2.018258e-01
0,0,0,3.332479e-01,5.883699e-01
0,0,0,2.621714e-01,6.700048e-01
0,0,0,3.428191e-01,6.496294e-01
0,0,0,6.266555e-01,6.730946e-02
0,0,0,5.514164e-01,2.440642e-01
0,0,0,4.359084e-01,2.985823e-03
0,0,0,5.310651e-01,3.564812e-01
0,0,0,2.093783e-01,3.235915e-01
0,0,0,4.312953e-02,9.432599e-02
0,0,0,1.938027e-01,6.057454e-02
0,0,0,4.951123e-01,5.657403e-01
0,0,0,1.051844e-01,2.946563e-02
0,0,0,2.109495e-01,2.233412e-01
0,0,0,4.612166e-01,4.562340e-01
0,0,0,4.263235e-01,6.768551e-02
0,0,0,4.934382e-03,3.077153e-02
0,0,0,1.778179e-01,1.695921e-01
0,0,0,2.507242e-01,1.020161e-02
0,0,0,2.009845e-01,3.896847e-01
0,0,0,5.316668e-01,6.844953e-02
0,0,0,1.088728e-01,2.486545e-01
0,0,0,4.448017e-01,5.876218e-01
0,0,0,3.431450e-01,1.846275e-01
0,0,0,9.644367e-03,4.630881e-01
0,0,0,1.616297e-02,4.484409e-01
0,0,0,2.266963e-01,6.253219e-01
0,0,0,3.786393e-02,7.150340e-02
0,0,0,1.511085e-01,5.836846e-01
0,0,0,6.200856e-01,5.557755e-01
0,0,0,3.495602e-01,5.700131e-02
0,0,0,4.739488e-01,4.917484e-01
0,0,0,3.683007e-01,1.276763e-01
0,0,0,1.980047e-01,3.541239e-01
0,0,0,1.011774e-01,2.298493e-01
0,0,0,1.471252e-01,4.223605e-02
0,0,0,1.177549e-01,1.209043e-01
0,0,0,1.555027e-01,7.023321e-02
0,0,0,3.890207e-01,1.022071e-01
0,0,0,6.204632e-01,1.597912e-01
0,0,0,2.081811e-01,2.101772e-01
0,0,0,1.011836e-02,2.913323e-01
0,0,0,5.089901e-01,6.400050e-01
0,0,0,1.723340e-01,3.587953e-01
0,0,0,5.996234e-01,7.128922e-01
0,0,0,5.358893e-01,3.367600e-01
0,0,0,5.780835e-01,1.903043e-01
0,0,0,4.076226e-01,5.874142e-01
0,0,0,3.528818e-02,3.106799e-01
0,0,0,1.902127e-01,7.296140e-01
0,0,0,3.324751e-01,2.883456e-01
0,0,0,2.373675e-01,3.853580e-01
0,0,0,5.822862e-01,6.494351e-01
0,0,0,4.148692e-01,1.222842e-02
0,0,0,2.042453e-01,4.006970e-01
0,0,0,5.773428e-02,4.570328e-01
0,0,0,2.823051e-01,3.662448e-02
0,0,0,3.078397e-01,9.775667e-03
0,0,0,8.976875e-02,6.546634e-02
0,0,0,2.515326e-01,5.295567e-01
0,0,0,7.504768e-01,4.984560e-01
0,0,0,4.113274e-01,2.605145e-01
0,0,0,8.524613e-03,5.059924e-01
0,0,0,3.697678e-01,7.674019e-01
0,0,0,3.997107e-01,2.995031e-01
0,0,0,2.302926e-01,2.171202e-01
0,0,0,1.702248e-01,3.585808e-01
0,0,0,6.446858e-01,5.260789e-01
0,0,0,5.116069e-02,2.949462e-01
0,0,0,1.341367e-02,2.803326e-02
0,0,0,4.878829e-01,4.989301e-01
0,0,0,7.239460e-02,6.150350e-01
0,0,0,4.355220e-01,5.910546e-01
0,0,0,7.743723e-02,2.000906e-01
0,0,0,6.073375e-01,2.529445e-01
0,0,0,2.473719e-01,4.960169e-01
0,0,0,7.055520e-02,1.376229e-01
0,0,0,1.503503e-01,5.617841e-01
0,0,0,1.239628e-01,6.233427e-01
0,0,0,3.959133e-01,2.654738e-01
0,0,0,2.478571e-01,4.780111e-01
0,0,0,3.833629e-01,5.916189e-01
0,0,0,3.922022e-01,2.679587e-01
0,0,0,4.882290e-01,3.847133e-01
0,0,0,3.586213e-02,1.394456e-01
0,0,0,5.292925e-02,2.436831e-02
0,0,0,3.458565e-01,3.072098e-01
0,0,0,4.081871e-01,1.120901e-01
0,0,0,4.306281e-01,5.597743e-01
0,0,0,1.173978e-01,1.073131e-01
0,0,0,3.456546e-01,1.379891e-01
0,0,0,6.074837e-01,3.908943e-01
0,0,0,4.527603e-01,3.546020e-01
0,0,0,1.598589e-01,2.529537e-01
0,0,0,4.899470e-01,4.952977e-01
0,0,0,2.456303e-01,2.956450e-01
0,0,0,2.046055e-01,5.341417e-02
0,0,0,2.877296e-01,2.777995e-01
0,0,0,9.396314e-02,3.955232e-01
0,0,0,3.143255e-01,3.600691e-01
0,0,0,2.730028e-01,2.190580e-01
0,0,0,3.602280e-01,4.554763e-01
0,0,0,1.942791e-01,3.573529e-01
0,0,0,3.078233e-02,3.508905e-01
0,0,0,9.076785e-02,4.139637e-01
0,0,0,1.484693e-01,5.489536e-01
0,0,0,2.851269e-02,3.244006e-01
0,0,0,3.186860e-01,3.425933e-01
0,0,0,3.581265e-01,5.107951e-01
0,0,0,2.081936e-01,1.307423e-01
0,0,0,2.176411e-01,3.047648e-01
0,0,0,3.566141e-01,5.995247e-01
0,0,0,4.745951e-01,2.128785e-01
0,0,0,1.483080e-01,2.213355e-01
0,0,0,1.837250e-01,1.110248e-01
0,0,0,8.872775e-02,3.813384e-02
0,0,0,4.010310e-01,2.258834e-01
0,0,0,9.308984e-02,4.212463e-01
0,0,0,3.997247e-01,5.069584e-01
0,0,0,2.098075e-01,5.702751e-01
0,0,0,2.753842e-01,6.084664e-01
0,0,0,4.461323e-01,2.894732e-01
0,0,0,5.957366e-01,1.768717e-01
0,0,0,4.082232e-01,3.296847e-01
0,0,0,3.193415e-01,1.870625e-01
0,0,0,2.504399e-01,3.756124e-01
0,0,0,4.181888e-01,1.157165e-01
0,0,0,1.812774e-01,3.870967e-01
0,0,0,4.156448e-02,1.427275e-01
0,0,0,1.076926e-01,1.344348e-01
0,0,0,4.925770e-01,1.134285e-01
0,0,0,6.704298e-01,4.143320e-03
0,0,0,5.785549e-01,2.844799e-02
0,0,0,2.498866e-01,6.734008e-01
0,0,0,3.617024e-01,1.405326e-01
0,0,0,1.433866e-01,6.714432e-01
0,0,0,6.783997e-01,4.470219e-02
0,0,0,3.031262e-01,2.380384e-01
0,0,0,2.321987e-01,6.472631e-01
0,0,0,6.396950e-01,2.246067e-01
0,0,0,1.303652e-01,3.240414e-02
0,0,0,2.009218e-01,1.073266e-01
0,0,0,3.910425e-01,3.612190e-01
0,0,0,1.571930e-01,4.777127e-01
0,0,0,2.248878e-02,3.731400e-01
0,0,0,2.760658e-01,8.769340e-02
0,0,0,3.066401e-02,1.157274e-01
0,0,0,3.152598e-02,1.022842e-02
0,0,0,7.022866e-02,3.676707e-01
0,0,0,4.977135e-01,5.426242e-01
0,0,0,1.329256e-01,1.144874e-01
0,0,0,4.625234e-01,3.081986e-01
0,0,0,1.657345e-01,3.905514e-01
0,0,0,4.828560e-01,5.435965e-01
0,0,0,4.433366e-01,5.316122e-01
0,0,0,5.307403e-01,4.460163e-01
0,0,0,1.872558e-01,3.534058e-02
0,0,0,4.846956e-01,4.183545e-02
0,0,0,1.735559e-01,3.371877e-01
0,0,0,2.627638e-01,1.000246e-01
0,0,0,3.460482e-01,3.080737e-01
0,0,0,3.245583e-01,1.693522e-01
0,0,0,3.742074e-01,1.082310e-01
0,0,0,2.676061e-01,7.851944e-02
0,0,0,3.578146e-01,1.760217e-01
0,0,0,3.688805e-01,4.146327e-01
0,0,0,8.451909e-02,1.244655e-01
0,0,0,3.067472e-01,3.785264e-01
0,0,0,3.914900e-01,7.578926e-02
0,0,0,7.884706e-03,2.125198e-01
0,0,0,1.532260e-01,3.610595e-01
0,0,0,4.740360e-01,1.403902e-01
0,0,0,4.492120e-01,5.203500e-01
0,0,0,2.903045e-01,3.665627e-01
0,0,0,6.159227e-01,2.975743e-01
0,0,0,2.959785e-01,8.189799e-01
0,0,0,4.730459e-01,5.125097e-01
0,0,0,6.067662e-01,7.340084e-01
0,0,0,6.683785e-01,7.845361e-01
0,0,0,8.968869e-02,6.827510e-02
0,0,0,8.263593e-01,5.508381e-01
0,0,0,3.620984e-01,9.013913e-01
0,0,0,5.102890e-01,6.278815e-01
0,0,0,2.302592e-01,6.706541e-01
0,0,0,1.224268e-01,2.949703e-01
0,0,0,9.222618e-01,9.021013e-01
0,0,0,1.757122e-01,6.095590e-01
0,0,0,7.873424e-01,6.378958e-01
0,0,0,1.131195e-01,5.556126e-01
0,0,0,2.824974e-01,6.752580e-01
0,0,0,2.766917e-01,4.576832e-01
0,0,0,3.928668e-01,2.497034e-01
0,0,0,8.778602e-02,5.862334e-01
0,0,0,4.182992e-01,4.186983e-01
0,0,0,3.779087e-01,2.578530e-01
0,0,0,1.721440e-01,9.914014e-02
0,0,0,2.485832e-01,7.309733e-02
0,0,0,1.457937e-01,3.563788e-01
0,0,0,1.308133e-01,1.638556e-01
0,0,0,2.500236e-01,2.968160e-01
0,0,0,1.817718e-01,9.864655e-02
0,0,0,9.781255e-02,1.550112e-01
0,0,0,1.668797e-01,1.079490e-01
0,0,0,7.509693e-02,1.606454e-01
0,0,0,7.093407e-02,7.197859e-02
0,0,0,1.035227e-01,1.005831e-02
0,0,0,7.609824e-02,1.710506e-02
0,0,0,1.376649e-01,9.688571e-02
0,0,0,1.180992e-01,9.638695e-03
0,0,0,5.410648e-02,7.533111e-03
0,0,0,3.488229e-02,3.394124e-02
0,0,0,6.042254e-02,1.182709e-02
0,0,0,4.843785e-02,4.906276e-02
0,0,0,1.402491e-02,3.459824e-02
0,0,0,1.464219e-02,6.322935e-03
0,0,0,1.200770e-03,2.392867e-03
0,0,0,6.237820e-06,8.277271e-05
0,0,0,9.980100e-04,2.732244e-03
0,0,0,2.069042e-03,1.137613e-02
0,0,0,1.516920e-02,2.351988e-02
0,0,0,3.511452e-02,4.775001e-02
0,0,0,1.382625e-02,1.765107e-02
0,0,0,4.375268e-02,7.198809e-02
0,0,0,1.315908e-01,1.400900e-01
0,0,0,9.302339e-02,9.446771e-02
0,0,0,1.527250e-01,1.857354e-01
0,0,0,1.292967e-01,1.651680e-01
0,0,0,3.056352e-01,2.857717e-01
0,0,0,1.850963e-01,2.765485e-01
0,0,0,1.941800e-01,3.785405e-01
0,0,0,1.479604e-01,2.543667e-01
0,0,0,4.248831e-01,1.573716e-01
0,0,0,1.028806e-01,1.473007e-01
0,0,0,2.044357e-01,4.095106e-01
0,0,0,2.068222e-01,3.855443e-02
0,0,0,4.059605e-01,2.274740e-01
0,0,0,2.046530e-01,2.572131e-01
0,0,0,2.364790e-01,4.332350e-01
0,0,0,2.877263e-01,2.416901e-01
0,0,0,2.161926e-01,1.839276e-01
0,0,0,3.782345e-01,2.213913e-01
0,0,0,3.684702e-01,2.490288e-01
0,0,0,6.864488e-02,1.234964e-01
0,0,0,1.254676e-01,3.055373e-01
0,0,0,1.638221e-01,1.092754e-01
0,0,0,1.679778e-01,1.970586e-01
0,0,0,1.049498e-01,1.851533e-01
0,0,0,2.949190e-01,3.478529e-01
0,0,0,1.383967e-01,1.530365e-01
0,0,0,3.775194e-02,3.018787e-02
0,0,0,2.553111e-01,8.185700e-02
0,0,0,5.484208e-02,3.277874e-01
0,0,0,3.396853e-01,2.068474e-01
0,0,0,2.406232e-01,1.287061e-01
0,0,0,2.423467e-01,6.544279e-03
0,0,0,1.852993e-01,2.249041e-01
0,0,0,2.782623e-01,3.127616e-01
0,0,0,1.824853e-01,2.220183e-01
0,0,0,3.094642e-02,2.029176e-01
0,0,0,2.453087e-01,9.152859e-02
0,0,0,1.013609e-02,1.369055e-02
0,0,0,1.298296e-01,5.832310e-02
0,0,0,2.684400e-01,2.323836e-01
0,0,0,2.970730e-01,1.821439e-01
0,0,0,1.143950e-01,1.169398e-01
0,0,0,1.503504e-01,2.708361e-01
0,0,0,1.176072e-01,3.569564e-02
0,0,0,1.459487e-01,1.864387e-01
0,0,0,3.220148e-01,1.202159e-01
0,0,0,1.169577e-01,1.207692e-02
0,0,0,6.643525e-01,3.705248e-01
0,0,0,3.728958e-01,1.616386e-01
0,0,0,4.645071e-01,4.068562e-01
0,0,0,8.056910e-01,8.475923e-01
0,0,0,3.681823e-01,3.231319e-01
0,0,0,4.974030e-01,5.712345e-01
0,0,0,5.424397e-01,3.074410e-02
0,0,0,8.228444e-01,8.639624e-01
0,0,0,8.609046e-01,7.479651e-01
0,0,0,6.541972e-01,1.563083e-03
0,0,0,1.776054e-01,2.263505e-02
0,0,0,4.614478e-01,4.694433e-01
0,0,0,3.090046e-01,5.240763e-01
0,0,0,2.169466e-01,2.982833e-01
0,0,0,4.123718e-01,3.494638e-01
0,0,0,6.572585e-01,2.232665e-01
0,0,0,7.605041e-01,1.848516e-01
0,0,0,9.331619e-02,7.074706e-01
0,0,0,4.039836e-01,6.860222e-01
0,0,0,1.611885e-01,4.080655e-01
0,0,0,4.885408e-01,8.330444e-02
0,0,0,5.824188e-01,7.153979e-01
0,0,0,5.328792e-01,6.614701e-01
0,0,0,5.462971e-01,5.101181e-03
0,0,0,1.576403e-01,1.057437e-01
0,0,0,6.738866e-01,1.132569e-01
0,0,0,5.112116e-01,5.693332e-01
0,0,0,5.441876e-01,9.199628e-01
0,0,0,6.777408e-01,3.839399e-01
0,0,0,9.673186e-01,2.245094e-01
0,0,0,8.879962e-01,5.755979e-01
0,0,0,4.431519e-02,1.811606e-02
0,0,0,4.946319e-01,6.057105e-01
0,0,0,8.891053e-01,8.080754e-01
0,0,0,1.640246e-01,3.105935e-02
0,0,0,4.779833e-02,9.316631e-01
0,0,0,4.871420e-01,6.930161e-01
0,0,0,3.735992e-01,3.849527e-01
0,0,0,7.749994e-01,6.232260e-01
0,0,0,6.817475e-01,3.444056e-01
0,0,0,5.937000e-01,4.313284e-01
0,0,0,2.211215e-01,2.830597e-01
0,0,0,5.519793e-01,7.270114e-02
0,0,0,2.754853e-02,3.447761e-01
0,0,0,4.322596e-01,4.277097e-01
0,0,0,4.812706e-02,5.753384e-01
0,0,0,4.850831e-02,2.192451e-01
0,0,0,4.891440e-01,5.289908e-01
0,0,0,1.011758e-01,4.600201e-01
0,0,0,1.247959e-01,2.987979e-02
0,0,0,1.639493e-01,1.591969e-01
0,0,0,1.097567e-01,1.472415e-01
0,0,0,2.200184e-02,3.323758e-01
0,0,0,2.387913e-01,1.394758e-01
0,0,0,6.339745e-02,1.122840e-01
0,0,0,1.952837e-01,1.600318e-01
0,0,0,1.787245e-01,1.537548e-01
0,0,0,1.647680e-01,1.566526e-02
0,0,0,2.222011e-02,1.158820e-01
0,0,0,4.901010e-02,9.644829e-03
0,0,0,1.903791e-02,1.374642e-02
0,0,0,2.047725e-02,3.386768e-02
0,0,0,1.846791e-02,1.960999e-02
0,0,0,6.423978e-03,1.595455e-02
0,0,0,2.192737e-03,5.743273e-03
0,0,0,3.412598e-04,1.600392e-03
0,0,0,8.788349e-05,3.647983e-05
0,0,0,2.184660e-04,3.293851e-04
0,0,0,1.345892e-03,1.365867e-03
0,0,0,1.143769e-03,2.374459e-03
0,0,0,4.530540e-03,3.236168e-04
0,0,0,1.083105e-02,6.576663e-03
0,0,0,1.358771e-03,2.371491e-03
0,0,0,1.014938e-02,8.852320e-03
0,0,0,1.143716e-02,9.284732e-04
0,0,0,1.149709e-02,2.762905e-03
0,0,0,6.025436e-03,3.435096e-03
0,0,0,1.964194e-02,2.468484e-02
0,0,0,1.531797e-02,3.220655e-02
0,0,0,2.861075e-03,2.442934e-02
0,0,0,4.877979e-02,4.655884e-03
0,0,0,3.736535e-03,6.151739e-02
0,0,0,6.517893e-02,6.447505e-02
0,0,0,1.415838e-02,7.985523e-02
0,0,0,7.129532e-02,2.826478e-02
0,0,0,6.292518e-02,5.141370e-02
0,0,0,1.172924e-01,5.609472e-02
0,0,0,6.710840e-02,9.589714e-02
0,0,0,1.155173e-02,1.305764e-02
0,0,0,1.272186e-01,3.691446e-02
0,0,0,8.631073e-02,1.207966e-01
0,0,0,1.295516e-01,5.109317e-02
0,0,0,4.772542e-03,6.623220e-02
0,0,0,4.197563e-02,5.141630e-02
0,0,0,8.162706e-03,1.588538e-01
0,0,0,8.355024e-02,1.292736e-01
0,0,0,2.005255e-01,7.325072e-02
0,0,0,1.481332e-01,2.259003e-01
0,0,0,1.336924e-01,1.813609e-01
0,0,0,1.313307e-01,2.321715e-01
0,0,0,1.257609e-01,5.236992e-02
0,0,0,2.241567e-01,3.230266e-02
0,0,0,9.933473e-03,2.196552e-01
0,0,0,1.890012e-01,2.212136e-01
0,0,0,1.281882e-01,2.931964e-01
0,0,0,1.290008e-01,2.049636e-01
0,0,0,9.699191e-02,2.862734e-01
0,0,0,2.715488e-01,1.741674e-01
0,0,0,4.174078e-03,4.013806e-02
0,0,0,8.117509e-02,2.136396e-01
0,0,0,2.690506e-01,1.283637e-01
0,0,0,7.787391e-02,7.860828e-02
0,0,0,3.567860e-01,7.732495e-02
0,0,0,3.533823e-01,1.481809e-02
0,0,0,3.549692e-01,3.169951e-01
0,0,0,2.841459e-02,2.103981e-01
0,0,0,1.624461e-02,2.947800e-01
0,0,0,3.034839e-01,1.111924e-01
0,0,0,2.355278e-01,1.507433e-01
0,0,0,1.655766e-02,1.521918e-01
0,0,0,4.238145e-01,3.307247e-01
0,0,0,3.215338e-01,2.810315e-02
0,0,0,1.416084e-01,3.312229e-01
0,0,0,1.174877e-01,3.539680e-01
0,0,0,3.765528e-01,3.581927e-01
0,0,0,3.145085e-01,2.592533e-02
0,0,0,2.923889e-01,4.125143e-01
0,0,0,4.530802e-01,7.239221e-02
0,0,0,3.552905e-01,8.022082e-02
0,0,0,1.483624e-01,3.156475e-02
0,0,0,3.340523e-01,2.443973e-01
0,0,0,1.288589e-01,2.875299e-01
0,0,0,1.659122e-02,4.162660e-01
0,0,0,1.325590e-01,2.791494e-01
0,0,0,3.359673e-01,1.289598e-01
0,0,0,1.899984e-01,2.047821e-01
0,0,0,2.829455e-01,2.497585e-01
0,0,0,9.896287e-03,4.958964e-02
0,0,0,3.168772e-01,2.036908e-01
0,0,0,3.401356e-01,2.644246e-01
0,0,0,7.340693e-02,4.762358e-02
0,0,0,2.741325e-01,1.717073e-01
0,0,0,1.505365e-01,1.231535e-01
0,0,0,2.722203e-01,1.243666e-01
0,0,0,2.801208e-01,1.913762e-01
0,0,0,2.607400e-01,1.803349e-01
0,0,0,8.223635e-02,1.675478e-01
0,0,0,2.828507e-02,2.084038e-01
0,0,0,2.689434e-01,3.305217e-01
0,0,0,1.951562e-01,1.779480e-01
0,0,0,1.665686e-01,1.503081e-01
0,0,0,1.021635e-01,2.265972e-01
0,0,0,2.002342e-02,9.824297e-02
0,0,0,1.979280e-02,2.288027e-02
0,0,0,2.252795e-01,1.817216e-01
0,0,0,2.356491e-01,3.667412e-02
0,0,0,2.806650e-02,2.729428e-01
0,0,0,1.547540e-01,1.131106e-01
0,0,0,3.596847e-01,1.136774e-01
0,0,0,3.040721e-01,1.920172e-01
0,0,0,2.989269e-01,2.627747e-01
0,0,0,1.307876e-01,1.930051e-01
0,0,0,3.340861e-01,4.246041e-01
0,0,0,2.859251e-02,1.024523e-01
0,0,0,3.744012e-01,4.580427e-02
0,0,0,3.006119e-02,4.301251e-01
0,0,0,4.801667e-01,2.558802e-01
0,0,0,2.330993e-02,2.602196e-01
0,0,0,1.317380e-01,1.039293e-01
0,0,0,4.039664e-01,2.444607e-02
0,0,0,4.448435e-01,1.611088e-01
0,0,0,4.746634e-01,1.009144e-02
0,0,0,3.310457e-01,3.095844e-01
0,0,0,1.203146e-01,8.671278e-02
0,0,0,4.490691e-01,8.432664e-02
0,0,0,3.445119e-01,4.692816e-01
0,0,0,2.644518e-01,3.853985e-02
0,0,0,1.182818e-01,4.901846e-02
0,0,0,4.525998e-01,4.890655e-01
0,0,0,1.279411e-01,3.747943e-01
0,0,0,2.094470e-01,2.120204e-01
0,0,0,2.209952e-01,3.438899e-01
0,0,0,1.682530e-01,2.294635e-01
0,0,0,2.121163e-01,1.012966e-01
0,0,0,1.117819e-01,2.554927e-01
0,0,0,4.937156e-01,5.165427e-01
0,0,0,6.646963e-03,5.231308e-02
0,0,0,4.548973e-01,3.677210e-01
0,0,0,3.727311e-01,4.286955e-01
0,0,0,2.591971e-01,1.040433e-01
0,0,0,4.675976e-01,4.966866e-01
0,0,0,1.514628e-02,1.838560e-01
0,0,0,4.680191e-01,4.207126e-01
0,0,0,4.577972e-01,2.635625e-01
0,0,0,2.358768e-01,3.442039e-01
0,0,0,4.426757e-02,3.258601e-01
0,0,0,3.402974e-01,4.836794e-01
0,0,0,2.290239e-01,5.602423e-01
0,0,0,4.253367e-01,3.637175e-01
0,0,0,2.243089e-01,7.061235e-01
0,0,0,1.584956e-01,2.218647e-01
0,0,0,8.045771e-01,7.977221e-01
0,0,0,3.729643e-01,2.839950e-01
0,0,0,8.415732e-01,6.586706e-01
0,0,0,1.693255e-01,1.577087e-01
0,0,0,7.156698e-01,6.713738e-02
0,0,0,5.927762e-01,6.055917e-01
0,0,0,1.153575e-01,2.111750e-01
0,0,0,3.140694e-01,5.498005e-01
0,0,0,7.776149e-01,4.447380e-01
0,0,0,7.419724e-01,2.501101e-01
0,0,0,4.196587e-01,7.219733e-01
0,0,0,2.458727e-01,4.740892e-01
0,0,0,4.339023e-01,3.405561e-01
0,0,0,4.518269e-01,1.669196e-03
0,0,0,6.386374e-01,2.101294e-01
0,0,0,4.432642e-01,5.534615e-01
0,0,0,3.504174e-01,6.301854e-01
0,0,0,3.457675e-01,1.377749e-02
0,0,0,3.845703e-01,2.262900e-01
0,0,0,4.495220e-01,2.460810e-01
0,0,0,1.641480e-01,7.495094e-02
0,0,0,3.977789e-01,2.839446e-01
0,0,0,1.256354e-01,1.864816e-01
0,0,0,9.812569e-03,3.033174e-03
0,0,0,3.578795e-01,1.414642e-02
0,0,0,1.127885e-02,2.609811e-01
0,0,0,4.163020e-01,3.697628e-01
0,0,0,7.917527e-02,1.624377e-01
0,0,0,1.582759e-01,2.745128e-01
0,0,0,1.912665e-02,5.714580e-02
0,0,0,2.295480e-01,2.826475e-01
0,0,0,4.868404e-04,5.865896e-02
0,0,0,2.097095e-01,1.439046e-02
0,0,0,3.269778e-02,1.055911e-01
0,0,0,5.816236e-02,9.743980e-02
0,0,0,5.254157e-02,5.709545e-02
0,0,0,1.109522e-01,9.806995e-02
0,0,0,1.011030e-01,6.387070e-02
0,0,0,6.184889e-02,1.254053e-02
0,0,0,7.726824e-02,4.768039e-02
0,0,0,1.260282e-02,1.478904e-01
0,0,0,1.178233e-01,5.546585e-03
0,0,0,1.802278e-01,9.955947e-02
0,0,0,1.493229e-01,1.567815e-01
0,0,0,1.607082e-01,2.065130e-01
0,0,0,1.722616e-01,2.293672e-02
0,0,0,8.300115e-03,2.052806e-02
0,0,0,2.412185e-01,1.626172e-01
0,0,0,2.175271e-01,1.775959e-01
0,0,0,1.133300e-02,1.512340e-01
0,0,0,1.140545e-01,1.710503e-01
0,0,0,3.286592e-02,3.085416e-02
0,0,0,1.559205e-01,1.016282e-01
0,0,0,8.164672e-02,7.396753e-02
0,0,0,1.091039e-01,6.134916e-02
0,0,0,7.786073e-02,6.942395e-02
0,0,0,7.483151e-02,1.619677e-01
0,0,0,1.292299e-01,7.679394e-02
0,0,0,1.204420e-01,8.189509e-02
0,0,0,2.927836e-02,9.785744e-02
0,0,0,6.602434e-02,1.515389e-01
0,0,0,7.098650e-02,1.517258e-01
0,0,0,6.874400e-02,7.681052e-02
0,0,0,7.146801e-02,9.865255e-02
0,0,0,5.558252e-02,1.432763e-02
0,0,0,6.149863e-02,6.853447e-02
0,0,0,1.597857e-02,3.267093e-02
0,0,0,3.891782e-02,4.376178e-02
0,0,0,2.461478e-02,2.266832e-02
0,0,0,5.392690e-03,3.205167e-02
0,0,0,7.060911e-02,1.918739e-03
0,0,0,2.930000e-03,3.077681e-02
0,0,0,4.199619e-02,8.376189e-02
0,0,0,1.431081e-01,1.351282e-01
0,0,0,1.292882e-01,1.827833e-01
0,0,0,1.288224e-01,5.002713e-02
0,0,0,1.394483e-01,6.796178e-02
0,0,0,1.760331e-01,1.720732e-01
0,0,0,2.109734e-01,2.165589e-01
0,0,0,3.011454e-01,1.308312e-01
0,0,0,3.390937e-01,1.942782e-01
0,0,0,5.288528e-02,6.321892e-02
0,0,0,4.991796e-02,2.043845e-01
0,0,0,2.520167e-01,1.387491e-01
0,0,0,2.339225e-01,2.981700e-01
0,0,0,2.598775e-02,3.329842e-01
0,0,0,3.307630e-01,3.105275e-01
0,0,0,3.428511e-01,3.422088e-01
0,0,0,1.185027e-01,6.844830e-02
0,0,0,3.786201e-02,4.620384e-02
0,0,0,3.923154e-01,1.576165e-01
0,0,0,4.857432e-01,8.133647e-03
0,0,0,3.658782e-01,3.611972e-01
0,0,0,5.155767e-02,2.856126e-01
0,0,0,3.485613e-01,5.951501e-01
0,0,0,1.582933e-01,5.804548e-01
0,0,0,1.098837e-01,1.177076e-01
0,0,0,5.425965e-01,6.821880e-01
0,0,0,6.871837e-01,2.383167e-01
0,0,0,2.029450e-01,2.938158e-01
0,0,0,2.520909e-01,1.256505e-01
0,0,0,3.530178e-01,2.851801e-01
0,0,0,1.312266e-01,7.759417e-01
0,0,0,6.565776e-01,3.651064e-02
0,0,0,7.699195e-01,2.597781e-01
0,0,0,2.770582e-01,8.680170e-01
0,0,0,7.773155e-01,4.860802e-01
0,0,0,3.392200e-01,2.140527e-01
0,0,0,7.852068e-01,1.089094e-01
0,0,0,2.159728e-01,1.187473e-01
0,0,0,3.726725e-01,7.882051e-01
0,0,0,3.824136e-02,5.279617e-01
0,0,0,6.891633e-01,7.036841e-01
0,0,0,7.462089e-01,7.159516e-02
0,0,0,7.179014e-01,6.805155e-01
0,0,0,6.081113e-01,3.026229e-01
0,0,0,2.417233e-01,5.504547e-01
0,0,0,2.961944e-01,2.502011e-01
0,0,0,5.634453e-01,5.037653e-01
0,0,0,3.649141e-01,2.180153e-01
0,0,0,3.685781e-01,3.617334e-01
0,0,0,3.851969e-01,3.463690e-01
0,0,0,1.189170e-01,6.052090e-02
0,0,0,3.995872e-02,1.438995e-01
0,0,0,4.938446e-01,6.492468e-01
0,0,0,6.694472e-01,3.068455e-01
0,0,0,1.411244e-01,6.267150e-01
0,0,0,4.334149e-01,3.568055e-03
0,0,0,1.518268e-01,2.810132e-01
0,0,0,4.588648e-01,5.021843e-01
0,0,0,6.408972e-01,2.777894e-01
0,0,0,2.935118e-01,5.635346e-02
0,0,0,6.205896e-01,4.836687e-01
0,0,0,5.649604e-01,1.986307e-01
0,0,0,1.802356e-02,1.714623e-02
0,0,0,2.319436e-02,3.978356e-01
0,0,0,5.494573e-01,1.339981e-01
0,0,0,1.729803e-01,1.741484e-01
0,0,0,1.743598e-01,4.456717e-01
0,0,0,1.604256e-01,3.586974e-01
0,0,0,4.326201e-01,1.657794e-01
0,0,0,3.632385e-01,6.022809e-01
0,0,0,3.298627e-01,3.549270e-01
0,0,0,1.930709e-01,8.177769e-03
0,0,0,4.702056e-01,3.036049e-01
0,0,0,4.256403e-01,3.519096e-01
0,0,0,3.441535e-01,4.712683e-01
0,0,0,3.616137e-01,3.166120e-01
0,0,0,3.923434e-01,2.076703e-01
0,0,0,4.137042e-01,4.620128e-01
0,0,0,2.648790e-01,8.421982e-03
0,0,0,9.938962e-02,4.851952e-01
0,0,0,5.385434e-02,1.731196e-01
0,0,0,2.363568e-01,2.263350e-01
0,0,0,7.465871e-02,4.566164e-01
0,0,0,3.594735e-01,4.140006e-01
0,0,0,3.375417e-02,1.610035e-01
0,0,0,3.551482e-01,2.864909e-01
0,0,0,1.008387e-01,1.989793e-01
0,0,0,3.045833e-01,2.805027e-01
0,0,0,2.713470e-01,1.519358e-01
0,0,0,2.865029e-01,1.769094e-01
0,0,0,6.665063e-02,9.995474e-03
0,0,0,1.298372e-01,1.028622e-01
0,0,0,1.687958e-01,1.364630e-01
0,0,0,6.726657e-02,1.528111e-01
0,0,0,1.564032e-01,2.786232e-02
0,0,0,2.009050e-01,2.102930e-01
0,0,0,5.456001e-02,9.175022e-02
0,0,0,5.600455e-02,7.577678e-03
0,0,0,1.285244e-01,1.502145e-02
0,0,0,1.170196e-01,2.274767e-01
0,0,0,7.842325e-02,1.963542e-01
0,0,0,1.255265e-01,8.527261e-02
0,0,0,1.211236e-01,4.539794e-02
0,0,0,1.757508e-01,4.779622e-02
0,0,0,5.327005e-02,1.227810e-01
0,0,0,1.330898e-01,1.123121e-01
0,0,0,8.834041e-02,7.187147e-02
0,0,0,3.045134e-03,1.154286e-01
0,0,0,5.576281e-02,6.591465e-02
0,0,0,8.462929e-03,3.827297e-02
0,0,0,5.332576e-02,4.339528e-02
0,0,0,4.798584e-02,3.351050e-02
0,0,0,2.796935e-02,2.221296e-02
0,0,0,1.906169e-02,6.562469e-02
0,0,0,1.812902e-02,2.439329e-02
0,0,0,2.843712e-02,2.105167e-02
0,0,0,2.585608e-02,1.589514e-02
0,0,0,4.305855e-03,9.571948e-04
0,0,0,1.424119e-02,2.616357e-03
0,0,0,3.371379e-03,1.288774e-03
0,0,0,5.763195e-03,3.690238e-03
0,0,0,7.240682e-04,4.963039e-04
0,0,0,1.684152e-04,2.925966e-04
0,0,0,4.724290e-05,7.848928e-06
0,0,0,1.225652e-04,3.776765e-04
0,0,0,1.985768e-01,3.354925e-02
0,0,0,5.006442e-01,2.871585e-01
0,0,0,9.506919e-03,4.639808e-01
0,0,0,2.234564e-01,3.702109e-01
0,0,0,2.953834e-01,5.183539e-01
0,0,0,1.730144e-01,5.101336e-01
0,0,0,1.393877e-01,1.517764e-01
0,0,0,7.987918e-03,8.068099e-02
0,0,0,4.020577e-01,3.070645e-01
0,0,0,4.321570e-01,1.321215e-01
0,0,0,5.882406e-02,2.658795e-01
0,0,0,2.114687e-01,1.316237e-01
0,0,0,5.715475e-01,9.495635e-02
0,0,0,2.439209e-01,3.309791e-01
0,0,0,5.447557e-01,2.643615e-01
0,0,0,5.621617e-01,9.760390e-02
0,0,0,7.592886e-02,2.128022e-01
0,0,0,2.517807e-01,4.218664e-01
0,0,0,4.238553e-01,4.986226e-01
0,0,0,2.008094e-02,5.404667e-01
0,0,0,5.415564e-01,1.339685e-01
0,0,0,5.950617e-01,5.567562e-01
0,0,0,6.702386e-02,2.571050e-01
0,0,0,4.299626e-01,5.646882e-01
0,0,0,1.881891e-01,6.762996e-02
0,0,0,5.215234e-01,1.287746e-01
0,0,0,2.484036e-01,4.149122e-01
0,0,0,9.110878e-02,3.615892e-01
0,0,0,6.782093e-02,5.738634e-01
0,0,0,4.270777e-01,1.030734e-01
0,0,0,8.823763e-02,3.873786e-01
0,0,0,4.051972e-01,6.279947e-01
0,0,0,2.346037e-01,8.808244e-02
0,0,0,4.574525e-02,5.447230e-01
0,0,0,3.091273e-03,5.945106e-01
0,0,0,3.997304e-01,9.576188e-02
0,0,0,4.913592e-01,2.614845e-01
0,0,0,2.129072e-01,1.855563e-01
0,0,0,4.563745e-01,5.887420e-01
0,0,0,6.282433e-01,5.071253e-01
0,0,0,4.964361e-01,4.741363e-01
0,0,0,6.731625e-01,1.965237e-03
0,0,0,5.104215e-01,9.063040e-02
0,0,0,3.062436e-01,5.868650e-01
0,0,0,7.350336e-02,4.204183e-01
0,0,0,2.843711e-01,3.858307e-01
0,0,0,3.075449e-01,3.841131e-01
0,0,0,3.494431e-01,5.089759e-01
0,0,0,4.714424e-01,6.086941e-01
0,0,0,2.370567e-01,1.920332e-01
0,0,0,6.342988e-01,5.891620e-01
0,0,0,6.523037e-01,4.876070e-01
0,0,0,6.097888e-04,2.293562e-01
0,0,0,4.144326e-01,4.199071e-01
0,0,0,4.002870e-01,4.616989e-01
0,0,0,2.687994e-01,6.713982e-01
0,0,0,7.016249e-01,2.807850e-01
0,0,0,3.735469e-01,3.526882e-01
0,0,0,5.298927e-01,2.651262e-01
0,0,0,3.557612e-01,4.902586e-01
0,0,0,3.800404e-01,6.327543e-01
0,0,0,2.007600e-01,4.376714e-02
0,0,0,6.685241e-01,6.770529e-01
0,0,0,5.244253e-01,1.859271e-01
0,0,0,2.962972e-01,3.142876e-01
0,0,0,4.457668e-01,3.501695e-01
0,0,0,2.659415e-01,2.288079e-01
0,0,0,5.048983e-01,5.919101e-01
0,0,0,3.166760e-01,1.832767e-01
0,0,0,5.261221e-01,3.386176e-01
0,0,0,4.812531e-01,2.215147e-01
0,0,0,4.213800e-01,2.187241e-01
0,0,0,4.086359e-01,2.059993e-02
0,0,0,6.138820e-02,3.723211e-01
0,0,0,6.513464e-02,4.358168e-01
0,0,0,3.252325e-01,1.480598e-01
0,0,0,4.261320e-01,2.159790e-01
0,0,0,1.318205e-01,7.478589e-02
0,0,0,4.325323e-01,3.299928e-01
0,0,0,7.035382e-02,1.189113e-01
0,0,0,1.779171e-01,3.997510e-01
0,0,0,3.257812e-01,7.808523e-03
0,0,0,1.134502e-01,1.812461e-01
0,0,0,4.346835e-01,5.583007e-02
0,0,0,2.733538e-01,3.161466e-01
0,0,0,7.850093e-02,1.396607e-01
0,0,0,1.561506e-01,3.268770e-01
0,0,0,4.055401e-01,4.054664e-01
0,0,0,7.649765e-02,1.998710e-01
0,0,0,3.068894e-01,7.381724e-02
0,0,0,3.032373e-01,1.635213e-02
0,0,0,1.652913e-01,2.270672e-01
0,0,0,3.945335e-01,4.598235e-01
0,0,0,3.554900e-01,1.585951e-02
0,0,0,3.048501e-01,1.117019e-01
0,0,0,2.953679e-01,2.933803e-01
0,0,0,7.863722e-02,2.590075e-01
0,0,0,1.449929e-01,6.012747e-02
0,0,0,1.288502e-01,8.665316e-02
0,0,0,1.433386e-01,1.183125e-02
0,0,0,1.144363e-01,2.519264e-02
0,0,0,1.100089e-01,1.381160e-01
0,0,0,6.258530e-02,5.084977e-02
0,0,0,7.783936e-02,1.153320e-02
0,0,0,4.599451e-03,3.186921e-02
0,0,0,8.915267e-04,4.490631e-03
0,0,0,8.696394e-03,1.041313e-02
0,0,0,3.912565e-03,3.259589e-03
0,0,0,2.038706e-03,1.642381e-03
0,0,0,2.245305e-04,1.241418e-04
0,0,0,1.024849e-03,7.689155e-04
0,0,0,2.994361e-03,3.682098e-03
0,0,0,4.980754e-03,1.062086e-02
0,0,0,1.766420e-02,2.148133e-02
0,0,0,1.297599e-02,3.252625e-05
0,0,0,4.261391e-02,2.948427e-02
0,0,0,5.895139e-03,2.564306e-02
0,0,0,2.940939e-03,3.880110e-02
0,0,0,5.454854e-02,4.619791e-02
0,0,0,4.035780e-02,2.027411e-02
0,0,0,5.304119e-02,1.382733e-01
0,0,0,1.402510e-01,1.420754e-02
0,0,0,1.806948e-01,1.400440e-01
0,0,0,7.250956e-02,8.249486e-02
0,0,0,1.537450e-01,5.736446e-02
0,0,0,3.674176e-02,1.848070e-01
0,0,0,9.740609e-02,5.221610e-02
0,0,0,3.842628e-02,9.839298e-03
0,0,0,1.323223e-01,2.566043e-01
0,0,0,5.142207e-02,3.404848e-01
0,0,0,3.396385e-01,2.630676e-01
0,0,0,2.697331e-01,3.305487e-01
0,0,0,3.231200e-01,2.501456e-01
0,0,0,2.170165e-01,4.599979e-01
0,0,0,4.865362e-01,1.202213e-01
0,0,0,4.356121e-01,9.613627e-02
0,0,0,1.657276e-01,4.082850e-01
0,0,0,3.534724e-01,3.766518e-01
0,0,0,3.942633e-01,5.163233e-01
0,0,0,6.849809e-01,5.924320e-01
0,0,0,4.879795e-02,4.929362e-01
0,0,0,3.227063e-01,6.496445e-01
0,0,0,2.393761e-01,4.220877e-01
0,0,0,5.568140e-01,3.503387e-02
0,0,0,7.401662e-01,6.425664e-01
0,0,0,7.175093e-01,5.608589e-01
0,0,0,9.277913e-01,8.085278e-01
0,0,0,8.109201e-01,8.992207e-01
0,0,0,5.707062e-01,1.811363e-01
0,0,0,1.082007e-01,7.696192e-01
0,0,0,8.106657e-01,8.025869e-01
0,0,0,7.171531e-01,7.946415e-01
0,0,0,6.336636e-01,5.615866e-01
0,0,0,8.942022e-01,4.130243e-03
0,0,0,2.396335e-01,1.925709e-01
0,0,0,8.051253e-01,5.508843e-01
0,0,0,5.263450e-01,2.510963e-01
0,0,0,2.949351e-01,7.821105e-01
0,0,0,8.386614e-01,7.275740e-01
0,0,0,8.659069e-01,3.361867e-01
0,0,0,2.870457e-01,7.165300e-01
0,0,0,5.901959e-01,9.070025e-01
0,0,0,2.383369e-01,6.544733e-01
0,0,0,2.201900e-02,4.980756e-01
0,0,0,4.539513e-01,6.596858e-01
0,0,0,2.158516e-01,3.917463e-01
0,0,0,6.437787e-01,2.249882e-01
0,0,0,8.610456e-01,8.749096e-01
0,0,0,2.855199e-01,2.301856e-01
0,0,0,6.276442e-01,3.038239e-01
0,0,0,7.373283e-01,8.021767e-01
0,0,0,6.009190e-01,4.074746e-01
0,0,0,2.046744e-01,5.357455e-01
0,0,0,2.069762e-02,7.036749e-01
0,0,0,7.587309e-01,7.661486e-01
0,0,0,5.530179e-01,7.582507e-01
0,0,0,2.941517e-02,1.321541e-01
0,0,0,3.346572e-01,3.371005e-01
0,0,0,3.699723e-01,5.042552e-02
0,0,0,1.429836e-01,2.564055e-02
0,0,0,4.721838e-01,6.346137e-01
0,0,0,3.035610e-01,6.783376e-01
0,0,0,5.165604e-01,6.533770e-01
0,0,0,2.754523e-01,5.071382e-01
0,0,0,6.713020e-01,2.959475e-01
0,0,0,4.365595e-01,5.985420e-01
0,0,0,2.300501e-01,2.218053e-01
0,0,0,6.193724e-02,4.795924e-01
0,0,0,1.706918e-01,1.254828e-01
0,0,0,9.224790e-02,7.631893e-02
0,0,0,4.769132e-01,7.145282e-02
0,0,0,1.879308e-01,2.883694e-01
0,0,0,5.723582e-02,4.301321e-01
0,0,0,2.603202e-01,4.000382e-01
0,0,0,5.726221e-01,2.940757e-01
0,0,0,6.795630e-02,8.050260e-02
0,0,0,7.949060e-02,1.562857e-01
0,0,0,5.190046e-01,5.721385e-01
0,0,0,4.320723e-01,2.055475e-01
0,0,0,6.142020e-02,2.421448e-02
0,0,0,2.547064e-01,6.828724e-02
0,0,0,6.793020e-03,1.482233e-01
0,0,0,2.859455e-01,2.429134e-01
0,0,0,2.791976e-01,1.903854e-01
0,0,0,1.329212e-01,2.216298e-01
0,0,0,1.306812e-01,1.612701e-01
0,0,0,2.324422e-01,6.004165e-02
0,0,0,1.061219e-01,2.695724e-02
0,0,0,2.839243e-01,9.319991e-02
0,0,0,3.014788e-01,4.063830e-02
0,0,0,7.404140e-04,1.401083e-01
0,0,0,1.578592e-01,2.007729e-02
0,0,0,2.710274e-01,2.621575e-01
0,0,0,2.519466e-01,3.224070e-01
0,0,0,2.787246e-01,1.468241e-01
0,0,0,3.584571e-01,1.377622e-01
0,0,0,3.155591e-02,3.431759e-01
0,0,0,2.138511e-01,2.267799e-01
0,0,0,1.882782e-01,3.372187e-01
0,0,0,9.290847e-02,3.638263e-02
0,0,0,4.088919e-01,1.992224e-01
0,0,0,3.859202e-01,1.277721e-01
0,0,0,3.809187e-01,3.581876e-01
0,0,0,4.059417e-01,9.699548e-02
0,0,0,7.753696e-02,2.966954e-01
0,0,0,2.295597e-01,2.645065e-02
0,0,0,1.499093e-01,1.796349e-01
0,0,0,1.214600e-01,2.804547e-01
0,0,0,4.543093e-01,1.011766e-02
0,0,0,4.292704e-01,2.000760e-01
0,0,0,4.280267e-01,9.677099e-02
0,0,0,4.608370e-01,5.104047e-01
0,0,0,4.916665e-01,3.292166e-01
0,0,0,2.869343e-01,4.014241e-01
0,0,0,1.515980e-01,3.081280e-01
0,0,0,4.940298e-01,7.522149e-02
0,0,0,2.616233e-01,1.296157e-01
0,0,0,2.700412e-01,4.074219e-01
0,0,0,1.951560e-01,3.586939e-02
0,0,0,1.822193e-01,1.155490e-02
0,0,0,3.703038e-02,4.695302e-01
0,0,0,3.447644e-01,2.355561e-01
0,0,0,2.801451e-01,4.999825e-01
0,0,0,5.472532e-01,2.982333e-01
0,0,0,2.230350e-01,1.041972e-01
0,0,0,4.831429e-01,5.248309e-02
0,0,0,1.201693e-01,1.495614e-01
0,0,0,2.193457e-01,1.223629e-01
0,0,0,3.549694e-01,8.259938e-02
0,0,0,4.117308e-01,2.253055e-02
0,0,0,1.044455e-01,2.370632e-01
0,0,0,7.523197e-02,9.318997e-02
0,0,0,1.383146e-01,2.923357e-01
0,0,0,6.740599e-02,2.695754e-01
0,0,0,2.212084e-01,2.846982e-01
0,0,0,1.532234e-02,5.192432e-02
0,0,0,2.676639e-01,1.954610e-01
0,0,0,2.452922e-01,3.020827e-02
0,0,0,2.678986e-01,1.562521e-01
0,0,0,2.919459e-01,1.206854e-01
0,0,0,1.876917e-01,1.522292e-01
0,0,0,2.020441e-01,1.233559e-02
0,0,0,2.769684e-02,2.039153e-01
0,0,0,1.741793e-01,3.421430e-01
0,0,0,1.932024e-02,1.338185e-01
0,0,0,1.492612e-01,4.216231e-01
0,0,0,2.222021e-01,2.301332e-01
0,0,0,2.050295e-01,4.834624e-01
0,0,0,2.763005e-01,9.631420e-02
0,0,0,2.338811e-01,3.901719e-01
0,0,0,5.376593e-01,3.044414e-01
0,0,0,6.741868e-01,6.433600e-01
0,0,0,5.499274e-01,6.817192e-01
0,0,0,4.800954e-01,4.735808e-01
0,0,0,7.042277e-01,4.388600e-01
0,0,0,5.814390e-01,5.765423e-01
0,0,0,1.530340e-01,7.329166e-03
0,0,0,2.054989e-01,5.959219e-01
0,0,0,2.581074e-01,8.125746e-01
0,0,0,3.540790e-01,8.019393e-01
0,0,0,3.064702e-01,2.111519e-01
0,0,0,4.770537e-01,1.803459e-01
0,0,0,9.621582e-03,4.727467e-01
0,0,0,4.751642e-01,6.767249e-01
0,0,0,8.740756e-01,9.750992e-03
0,0,0,5.107171e-01,7.537579e-01
0,0,0,7.033237e-01,7.244218e-01
0,0,0,8.644937e-01,3.333227e-01
0,0,0,2.355200e-01,2.363198e-01
0,0,0,8.044452e-02,2.778528e-01
0,0,0,1.463932e-01,6.851818e-01
0,0,0,1.442695e-01,4.585195e-01
0,0,0,3.676866e-01,7.014695e-01
0,0,0,2.170150e-01,3.964784e-01
0,0,0,5.872050e-01,5.819309e-01
0,0,0,4.218180e-01,3.845640e-01
0,0,0,4.673609e-01,1.308666e-01
0,0,0,8.152237e-01,2.587934e-01
0,0,0,2.379100e-01,6.173765e-01
0,0,0,6.526626e-01,5.479350e-01
0,0,0,7.548291e-01,6.730647e-01
0,0,0,3.920491e-01,4.479595e-03
0,0,0,1.368844e-02,5.669988e-01
0,0,0,1.983056e-01,5.785086e-01
0,0,0,2.374054e-01,3.798471e-01
0,0,0,1.561750e-01,6.336821e-01
0,0,0,7.097291e-02,5.387165e-01
0,0,0,1.325534e-01,1.588283e-02
0,0,0,5.212873e-01,2.429145e-01
0,0,0,1.435411e-01,4.903066e-01
0,0,0,7.843449e-03,1.427119e-01
0,0,0,6.353155e-01,5.977124e-01
0,0,0,5.100173e-02,3.016117e-01
0,0,0,2.547157e-02,6.079842e-02
0,0,0,3.037252e-01,2.777238e-01
0,0,0,2.402317e-01,3.998322e-01
0,0,0,5.134304e-02,7.630812e-02
0,0,0,2.029670e-01,4.797407e-02
0,0,0,7.840436e-02,5.413777e-01
0,0,0,7.555933e-01,7.894704e-01
0,0,0,4.752766e-02,6.081534e-01
0,0,0,9.549937e-03,8.285549e-01
0,0,0,5.754666e-01,5.748585e-01
0,0,0,7.323800e-01,6.153456e-01
0,0,0,6.901874e-01,2.302811e-01
0,0,0,8.149492e-01,2.534792e-01
0,0,0,1.292168e-01,1.636179e-01
0,0,0,9.428728e-02,7.752787e-02
0,0,0,6.436275e-01,7.532158e-01
0,0,0,3.730828e-01,3.485269e-02
0,0,0,8.083408e-01,2.817828e-01
0,0,0,1.149195e-01,7.056314e-01
0,0,0,9.176555e-01,1.435615e-01
0,0,0,2.183713e-01,5.683633e-02
0,0,0,7.510215e-01,7.988626e-01
0,0,0,6.976663e-01,6.065591e-01
0,0,0,4.137205e-01,5.204517e-01
0,0,0,4.048670e-02,2.622953e-01
0,0,0,6.746511e-01,7.078301e-01
0,0,0,5.765432e-01,3.806911e-01
0,0,0,8.520867e-01,2.222236e-01
0,0,0,7.229806e-02,1.309745e-01
0,0,0,2.789215e-01,7.479646e-01
0,0,0,6.295828e-02,7.063905e-01
0,0,0,1.651543e-01,3.529745e-02
0,0,0,9.297965e-01,7.390090e-01
0,0,0,2.991739e-01,7.556211e-01
0,0,0,7.476650e-01,4.405424e-01
0,0,0,2.989880e-02,6.855675e-01
0,0,0,3.419828e-01,9.509256e-01
0,0,0,2.904727e-01,4.917136e-01
0,0,0,3.297868e-01,4.430755e-01
0,0,0,2.943969e-01,5.370776e-01
0,0,0,6.834893e-01,6.804715e-01
0,0,0,1.508371e-01,8.202518e-01
0,0,0,4.572885e-01,3.515373e-01
0,0,0,8.296738e-01,4.663113e-01
0,0,0,9.384829e-02,3.649829e-01
0,0,0,1.167905e-01,7.318525e-01
0,0,0,5.287761e-02,1.893118e-01
0,0,0,5.405635e-01,3.732895e-01
0,0,0,5.642381e-01,3.376835e-01
0,0,0,5.990499e-01,2.040258e-01
0,0,0,3.044465e-01,1.313075e-01
0,0,0,4.221115e-02,4.128746e-01
0,0,0,3.881727e-01,5.714807e-01
0,0,0,4.701190e-01,2.599671e-01
0,0,0,2.832188e-02,3.074966e-01
0,0,0,1.989399e-01,4.937376e-01
0,0,0,4.722188e-01,2.455234e-01
0,0,0,2.268114e-01,8.070902e-02
0,0,0,2.175496e-01,1.860593e-01
0,0,0,2.436661e-01,2.806507e-01
0,0,0,1.660403e-02,4.061000e-01
0,0,0,8.904035e-02,1.107859e-01
0,0,0,1.145703e-01,2.741007e-01
0,0,0,2.954099e-02,1.928148e-01
0,0,0,3.559531e-01,2.636362e-01
0,0,0,2.380412e-02,1.671948e-01
0,0,0,3.067878e-01,2.058880e-02
0,0,0,1.853060e-02,1.962743e-01
0,0,0,3.507641e-02,1.537267e-02
0,0,0,2.526062e-01,3.157902e-02
0,0,0,1.759106e-01,3.054876e-02
0,0,0,2.037645e-01,1.656173e-01
0,0,0,2.159803e-01,1.731575e-01
0,0,0,2.073997e-02,1.149054e-01
0,0,0,4.260054e-02,1.319138e-01
0,0,0,1.150772e-01,3.827639e-02
0,0,0,6.614392e-02,1.131200e-01
0,0,0,8.683761e-03,1.086729e-01
0,0,0,1.077970e-01,3.515440e-02
0,0,0,5.041251e-02,9.008012e-02
0,0,0,4.903963e-02,3.630925e-02
0,0,0,5.720918e-02,9.130603e-03
0,0,0,2.868686e-02,4.835440e-02
0,0,0,1.680955e-02,2.050512e-02
0,0,0,1.737344e-02,1.114381e-02
0,0,0,1.261119e-02,1.078692e-02
0,0,0,1.647470e-05,0
0,0,0,2.298721e-01,3.247005e-01
0,0,0,2.986370e-01,9.404764e-02
0,0,0,2.007136e-01,6.783686e-02
0,0,0,1.062962e-01,3.135683e-01
0,0,0,1.904617e-01,9.261282e-02
0,0,0,2.706578e-01,6.460702e-02
0,0,0,2.167202e-01,1.445514e-01
0,0,0,5.306055e-02,3.793505e-02
0,0,0,1.111270e-01,1.469488e-01
0,0,0,6.449238e-02,2.413215e-01
0,0,0,1.476287e-01,4.247564e-02
0,0,0,2.712995e-01,1.614794e-01
0,0,0,5.901074e-02,2.515383e-01
0,0,0,5.853328e-03,1.718636e-01
0,0,0,2.138844e-01,1.702909e-01
0,0,0,1.192427e-01,1.513769e-01
0,0,0,6.003519e-02,1.882666e-01
0,0,0,9.496708e-03,5.337405e-02
0,0,0,1.034471e-01,2.153163e-01
0,0,0,1.834627e-01,1.091753e-01
0,0,0,2.024153e-01,2.647371e-02
0,0,0,7.937798e-05,1.179212e-01
0,0,0,1.391677e-01,1.647195e-01
0,0,0,1.870499e-01,1.493481e-01
0,0,0,1.419998e-01,9.733306e-02
0,0,0,1.366552e-01,1.545150e-01
0,0,0,2.526580e-02,5.038283e-02
0,0,0,8.044931e-02,1.006866e-01
0,0,0,2.612458e-02,7.001240e-02
0,0,0,6.688025e-02,9.302985e-02
0,0,0,4.078393e-02,5.422864e-03
0,0,0,6.766562e-02,7.363332e-02
0,0,0,5.685568e-02,4.028184e-03
0,0,0,7.934029e-03,6.425854e-02
0,0,0,5.558614e-03,5.663838e-02
0,0,0,4.186112e-02,1.048100e-02
0,0,0,2.622522e-02,5.186113e-02
0,0,0,1.170872e-02,4.023133e-02
0,0,0,2.974483e-02,7.256455e-03
0,0,0,3.361565e-02,6.161614e-03
0,0,0,5.617589e-02,2.526764e-02
0,0,0,2.357510e-02,6.876004e-03
0,0,0,6.523845e-02,7.072792e-02
0,0,0,1.403745e-02,6.629729e-02
0,0,0,1.683894e-02,8.391143e-02
0,0,0,8.075123e-02,1.809689e-02
0,0,0,1.258978e-02,8.016242e-02
0,0,0,1.617142e-02,6.647733e-03
0,0,0,7.155482e-02,2.458591e-02
0,0,0,3.355590e-02,6.076947e-02
0,0,0,5.790484e-02,5.136731e-03
0,0,0,3.427308e-02,1.231245e-02
0,0,0,4.521472e-02,4.028148e-02
0,0,0,7.027105e-03,4.412707e-02
0,0,0,3.563955e-02,2.142025e-02
0,0,0,1.314183e-02,1.115755e-02
0,0,0,1.096140e-02,3.082386e-03
0,0,0,1.838751e-03,2.578247e-03
0,0,0,3.436294e-03,4.291626e-04
0,0,0,9.333050e-04,6.896982e-04
0,0,0,2.404911e-05,0
0,0,0,3.147442e-04,5.847225e-04
0,0,0,1.077201e-03,1.962118e-04
0,0,0,4.178829e-03,5.908530e-03
0,0,0,6.109326e-03,9.799413e-03
0,0,0,9.494136e-03,2.023376e-02
0,0,0,1.027509e-03,1.460250e-02
0,0,0,4.761462e-03,2.753470e-02
0,0,0,1.645379e-02,1.457350e-02
0,0,0,5.322524e-02,1.557536e-02
0,0,0,2.184040e-02,3.718881e-02
0,0,0,2.809143e-02,5.177690e-03
0,0,0,4.816633e-02,5.727867e-02
0,0,0,1.006356e-01,4.188986e-02
0,0,0,2.215641e-04,4.128159e-02
0,0,0,1.264163e-01,1.588904e-01
0,0,0,9.815561e-02,2.165036e-01
0,0,0,2.850603e-01,1.761911e-01
0,0,0,3.323855e-01,3.226031e-01
0,0,0,1.334254e-02,3.164295e-01
0,0,0,3.576412e-01,4.225615e-01
0,0,0,2.935598e-01,5.642959e-02
0,0,0,1.750206e-01,2.831173e-01
0,0,0,7.719476e-02,4.637524e-01
0,0,0,4.649261e-01,3.419537e-01
0,0,0,5.420351e-01,1.995680e-01
0,0,0,2.153866e-01,5.106335e-01
0,0,0,5.500347e-01,1.236498e-01
0,0,0,2.584333e-01,1.705919e-01
0,0,0,5.512210e-01,5.395144e-01
0,0,0,2.361969e-01,5.723462e-01
0,0,0,8.137918e-01,1.605724e-01
0,0,0,8.459579e-01,3.803556e-01
0,0,0,3.962905e-01,8.264379e-01
0,0,0,6.627966e-01,9.321588e-01
0,0,0,6.329471e-01,6.965398e-01
0,0,0,4.573074e-01,5.132098e-01
0,0,0,7.508402e-01,8.055919e-01
0,0,0,2.665276e-01,1.918033e-01
0,0,0,5.904818e-01,9.668611e-01
0,0,0,9.251742e-02,2.050630e-01
0,0,0,6.940516e-01,8.241390e-01
0,0,0,5.579629e-01,7.190668e-01
0,0,0,1.238036e-01,5.670258e-01
0,0,0,2.797529e-01,4.283767e-01
0,0,0,3.948361e-01,6.680433e-01
0,0,0,7.946967e-01,3.360142e-01
0,0,0,4.343522e-01,7.704420e-01
0,0,0,3.267816e-01,5.190503e-01
0,0,0,9.179018e-02,9.780688e-02
0,0,0,4.274971e-01,6.006691e-01
0,0,0,5.205904e-01,5.935615e-01
0,0,0,9.818425e-02,3.355007e-01
0,0,0,5.342205e-01,3.144440e-01
0,0,0,5.882453e-01,5.772397e-01
0,0,0,5.138247e-01,4.429863e-01
0,0,0,1.582818e-01,2.429183e-01
0,0,0,1.099701e-01,3.499127e-01
0,0,0,1.424134e-01,2.654640e-01
0,0,0,2.054407e-01,4.459717e-01
0,0,0,1.424695e-01,1.624248e-01
0,0,0,3.222602e-01,9.209836e-02
0,0,0,2.159808e-01,2.740491e-01
0,0,0,8.888885e-02,3.696698e-01
0,0,0,1.923500e-01,1.815005e-01
0,0,0,1.984514e-01,5.570208e-02
0,0,0,2.728399e-03,1.488056e-01
0,0,0,2.862928e-01,2.112090e-01
0,0,0,2.325649e-01,1.779875e-01
0,0,0,5.407176e-02,2.566492e-01
0,0,0,2.757358e-01,2.227908e-01
0,0,0,1.432482e-01,4.089713e-02
0,0,0,2.781216e-01,1.894204e-01
0,0,0,2.254868e-01,1.185306e-01
0,0,0,1.528757e-01,1.695649e-01
0,0,0,7.012474e-02,1.920045e-01
0,0,0,7.773141e-03,8.847059e-02
0,0,0,7.239353e-02,9.010517e-02
0,0,0,2.834074e-02,1.562948e-01
0,0,0,1.928782e-01,7.497533e-02
0,0,0,1.390645e-02,9.695964e-03
0,0,0,7.161087e-02,1.404633e-02
0,0,0,2.136793e-01,1.005679e-02
0,0,0,2.030134e-01,2.132405e-01
0,0,0,1.809969e-02,6.799408e-02
0,0,0,1.179745e-01,1.709254e-01
0,0,0,1.863116e-01,1.523704e-01
0,0,0,1.139947e-01,3.103492e-02
0,0,0,1.623256e-01,6.195592e-02
0,0,0,2.131230e-01,8.759349e-02
0,0,0,7.802241e-02,1.054027e-01
0,0,0,2.522522e-02,2.167560e-01
0,0,0,2.297651e-02,4.091502e-02
0,0,0,5.638843e-02,2.454762e-01
0,0,0,2.506390e-01,1.464621e-01
0,0,0,2.287553e-01,2.374483e-01
0,0,0,2.189604e-01,2.089021e-01
0,0,0,3.436393e-02,1.066471e-01
0,0,0,1.273572e-01,7.695553e-02
0,0,0,1.183783e-01,7.678029e-02
0,0,0,1.656136e-01,3.456400e-01
0,0,0,7.819092e-02,1.725359e-01
0,0,0,3.075965e-01,1.274331e-01
0,0,0,3.052667e-01,2.925378e-01
0,0,0,1.336457e-02,3.424481e-01
0,0,0,3.725566e-01,2.226789e-01
0,0,0,1.393159e-01,3.298800e-01
0,0,0,2.231685e-01,9.388446e-02
0,0,0,3.736599e-01,1.368077e-01
0,0,0,1.154189e-01,2.368061e-01
0,0,0,2.560889e-02,1.714555e-01
0,0,0,3.384102e-01,3.320767e-01
0,0,0,2.727323e-01,5.260635e-02
0,0,0,1.737246e-01,3.275837e-01
0,0,0,2.740086e-01,1.667449e-01
0,0,0,3.028873e-01,5.129674e-02
0,0,0,4.088061e-01,2.436274e-01
0,0,0,1.145570e-01,1.207363e-01
0,0,0,3.212404e-01,3.282099e-01
0,0,0,4.219393e-01,1.109549e-01
0,0,0,4.129211e-01,3.452698e-01
0,0,0,2.103503e-01,3.204072e-02
0,0,0,2.783576e-01,3.022671e-01
0,0,0,2.759191e-01,3.371561e-01
0,0,0,3.639100e-02,3.921188e-02
0,0,0,8.672669e-04,3.936984e-01
0,0,0,1.523368e-01,1.075925e-01
0,0,0,1.285856e-01,2.646614e-01
0,0,0,2.041073e-01,4.745947e-01
0,0,0,2.899810e-01,4.703967e-01
0,0,0,3.351173e-01,4.820683e-01
0,0,0,2.557814e-01,1.775813e-01
0,0,0,4.811238e-01,4.283654e-01
0,0,0,4.870573e-01,1.266766e-01
0,0,0,6.042657e-02,7.946077e-02
0,0,0,1.351804e-01,1.526089e-01
0,0,0,5.229476e-01,1.075791e-01
0,0,0,5.133715e-01,1.772636e-01
0,0,0,4.718473e-02,1.815799e-01
0,0,0,4.193282e-01,1.352211e-01
