6.801447e-01,6.780603e-01,6.759758e-01,6.738914e-01,6.718069e-01
6.697225e-01,6.676380e-01,6.655536e-01,6.634691e-01,6.613847e-01
6.593002e-01,6.572158e-01,6.551313e-01,6.530469e-01,6.509624e-01
6.488780e-01,6.467935e-01,6.447091e-01,6.426246e-01,6.405402e-01
6.384557e-01,6.363713e-01,6.342868e-01,6.322024e-01,6.301179e-01
6.280335e-01,6.259490e-01,6.238645e-01,6.217801e-01,6.196956e-01
6.176112e-01,6.155267e-01,6.134423e-01,6.113578e-01,6.092734e-01
6.071889e-01,6.051045e-01,6.030200e-01,6.009356e-01,5.988511e-01
5.967667e-01,5.946822e-01,5.925978e-01,5.905133e-01,5.884289e-01
5.863444e-01,5.842600e-01,5.821755e-01,5.800911e-01,5.780066e-01
5.759222e-01,5.738377e-01,5.717533e-01,5.696688e-01,5.675844e-01
5.654999e-01,5.634155e-01,5.613310e-01,5.592466e-01,5.571621e-01
5.550777e-01,5.529932e-01,5.509088e-01,5.488243e-01,5.467399e-01
5.446554e-01,5.425709e-01,5.404865e-01,5.384020e-01,5.363176e-01
5.342331e-01,5.321487e-01,5.300642e-01,5.279798e-01,5.258953e-01
5.238109e-01,5.217264e-01,5.196420e-01,5.175575e-01,5.154731e-01
5.133886e-01,5.113042e-01,5.092197e-01,5.071353e-01,5.050508e-01
5.029664e-01,5.008819e-01,4.987975e-01,4.967130e-01,4.946286e-01
4.925441e-01,4.904597e-01,4.883752e-01,4.862908e-01,4.842063e-01
4.821219e-01,4.800374e-01,4.779530e-01,4.758685e-01,4.737841e-01
4.719091e-01,4.698945e-01,4.677925e-01,4.656362e-01,4.634467e-01
4.612617e-01,4.590471e-01,4.568532e-01,4.546407e-01,4.524875e-01
4.503197e-01,4.481872e-01,4.460944e-01,4.440263e-01,4.419832e-01
4.399761e-01,4.379768e-01,4.360135e-01,4.340634e-01,4.321271e-01
4.301825e-01,4.282907e-01,4.263899e-01,4.244794e-01,4.225741e-01
4.206704e-01,4.187484e-01,4.168073e-01,4.148320e-01,4.128640e-01
4.108903e-01,4.089321e-01,4.069442e-01,4.049360e-01,4.029125e-01
4.008751e-01,3.988445e-01,3.967890e-01,3.946981e-01,3.926073e-01
3.904897e-01,3.883649e-01,3.861899e-01,3.839881e-01,3.817755e-01
3.795465e-01,3.772861e-01,3.749808e-01,3.726379e-01,3.702591e-01
3.678405e-01,3.653738e-01,3.628688e-01,3.603480e-01,3.578258e-01
3.552519e-01,3.526544e-01,3.500461e-01,3.474134e-01,3.447684e-01
3.421061e-01,3.394344e-01,3.367309e-01,3.340017e-01,3.312568e-01
3.285166e-01,3.257490e-01,3.229338e-01,3.201601e-01,3.173917e-01
3.145981e-01,3.118058e-01,3.089977e-01,3.061772e-01,3.033780e-01
3.005710e-01,2.977634e-01,2.949108e-01,2.920618e-01,2.892039e-01
2.863436e-01,2.834582e-01,2.805689e-01,2.777001e-01,2.748278e-01
2.719752e-01,2.691490e-01,2.663617e-01,2.635863e-01,2.608595e-01
2.581809e-01,2.555546e-01,2.529582e-01,2.504246e-01,2.479319e-01
2.455012e-01,2.431418e-01,2.408344e-01,2.385640e-01,2.361105e-01
2.338194e-01,2.316127e-01,2.295083e-01,2.274755e-01,2.255183e-01
2.236509e-01,2.218128e-01,2.200703e-01,2.183089e-01,2.166540e-01
2.150310e-01,2.134661e-01,2.119071e-01,2.103898e-01,2.088718e-01
2.073822e-01,2.059067e-01,2.044405e-01,2.030131e-01,2.016175e-01
2.002268e-01,1.988671e-01,1.975809e-01,1.963158e-01,1.950973e-01
1.939059e-01,1.927818e-01,1.916992e-01,1.906207e-01,1.895603e-01
1.885227e-01,1.875218e-01,1.865502e-01,1.855883e-01,1.846230e-01
1.836313e-01,1.826470e-01,1.817578e-01,1.808890e-01,1.800720e-01
1.792738e-01,1.785259e-01,1.778341e-01,1.771821e-01,1.765525e-01
1.759657e-01,1.754293e-01,1.749489e-01,1.745016e-01,1.741239e-01
1.738645e-01,1.736668e-01,1.735430e-01,1.734761e-01,1.735345e-01
1.736482e-01,1.738141e-01,1.740339e-01,1.742875e-01,1.745836e-01
1.748692e-01,1.751393e-01,1.753892e-01,1.755968e-01,1.757652e-01
1.759389e-01,1.762111e-01,1.765081e-01,1.768574e-01,1.773466e-01
1.779012e-01,1.785492e-01,1.793209e-01,1.801823e-01,1.811714e-01
1.823001e-01,1.836040e-01,1.850470e-01,1.865780e-01,1.881932e-01
1.899400e-01,1.918306e-01,1.938283e-01,1.959991e-01,1.983058e-01
2.007488e-01,2.032899e-01,2.059847e-01,2.088468e-01,2.118179e-01
2.148661e-01,2.180323e-01,2.212986e-01,2.246797e-01,2.281336e-01
2.316503e-01,2.352524e-01,2.389573e-01,2.427244e-01,2.465405e-01
2.504309e-01,2.543607e-01,2.584241e-01,2.625314e-01,2.667403e-01
2.710443e-01,2.753952e-01,2.798699e-01,2.843666e-01,2.889268e-01
2.934632e-01,2.980481e-01,3.026652e-01,3.073414e-01,3.120206e-01
3.167143e-01,3.214434e-01,3.261496e-01,3.308473e-01,3.354696e-01
3.400616e-01,3.445614e-01,3.489998e-01,3.533454e-01,3.576126e-01
3.617500e-01,3.657966e-01,3.697107e-01,3.734957e-01,3.771361e-01
3.806249e-01,3.839566e-01,3.871530e-01,3.902082e-01,3.931305e-01
3.959337e-01,3.985308e-01,4.009349e-01,4.031508e-01,4.051751e-01
4.070074e-01,4.085246e-01,4.098963e-01,4.110558e-01,4.119799e-01
4.125982e-01,4.130702e-01,4.133004e-01,4.132696e-01,4.129209e-01
4.123287e-01,4.113710e-01,4.102000e-01,4.087187e-01,4.068622e-01
4.048324e-01,4.025050e-01,3.999054e-01,3.970300e-01,3.939002e-01
3.905818e-01,3.870093e-01,3.834478e-01,3.796616e-01,3.757748e-01
3.717610e-01,3.676733e-01,3.634344e-01,3.589126e-01,3.543475e-01
3.495858e-01,3.447052e-01,3.398052e-01,3.347821e-01,3.295768e-01
3.241546e-01,3.187102e-01,3.132234e-01,3.075881e-01,3.018775e-01
2.962227e-01,2.905498e-01,2.847152e-01,2.789591e-01,2.731763e-01
2.674209e-01,2.616455e-01,2.558191e-01,2.500072e-01,2.441563e-01
2.384485e-01,2.326971e-01,2.270080e-01,2.213871e-01,2.158399e-01
2.103643e-01,2.050284e-01,1.997252e-01,1.945807e-01,1.895012e-01
1.846001e-01,1.798731e-01,1.751802e-01,1.706508e-01,1.661137e-01
1.617570e-01,1.573609e-01,1.530592e-01,1.488117e-01,1.446946e-01
1.406816e-01,1.366873e-01,1.327343e-01,1.288652e-01,1.251263e-01
1.214351e-01,1.177697e-01,1.141526e-01,1.105194e-01,1.069874e-01
1.034278e-01,9.984956e-02,9.639810e-02,9.303526e-02,8.962141e-02
8.630931e-02,8.303268e-02,7.976952e-02,7.661953e-02,7.359391e-02
7.053264e-02,6.750072e-02,6.453912e-02,6.167246e-02,5.881860e-02
5.601619e-02,5.330347e-02,5.061072e-02,4.786130e-02,4.513510e-02
4.257118e-02,4.001344e-02,3.759684e-02,3.524010e-02,3.297034e-02
3.075922e-02,2.869225e-02,2.666235e-02,2.470023e-02,2.281648e-02
2.116203e-02,1.956295e-02,1.792277e-02,1.647590e-02,1.500139e-02
1.356071e-02,1.223126e-02,1.101934e-02,9.795220e-03,8.586149e-03
7.631267e-03,6.635342e-03,5.802849e-03,5.020102e-03,4.295942e-03
3.514022e-03,2.785053e-03,2.294135e-03,1.779288e-03,1.439778e-03
1.171776e-03,7.876800e-04,4.409112e-04,1.796644e-04,1.321909e-04
6.845676e-05,0,1.460672e-04,5.046063e-04,7.951646e-04
1.093186e-03,1.606431e-03,2.136307e-03,2.771016e-03,3.496404e-03
4.223452e-03,5.020568e-03,5.866817e-03,6.863279e-03,7.860322e-03
9.024569e-03,1.015026e-02,1.136894e-02,1.269695e-02,1.400891e-02
1.534818e-02,1.668147e-02,1.799450e-02,1.941627e-02,2.093671e-02
2.239184e-02,2.393627e-02,2.534764e-02,2.692493e-02,2.835748e-02
2.991146e-02,3.155174e-02,3.332582e-02,3.499362e-02,3.669252e-02
3.851961e-02,4.032139e-02,4.223925e-02,4.399352e-02,4.577272e-02
4.769631e-02,4.955146e-02,5.153907e-02,5.354400e-02,5.578518e-02
5.808330e-02,6.044403e-02,6.277016e-02,6.511200e-02,6.742390e-02
6.977829e-02,7.224109e-02,7.463525e-02,7.700855e-02,7.962906e-02
8.218171e-02,8.490048e-02,8.763449e-02,9.034635e-02,9.310572e-02
9.587892e-02,9.871502e-02,1.018161e-01,1.050069e-01,1.082606e-01
1.115381e-01,1.146645e-01,1.179827e-01,1.213296e-01,1.247966e-01
1.281587e-01,1.316437e-01,1.353625e-01,1.390240e-01,1.427891e-01
1.464255e-01,1.503487e-01,1.543112e-01,1.583037e-01,1.622527e-01
1.663442e-01,1.704561e-01,1.747568e-01,1.790807e-01,1.836150e-01
1.881503e-01,1.930315e-01,1.980518e-01,2.032707e-01,2.088701e-01
2.146270e-01,2.204206e-01,2.262557e-01,2.321483e-01,2.381169e-01
2.444010e-01,2.506251e-01,2.569743e-01,2.633894e-01,2.699377e-01
2.765668e-01,2.830879e-01,2.897299e-01,2.963569e-01,3.032542e-01
3.101888e-01,3.170024e-01,3.239576e-01,3.307868e-01,3.378349e-01
3.447310e-01,3.515817e-01,3.583560e-01,3.651951e-01,3.718463e-01
3.786452e-01,3.852783e-01,3.917317e-01,3.981655e-01,4.044232e-01
4.106838e-01,4.168593e-01,4.229383e-01,4.286831e-01,4.344312e-01
4.399223e-01,4.453057e-01,4.504877e-01,4.557288e-01,4.607754e-01
4.654317e-01,4.697852e-01,4.740715e-01,4.781274e-01,4.820513e-01
4.857747e-01,4.890857e-01,4.920109e-01,4.946087e-01,4.968944e-01
4.987345e-01,5.003142e-01,5.012929e-01,5.017242e-01,5.018974e-01
5.014700e-01,5.004443e-01,4.990515e-01,4.972333e-01,4.952026e-01
4.925439e-01,4.894923e-01,4.861869e-01,4.821358e-01,4.778484e-01
4.730611e-01,4.680303e-01,4.625339e-01,4.568754e-01,4.506449e-01
4.441681e-01,4.374548e-01,4.302735e-01,4.230365e-01,4.155711e-01
4.081291e-01,4.003991e-01,3.926157e-01,3.846088e-01,3.765586e-01
3.683723e-01,3.601586e-01,3.520595e-01,3.439460e-01,3.362568e-01
3.284554e-01,3.207781e-01,3.134491e-01,3.064205e-01,2.994205e-01
2.927329e-01,2.863500e-01,2.804809e-01,2.747532e-01,2.695530e-01
2.645507e-01,2.597772e-01,2.556622e-01,2.514604e-01,2.475849e-01
2.441785e-01,2.410469e-01,2.386369e-01,2.364153e-01,2.345346e-01
2.332946e-01,2.323717e-01,2.319194e-01,2.320513e-01,2.325224e-01
2.335835e-01,2.351531e-01,2.373630e-01,2.397582e-01,2.424394e-01
2.456474e-01,2.492335e-01,2.531471e-01,2.574068e-01,2.622609e-01
2.673996e-01,2.731234e-01,2.789555e-01,2.853714e-01,2.920999e-01
2.991370e-01,3.067287e-01,3.144686e-01,3.225542e-01,3.310144e-01
3.396806e-01,3.486720e-01,3.579841e-01,3.675343e-01,3.772840e-01
3.871409e-01,3.972247e-01,4.072836e-01,4.176691e-01,4.280574e-01
4.386420e-01,4.492044e-01,4.597537e-01,4.700781e-01,4.803139e-01
4.905176e-01,5.008038e-01,5.109307e-01,5.207804e-01,5.306406e-01
5.403809e-01,5.501060e-01,5.597720e-01,5.691741e-01,5.785218e-01
5.881563e-01,5.975550e-01,6.067556e-01,6.157546e-01,6.246888e-01
6.335751e-01,6.422464e-01,6.508615e-01,6.593822e-01,6.677241e-01
6.757233e-01,6.838810e-01,6.916290e-01,6.994903e-01,7.071927e-01
7.145467e-01,7.220181e-01,7.294251e-01,7.366063e-01,7.436344e-01
7.505161e-01,7.573816e-01,7.640224e-01,7.707461e-01,7.773881e-01
7.838149e-01,7.902156e-01,7.966452e-01,8.028698e-01,8.089041e-01
8.148326e-01,8.205845e-01,8.263154e-01,8.321582e-01,8.378914e-01
8.435573e-01,8.490400e-01,8.546864e-01,8.602450e-01,8.654089e-01
8.705910e-01,8.755126e-01,8.805123e-01,8.853096e-01,8.899600e-01
8.947484e-01,8.990887e-01,9.035580e-01,9.078752e-01,9.120672e-01
9.162719e-01,9.204278e-01,9.242318e-01,9.279575e-01,9.317025e-01
9.352477e-01,9.385222e-01,9.417537e-01,9.449065e-01,9.481645e-01
9.512471e-01,9.543336e-01,9.572228e-01,9.598473e-01,9.625428e-01
9.651316e-01,9.676788e-01,9.700664e-01,9.721728e-01,9.742611e-01
9.760995e-01,9.779531e-01,9.797206e-01,9.813119e-01,9.826408e-01
9.839251e-01,9.851910e-01,9.861190e-01,9.869662e-01,9.877609e-01
9.884607e-01,9.911869e-01,9.933404e-01,9.953687e-01,9.969351e-01
9.981796e-01,9.990984e-01,9.997047e-01,1,9.999676e-01
9.996497e-01,9.991143e-01,9.983429e-01,9.973688e-01,9.960179e-01
9.944808e-01,9.926602e-01,9.906172e-01,9.882988e-01,9.854684e-01
9.825312e-01,9.794362e-01,9.759808e-01,9.724019e-01,9.685312e-01
9.643290e-01,9.600299e-01,9.554558e-01,9.507119e-01,9.458217e-01
9.406375e-01,9.353550e-01,9.299129e-01,9.243118e-01,9.186359e-01
9.128064e-01,9.066032e-01,9.003952e-01,8.940218e-01,8.875682e-01
8.809405e-01,8.743305e-01,8.675405e-01,8.607718e-01,8.539735e-01
8.471074e-01,8.400508e-01,8.328317e-01,8.257610e-01,8.187225e-01
8.116049e-01,8.044873e-01,7.972902e-01,7.900867e-01,7.828719e-01
7.757434e-01,7.684155e-01,7.610097e-01,7.538691e-01,7.468187e-01
7.395961e-01,7.324385e-01,7.254540e-01,7.184884e-01,7.115523e-01
7.047454e-01,6.980333e-01,6.914128e-01,6.848778e-01,6.784656e-01
6.720837e-01,6.658443e-01,6.598577e-01,6.539279e-01,6.480235e-01
6.423047e-01,6.367322e-01,6.314015e-01,6.260306e-01,6.207395e-01
6.156398e-01,6.106860e-01,6.059708e-01,6.013946e-01,5.968460e-01
5.925220e-01,5.883020e-01,5.843255e-01,5.805220e-01,5.768382e-01
5.733589e-01,5.700177e-01,5.668377e-01,5.640688e-01,5.613638e-01
5.588051e-01,5.564804e-01,5.544321e-01,5.526515e-01,5.510134e-01
5.472496e-01,5.434858e-01,5.397219e-01,5.359581e-01,5.321943e-01
5.284304e-01,5.246666e-01,5.209027e-01,5.171389e-01,5.133751e-01
5.096112e-01,5.058474e-01,5.020836e-01,4.983197e-01,4.945559e-01
4.907921e-01,4.870282e-01,4.832644e-01,4.795005e-01,4.757367e-01
4.719729e-01,4.682090e-01,4.644452e-01,4.606814e-01,4.569175e-01
4.531537e-01,4.493898e-01,4.456260e-01,4.418622e-01,4.380983e-01
4.343345e-01,4.305707e-01,4.268068e-01,4.230430e-01,4.192792e-01
4.155153e-01,4.117515e-01,4.079876e-01,4.042238e-01,4.004600e-01
3.966961e-01,3.929323e-01,3.891685e-01,3.854046e-01,3.816408e-01
3.778769e-01,3.741131e-01,3.703493e-01,3.665854e-01,3.628216e-01
3.564422e-01,3.527939e-01,3.491565e-01,3.455300e-01,3.419144e-01
3.383096e-01,3.347158e-01,3.311329e-01,3.275608e-01,3.239997e-01
3.204495e-01,3.169101e-01,3.133817e-01,3.098642e-01,3.063575e-01
3.028618e-01,2.993769e-01,2.959030e-01,2.924399e-01,2.889878e-01
2.855465e-01,2.821161e-01,2.786967e-01,2.752881e-01,2.718905e-01
2.685037e-01,2.651278e-01,2.617629e-01,2.584088e-01,2.550656e-01
2.517333e-01,2.484120e-01,2.451015e-01,2.418019e-01,2.385132e-01
2.352354e-01,2.319685e-01,2.287125e-01,2.254675e-01,2.222333e-01
2.190100e-01,2.157976e-01,2.125961e-01,2.094055e-01,2.062258e-01
2.030570e-01,1.998990e-01,1.967520e-01,1.936159e-01,1.904907e-01
4.006035e-01,4.033396e-01,4.060758e-01,4.088119e-01,4.115480e-01
4.142841e-01,4.170202e-01,4.197564e-01,4.224925e-01,4.252286e-01
4.279647e-01,4.307008e-01,4.334370e-01,4.361731e-01,4.389092e-01
4.416453e-01,4.443814e-01,4.471176e-01,4.498537e-01,4.525898e-01
4.553259e-01,4.580620e-01,4.607982e-01,4.635343e-01,4.662704e-01
4.690065e-01,4.717426e-01,4.744788e-01,4.772149e-01,4.799510e-01
4.826871e-01,4.854233e-01,4.881594e-01,4.908955e-01,4.936316e-01
4.963677e-01,4.991039e-01,5.018400e-01,5.045761e-01,5.073122e-01
5.100483e-01,5.127845e-01,5.155206e-01,5.182567e-01,5.209928e-01
5.237289e-01,5.264651e-01,5.292012e-01,5.319373e-01,5.346734e-01
5.374095e-01,5.401457e-01,5.428818e-01,5.456179e-01,5.483540e-01
5.510901e-01,5.538263e-01,5.565624e-01,5.592985e-01,5.620346e-01
5.647708e-01,5.675069e-01,5.702430e-01,5.729791e-01,5.757152e-01
5.784514e-01,5.811875e-01,5.839236e-01,5.866597e-01,5.893958e-01
5.921320e-01,5.948681e-01,5.976042e-01,6.003403e-01,6.030764e-01
6.058126e-01,6.085487e-01,6.112848e-01,6.140209e-01,6.167570e-01
6.194932e-01,6.222293e-01,6.249654e-01,6.277015e-01,6.304376e-01
6.331738e-01,6.359099e-01,6.386460e-01,6.413821e-01,6.441183e-01
6.468544e-01,6.495905e-01,6.523266e-01,6.550627e-01,6.577989e-01
6.605350e-01,6.632711e-01,6.660072e-01,6.687433e-01,6.714795e-01
6.728016e-01,6.742407e-01,6.758300e-01,6.774715e-01,6.792859e-01
6.812411e-01,6.833282e-01,6.855264e-01,6.877807e-01,6.902455e-01
6.927896e-01,6.955238e-01,6.984301e-01,7.014763e-01,7.046174e-01
7.078661e-01,7.112364e-01,7.144117e-01,7.177426e-01,7.212305e-01
7.248669e-01,7.287002e-01,7.327004e-01,7.368116e-01,7.409940e-01
7.452649e-01,7.497079e-01,7.542447e-01,7.589201e-01,7.636980e-01
7.685289e-01,7.734122e-01,7.784083e-01,7.834441e-01,7.885170e-01
7.936290e-01,7.988423e-01,8.040734e-01,8.093287e-01,8.146547e-01
8.199607e-01,8.253057e-01,8.305977e-01,8.359252e-01,8.412898e-01
8.465457e-01,8.518301e-01,8.570259e-01,8.622239e-01,8.674207e-01
8.724908e-01,8.775261e-01,8.825545e-01,8.875875e-01,8.925199e-01
8.973572e-01,9.021829e-01,9.069458e-01,9.116027e-01,9.162333e-01
9.208150e-01,9.253628e-01,9.297879e-01,9.340574e-01,9.382474e-01
9.423095e-01,9.462760e-01,9.501077e-01,9.538377e-01,9.574877e-01
9.609993e-01,9.644656e-01,9.678025e-01,9.710497e-01,9.742012e-01
9.771076e-01,9.798645e-01,9.824813e-01,9.848974e-01,9.871342e-01
9.892725e-01,9.912166e-01,9.929521e-01,9.945007e-01,9.958683e-01
9.970804e-01,9.981458e-01,9.989673e-01,9.995221e-01,9.998469e-01
1,9.999940e-01,9.997416e-01,9.992232e-01,9.984481e-01
9.974319e-01,9.961350e-01,9.946329e-01,9.928578e-01,9.924263e-01
9.919353e-01,9.913160e-01,9.907129e-01,9.900410e-01,9.892672e-01
9.884428e-01,9.875952e-01,9.867542e-01,9.857919e-01,9.847994e-01
9.836221e-01,9.824053e-01,9.810947e-01,9.797831e-01,9.784356e-01
9.770267e-01,9.759234e-01,9.746950e-01,9.734292e-01,9.721384e-01
9.707202e-01,9.692373e-01,9.677275e-01,9.661845e-01,9.646417e-01
9.628732e-01,9.611069e-01,9.592139e-01,9.572652e-01,9.552998e-01
9.532405e-01,9.511052e-01,9.489001e-01,9.466522e-01,9.443140e-01
9.418210e-01,9.392698e-01,9.366488e-01,9.338823e-01,9.310987e-01
9.281406e-01,9.251364e-01,9.219174e-01,9.185725e-01,9.152054e-01
9.116949e-01,9.081217e-01,9.044175e-01,9.005456e-01,8.966097e-01
8.926239e-01,8.884488e-01,8.841358e-01,8.797919e-01,8.754140e-01
8.709003e-01,8.663400e-01,8.617514e-01,8.569530e-01,8.520675e-01
8.471071e-01,8.420797e-01,8.370300e-01,8.318737e-01,8.266805e-01
8.213543e-01,8.159536e-01,8.104157e-01,8.047589e-01,7.990670e-01
7.931371e-01,7.870178e-01,7.806999e-01,7.741377e-01,7.674053e-01
7.606082e-01,7.535641e-01,7.463997e-01,7.389943e-01,7.314478e-01
7.237548e-01,7.157787e-01,7.077691e-01,6.996672e-01,6.914857e-01
6.832646e-01,6.751547e-01,6.671579e-01,6.592033e-01,6.514479e-01
6.436670e-01,6.359523e-01,6.283440e-01,6.207953e-01,6.133401e-01
6.060359e-01,5.988384e-01,5.918097e-01,5.849277e-01,5.782137e-01
5.717540e-01,5.654882e-01,5.593645e-01,5.535370e-01,5.479370e-01
5.425386e-01,5.374162e-01,5.325526e-01,5.279347e-01,5.237218e-01
5.197354e-01,5.160957e-01,5.126651e-01,5.095077e-01,5.066015e-01
5.039065e-01,5.015491e-01,4.995192e-01,4.977688e-01,4.963024e-01
4.950769e-01,4.941536e-01,4.935202e-01,4.931630e-01,4.931336e-01
4.933056e-01,4.937322e-01,4.943292e-01,4.949825e-01,4.958609e-01
4.967920e-01,4.977376e-01,4.986987e-01,4.996454e-01,5.005430e-01
5.014272e-01,5.022589e-01,5.029087e-01,5.033362e-01,5.036897e-01
5.038445e-01,5.039752e-01,5.039503e-01,5.037945e-01,5.034612e-01
5.030283e-01,5.023679e-01,5.015647e-01,5.005577e-01,4.993084e-01
4.979221e-01,4.962876e-01,4.944090e-01,4.922799e-01,4.899469e-01
4.872920e-01,4.843165e-01,4.810580e-01,4.774476e-01,4.735527e-01
4.693160e-01,4.647317e-01,4.597988e-01,4.544736e-01,4.488916e-01
4.429381e-01,4.367212e-01,4.300964e-01,4.230671e-01,4.157476e-01
4.082554e-01,4.004987e-01,3.924343e-01,3.842322e-01,3.757658e-01
3.671712e-01,3.584299e-01,3.497300e-01,3.408559e-01,3.319229e-01
3.231145e-01,3.142759e-01,3.055041e-01,2.967559e-01,2.879723e-01
2.792191e-01,2.704349e-01,2.617134e-01,2.528401e-01,2.440398e-01
2.353133e-01,2.266614e-01,2.182100e-01,2.098818e-01,2.017036e-01
1.936258e-01,1.857180e-01,1.779975e-01,1.704468e-01,1.630319e-01
1.558378e-01,1.488759e-01,1.421735e-01,1.356328e-01,1.293328e-01
1.232399e-01,1.173855e-01,1.119018e-01,1.065266e-01,1.014251e-01
9.644309e-02,9.168320e-02,8.713585e-02,8.284849e-02,7.884322e-02
7.508210e-02,7.151376e-02,6.818055e-02,6.505108e-02,6.211833e-02
5.923887e-02,5.645570e-02,5.377809e-02,5.128829e-02,4.889193e-02
4.644924e-02,4.407022e-02,4.175832e-02,3.941166e-02,3.712238e-02
3.495861e-02,3.277603e-02,3.069184e-02,2.870793e-02,2.674363e-02
2.475289e-02,2.291042e-02,2.119437e-02,1.952350e-02,1.801655e-02
1.651986e-02,1.513039e-02,1.374397e-02,1.237322e-02,1.110214e-02
9.878013e-03,8.767989e-03,7.752391e-03,6.759045e-03,5.904234e-03
5.127229e-03,4.381391e-03,3.630144e-03,2.927130e-03,2.332753e-03
1.763403e-03,1.327050e-03,1.062097e-03,7.143334e-04,4.246844e-04
1.497939e-04,0,1.386570e-05,4.755444e-05,2.078795e-04
3.774802e-04,7.028450e-04,1.134718e-03,1.619203e-03,2.103753e-03
2.560221e-03,3.171796e-03,3.830115e-03,4.502109e-03,5.338185e-03
6.234691e-03,7.163966e-03,8.220183e-03,9.388447e-03,1.061258e-02
1.191700e-02,1.330168e-02,1.477090e-02,1.633107e-02,1.784499e-02
1.938449e-02,2.103524e-02,2.280843e-02,2.462851e-02,2.647471e-02
2.830551e-02,3.016939e-02,3.213588e-02,3.420187e-02,3.636666e-02
3.863282e-02,4.089393e-02,4.325889e-02,4.571067e-02,4.820501e-02
5.083374e-02,5.342870e-02,5.607128e-02,5.881897e-02,6.160986e-02
6.442862e-02,6.720833e-02,7.009422e-02,7.302158e-02,7.611418e-02
7.925130e-02,8.246810e-02,8.570511e-02,8.898472e-02,9.233042e-02
9.568730e-02,9.911529e-02,1.026034e-01,1.060775e-01,1.096585e-01
1.132896e-01,1.169260e-01,1.205460e-01,1.241395e-01,1.279394e-01
1.316769e-01,1.355083e-01,1.393468e-01,1.431408e-01,1.469836e-01
1.508538e-01,1.547360e-01,1.586099e-01,1.625016e-01,1.664567e-01
1.704238e-01,1.744055e-01,1.784149e-01,1.823962e-01,1.864660e-01
1.905256e-01,1.947337e-01,1.990217e-01,2.032466e-01,2.075502e-01
2.118240e-01,2.161667e-01,2.206132e-01,2.250591e-01,2.294817e-01
2.340116e-01,2.386276e-01,2.432342e-01,2.478156e-01,2.524679e-01
2.571001e-01,2.616854e-01,2.664251e-01,2.711776e-01,2.759613e-01
2.807262e-01,2.854480e-01,2.901536e-01,2.948517e-01,2.995863e-01
3.043044e-01,3.090404e-01,3.137954e-01,3.185300e-01,3.233790e-01
3.283153e-01,3.333720e-01,3.386026e-01,3.439859e-01,3.493942e-01
3.549427e-01,3.606074e-01,3.664737e-01,3.724748e-01,3.786213e-01
3.850019e-01,3.913998e-01,3.978753e-01,4.044705e-01,4.111498e-01
4.177527e-01,4.242713e-01,4.308314e-01,4.372249e-01,4.436786e-01
4.500961e-01,4.564070e-01,4.626827e-01,4.689057e-01,4.750241e-01
4.811157e-01,4.871009e-01,4.929823e-01,4.987753e-01,5.043983e-01
5.099097e-01,5.153204e-01,5.205248e-01,5.255868e-01,5.304729e-01
5.351524e-01,5.396455e-01,5.438943e-01,5.478433e-01,5.515942e-01
5.550967e-01,5.584080e-01,5.614808e-01,5.643319e-01,5.669783e-01
5.693202e-01,5.713950e-01,5.732697e-01,5.748824e-01,5.762790e-01
5.774360e-01,5.783323e-01,5.789932e-01,5.792956e-01,5.793981e-01
5.792138e-01,5.788207e-01,5.782232e-01,5.773176e-01,5.762229e-01
5.748956e-01,5.733864e-01,5.716650e-01,5.697474e-01,5.676513e-01
5.653919e-01,5.630052e-01,5.604935e-01,5.578024e-01,5.549934e-01
5.519684e-01,5.488308e-01,5.455743e-01,5.422161e-01,5.387471e-01
5.352025e-01,5.315493e-01,5.277712e-01,5.239702e-01,5.200499e-01
5.160825e-01,5.120930e-01,5.080647e-01,5.040312e-01,5.000637e-01
4.961172e-01,4.921640e-01,4.882917e-01,4.845333e-01,4.808786e-01
4.773191e-01,4.739170e-01,4.706730e-01,4.675761e-01,4.646585e-01
4.619078e-01,4.594004e-01,4.571485e-01,4.551341e-01,4.532981e-01
4.516878e-01,4.502671e-01,4.489168e-01,4.478505e-01,4.469215e-01
4.461068e-01,4.453094e-01,4.446780e-01,4.440998e-01,4.434353e-01
4.428878e-01,4.423879e-01,4.418966e-01,4.415157e-01,4.412162e-01
4.410364e-01,4.408533e-01,4.409165e-01,4.410616e-01,4.412916e-01
4.416326e-01,4.419734e-01,4.423773e-01,4.428308e-01,4.433195e-01
4.438413e-01,4.443959e-01,4.449634e-01,4.455491e-01,4.461212e-01
4.467086e-01,4.472993e-01,4.479048e-01,4.485166e-01,4.491650e-01
4.498260e-01,4.504812e-01,4.511577e-01,4.518684e-01,4.525922e-01
4.533050e-01,4.540107e-01,4.547177e-01,4.554092e-01,4.560918e-01
4.567754e-01,4.574155e-01,4.580488e-01,4.586702e-01,4.592693e-01
4.598583e-01,4.604217e-01,4.609515e-01,4.614584e-01,4.619741e-01
4.624500e-01,4.629333e-01,4.634207e-01,4.639126e-01,4.643827e-01
4.648581e-01,4.653248e-01,4.657989e-01,4.662746e-01,4.667344e-01
4.671906e-01,4.676683e-01,4.681309e-01,4.685773e-01,4.690373e-01
4.694965e-01,4.699759e-01,4.704668e-01,4.709644e-01,4.714495e-01
4.719216e-01,4.723907e-01,4.728626e-01,4.733343e-01,4.738189e-01
4.742873e-01,4.747800e-01,4.752683e-01,4.757474e-01,4.762323e-01
4.766768e-01,4.770942e-01,4.775056e-01,4.779025e-01,4.783086e-01
4.786959e-01,4.790602e-01,4.794177e-01,4.797736e-01,4.801286e-01
4.804678e-01,4.807831e-01,4.810714e-01,4.813617e-01,4.816446e-01
4.818962e-01,4.821406e-01,4.823496e-01,4.825637e-01,4.827625e-01
4.829488e-01,4.831290e-01,4.832984e-01,4.834531e-01,4.835779e-01
4.837034e-01,4.838385e-01,4.839321e-01,4.840571e-01,4.841666e-01
4.842740e-01,4.843873e-01,4.845123e-01,4.846284e-01,4.847576e-01
4.849080e-01,4.850464e-01,4.851694e-01,4.852529e-01,4.853415e-01
4.854503e-01,4.855676e-01,4.856743e-01,4.858008e-01,4.859084e-01
4.860403e-01,4.862823e-01,4.865245e-01,4.867479e-01,4.869652e-01
4.871835e-01,4.873955e-01,4.875937e-01,4.877844e-01,4.879705e-01
4.881658e-01,4.883443e-01,4.885187e-01,4.886766e-01,4.888155e-01
4.889702e-01,4.891098e-01,4.892434e-01,4.893727e-01,4.894868e-01
4.896055e-01,4.897416e-01,4.898799e-01,4.899992e-01,4.901429e-01
4.902752e-01,4.904017e-01,4.905193e-01,4.906602e-01,4.907829e-01
4.909062e-01,4.910132e-01,4.911114e-01,4.912229e-01,4.913141e-01
4.913867e-01,4.914851e-01,4.915682e-01,4.916471e-01,4.917201e-01
4.917797e-01,4.918316e-01,4.918787e-01,4.919161e-01,4.919619e-01
4.919964e-01,4.920259e-01,4.920592e-01,4.920817e-01,4.921042e-01
4.921153e-01,4.921196e-01,4.921205e-01,4.921141e-01,4.920940e-01
4.920808e-01,4.920746e-01,4.920657e-01,4.920453e-01,4.920269e-01
4.920071e-01,4.919927e-01,4.919687e-01,4.919374e-01,4.918938e-01
4.918605e-01,4.918347e-01,4.918121e-01,4.917891e-01,4.917642e-01
4.917335e-01,4.917223e-01,4.917051e-01,4.916961e-01,4.916970e-01
4.916952e-01,4.917019e-01,4.917065e-01,4.917259e-01,4.917475e-01
4.917686e-01,4.917920e-01,4.918168e-01,4.918369e-01,4.918686e-01
4.918986e-01,4.919270e-01,4.919543e-01,4.919750e-01,4.919904e-01
4.920127e-01,4.920552e-01,4.921500e-01,4.922545e-01,4.923635e-01
4.924827e-01,4.926254e-01,4.927672e-01,4.929470e-01,4.931316e-01
4.932024e-01,4.932732e-01,4.933441e-01,4.934149e-01,4.934857e-01
4.935565e-01,4.936274e-01,4.936982e-01,4.937690e-01,4.938398e-01
4.939107e-01,4.939815e-01,4.940523e-01,4.941231e-01,4.941940e-01
4.942648e-01,4.943356e-01,4.944064e-01,4.944773e-01,4.945481e-01
4.946189e-01,4.946897e-01,4.947606e-01,4.948314e-01,4.949022e-01
4.949730e-01,4.950439e-01,4.951147e-01,4.951855e-01,4.952563e-01
4.953272e-01,4.953980e-01,4.954688e-01,4.955396e-01,4.956105e-01
4.956813e-01,4.957521e-01,4.958229e-01,4.958938e-01,4.959646e-01
4.960354e-01,4.961063e-01,4.961771e-01,4.962479e-01,4.963187e-01
4.963896e-01,4.964604e-01,4.965312e-01,4.966020e-01,4.966729e-01
4.968308e-01,4.968978e-01,4.969644e-01,4.970307e-01,4.970966e-01
4.971621e-01,4.972273e-01,4.972920e-01,4.973565e-01,4.974205e-01
4.974843e-01,4.975476e-01,4.976106e-01,4.976732e-01,4.977354e-01
4.977973e-01,4.978589e-01,4.979200e-01,4.979808e-01,4.980413e-01
4.981013e-01,4.981611e-01,4.982204e-01,4.982794e-01,4.983380e-01
4.983963e-01,4.984542e-01,4.985117e-01,4.985689e-01,4.986257e-01
4.986821e-01,4.987382e-01,4.987939e-01,4.988492e-01,4.989042e-01
4.989589e-01,4.990131e-01,4.990670e-01,4.991206e-01,4.991737e-01
4.992265e-01,4.992790e-01,4.993311e-01,4.993828e-01,4.994341e-01
4.994851e-01,4.995358e-01,4.995860e-01,4.996359e-01,4.996855e-01
1,9.978081e-01,9.956163e-01,9.934244e-01,9.912326e-01
9.890407e-01,9.868489e-01,9.846570e-01,9.824651e-01,9.802733e-01
9.780814e-01,9.758896e-01,9.736977e-01,9.715058e-01,9.693140e-01
9.671221e-01,9.649303e-01,9.627384e-01,9.605466e-01,9.583547e-01
9.561628e-01,9.539710e-01,9.517791e-01,9.495873e-01,9.473954e-01
9.452035e-01,9.430117e-01,9.408198e-01,9.386280e-01,9.364361e-01
9.342443e-01,9.320524e-01,9.298605e-01,9.276687e-01,9.254768e-01
9.232850e-01,9.210931e-01,9.189013e-01,9.167094e-01,9.145175e-01
9.123257e-01,9.101338e-01,9.079420e-01,9.057501e-01,9.035582e-01
9.013664e-01,8.991745e-01,8.969827e-01,8.947908e-01,8.925990e-01
8.904071e-01,8.882152e-01,8.860234e-01,8.838315e-01,8.816397e-01
8.794478e-01,8.772560e-01,8.750641e-01,8.728722e-01,8.706804e-01
8.684885e-01,8.662967e-01,8.641048e-01,8.619129e-01,8.597211e-01
8.575292e-01,8.553374e-01,8.531455e-01,8.509537e-01,8.487618e-01
8.465699e-01,8.443781e-01,8.421862e-01,8.399944e-01,8.378025e-01
8.356106e-01,8.334188e-01,8.312269e-01,8.290351e-01,8.268432e-01
8.246514e-01,8.224595e-01,8.202676e-01,8.180758e-01,8.158839e-01
8.136921e-01,8.115002e-01,8.093084e-01,8.071165e-01,8.049246e-01
8.027328e-01,8.005409e-01,7.983491e-01,7.961572e-01,7.939653e-01
7.917735e-01,7.895816e-01,7.873898e-01,7.851979e-01,7.830061e-01
7.820439e-01,7.809647e-01,7.797562e-01,7.783946e-01,7.766787e-01
7.750445e-01,7.730811e-01,7.712340e-01,7.689489e-01,7.667243e-01
7.646544e-01,7.625124e-01,7.602932e-01,7.578805e-01,7.552970e-01
7.527312e-01,7.501858e-01,7.472295e-01,7.445208e-01,7.417052e-01
7.387822e-01,7.356752e-01,7.324956e-01,7.290650e-01,7.258105e-01
7.226149e-01,7.191695e-01,7.155687e-01,7.119309e-01,7.083722e-01
7.048643e-01,7.012473e-01,6.978237e-01,6.942542e-01,6.905870e-01
6.867938e-01,6.833200e-01,6.798358e-01,6.761221e-01,6.726234e-01
6.691001e-01,6.654332e-01,6.618891e-01,6.581616e-01,6.546526e-01
6.508124e-01,6.472016e-01,6.435167e-01,6.400558e-01,6.363709e-01
6.328950e-01,6.291679e-01,6.255240e-01,6.218652e-01,6.181908e-01
6.144250e-01,6.108967e-01,6.071742e-01,6.034564e-01,5.998622e-01
5.963857e-01,5.929122e-01,5.894564e-01,5.857347e-01,5.822675e-01
5.787886e-01,5.754865e-01,5.721247e-01,5.690522e-01,5.660098e-01
5.626963e-01,5.596233e-01,5.566792e-01,5.538002e-01,5.507777e-01
5.480532e-01,5.454015e-01,5.428437e-01,5.400637e-01,5.377012e-01
5.353477e-01,5.329494e-01,5.307369e-01,5.288924e-01,5.269526e-01
5.250784e-01,5.235694e-01,5.220246e-01,5.209937e-01,5.200725e-01
5.192112e-01,5.185991e-01,5.181977e-01,5.179077e-01,5.177921e-01
5.179868e-01,5.185143e-01,5.192787e-01,5.202306e-01,5.200094e-01
5.195965e-01,5.191874e-01,5.189727e-01,5.193992e-01,5.196426e-01
5.202640e-01,5.205244e-01,5.212398e-01,5.218392e-01,5.223278e-01
5.228206e-01,5.236542e-01,5.246764e-01,5.257686e-01,5.268529e-01
5.279182e-01,5.293913e-01,5.303921e-01,5.317723e-01,5.332519e-01
5.346802e-01,5.364845e-01,5.384781e-01,5.402208e-01,5.418292e-01
5.436989e-01,5.454677e-01,5.474671e-01,5.494604e-01,5.512629e-01
5.531777e-01,5.549908e-01,5.572533e-01,5.597285e-01,5.623323e-01
5.646818e-01,5.673393e-01,5.702050e-01,5.731347e-01,5.758676e-01
5.788977e-01,5.818722e-01,5.849439e-01,5.878513e-01,5.913054e-01
5.945132e-01,5.976221e-01,6.007260e-01,6.038967e-01,6.069022e-01
6.101638e-01,6.134758e-01,6.166652e-01,6.198892e-01,6.232481e-01
6.263686e-01,6.296906e-01,6.330681e-01,6.363429e-01,6.395287e-01
6.425635e-01,6.454724e-01,6.486928e-01,6.515554e-01,6.543499e-01
6.569234e-01,6.594764e-01,6.616206e-01,6.638048e-01,6.661956e-01
6.682581e-01,6.700497e-01,6.718303e-01,6.737220e-01,6.753239e-01
6.768557e-01,6.783180e-01,6.800454e-01,6.813288e-01,6.828217e-01
6.845052e-01,6.861676e-01,6.875326e-01,6.893001e-01,6.911912e-01
6.927883e-01,6.946722e-01,6.963658e-01,6.981123e-01,7.000263e-01
7.019204e-01,7.037084e-01,7.056904e-01,7.078778e-01,7.102489e-01
7.125823e-01,7.147431e-01,7.172039e-01,7.198731e-01,7.228711e-01
7.259214e-01,7.291404e-01,7.319827e-01,7.351821e-01,7.381553e-01
7.414229e-01,7.447330e-01,7.481953e-01,7.518514e-01,7.555504e-01
7.587572e-01,7.618673e-01,7.652285e-01,7.682696e-01,7.712236e-01
7.740773e-01,7.770698e-01,7.796858e-01,7.821261e-01,7.846494e-01
7.869462e-01,7.889175e-01,7.908389e-01,7.929135e-01,7.945750e-01
7.966254e-01,7.981439e-01,7.994677e-01,8.010644e-01,8.025472e-01
8.035845e-01,8.042053e-01,8.047815e-01,8.050314e-01,8.050869e-01
8.049166e-01,8.043400e-01,8.032635e-01,8.021781e-01,8.009464e-01
7.991782e-01,7.973308e-01,7.952754e-01,7.930651e-01,7.906675e-01
7.881864e-01,7.849599e-01,7.816030e-01,7.781060e-01,7.742344e-01
7.695952e-01,7.649264e-01,7.598344e-01,7.541022e-01,7.480232e-01
7.418219e-01,7.349826e-01,7.277912e-01,7.201837e-01,7.123410e-01
7.044537e-01,6.958872e-01,6.872804e-01,6.781652e-01,6.689524e-01
6.592713e-01,6.494117e-01,6.394018e-01,6.289654e-01,6.186541e-01
6.081050e-01,5.973266e-01,5.866755e-01,5.756809e-01,5.645756e-01
5.533981e-01,5.423952e-01,5.312509e-01,5.200174e-01,5.088169e-01
4.978851e-01,4.869176e-01,4.759095e-01,4.650442e-01,4.546790e-01
4.442033e-01,4.337765e-01,4.237623e-01,4.136830e-01,4.038126e-01
3.943142e-01,3.852354e-01,3.760942e-01,3.671653e-01,3.583682e-01
3.497248e-01,3.412238e-01,3.324930e-01,3.240848e-01,3.157130e-01
3.073011e-01,2.991694e-01,2.909653e-01,2.833041e-01,2.755314e-01
2.681172e-01,2.606046e-01,2.532009e-01,2.458809e-01,2.385883e-01
2.314121e-01,2.241033e-01,2.171062e-01,2.104170e-01,2.036323e-01
1.969901e-01,1.906468e-01,1.842461e-01,1.780098e-01,1.716596e-01
1.656370e-01,1.597177e-01,1.538322e-01,1.480390e-01,1.421112e-01
1.367228e-01,1.314635e-01,1.260601e-01,1.207895e-01,1.157144e-01
1.109802e-01,1.059367e-01,1.012316e-01,9.691186e-02,9.247901e-02
8.821733e-02,8.410155e-02,8.036171e-02,7.630768e-02,7.263516e-02
6.906247e-02,6.554362e-02,6.200061e-02,5.821733e-02,5.469239e-02
5.126156e-02,4.810888e-02,4.457279e-02,4.134299e-02,3.827417e-02
3.535890e-02,3.235475e-02,2.969630e-02,2.717467e-02,2.472247e-02
2.239432e-02,2.036794e-02,1.845300e-02,1.641504e-02,1.421037e-02
1.239232e-02,1.046692e-02,9.073836e-03,7.408244e-03,6.255760e-03
5.016932e-03,3.884542e-03,2.903036e-03,1.836933e-03,1.336776e-03
7.957950e-04,2.007415e-04,0,1.859698e-04,3.108555e-04
3.729087e-04,8.310380e-04,1.635356e-03,2.323682e-03,2.934931e-03
4.098438e-03,5.353606e-03,6.508544e-03,7.773155e-03,9.372305e-03
1.086838e-02,1.243728e-02,1.405602e-02,1.572121e-02,1.762710e-02
1.932329e-02,2.122032e-02,2.290919e-02,2.462835e-02,2.662061e-02
2.827648e-02,3.024233e-02,3.209172e-02,3.423281e-02,3.668892e-02
3.910617e-02,4.137990e-02,4.299006e-02,4.463988e-02,4.590726e-02
4.757264e-02,4.905454e-02,5.063202e-02,5.262298e-02,5.484531e-02
5.704291e-02,5.949429e-02,6.195630e-02,6.490870e-02,6.814119e-02
7.142771e-02,7.542363e-02,7.940571e-02,8.368764e-02,8.853714e-02
9.345288e-02,9.850030e-02,1.041406e-01,1.101671e-01,1.164116e-01
1.232812e-01,1.302788e-01,1.375877e-01,1.456331e-01,1.537598e-01
1.623670e-01,1.710257e-01,1.796802e-01,1.887218e-01,1.981406e-01
2.075768e-01,2.171440e-01,2.268960e-01,2.370267e-01,2.471260e-01
2.574132e-01,2.678727e-01,2.786996e-01,2.892753e-01,3.001932e-01
3.112062e-01,3.224287e-01,3.336936e-01,3.452306e-01,3.565849e-01
3.680881e-01,3.797905e-01,3.914993e-01,4.029522e-01,4.145008e-01
4.257090e-01,4.367540e-01,4.478433e-01,4.588643e-01,4.698019e-01
4.806383e-01,4.911748e-01,5.018119e-01,5.121222e-01,5.225232e-01
5.325999e-01,5.428019e-01,5.527706e-01,5.623018e-01,5.718186e-01
5.811012e-01,5.901504e-01,5.987228e-01,6.072662e-01,6.155313e-01
6.235103e-01,6.309475e-01,6.382885e-01,6.452801e-01,6.516412e-01
6.575724e-01,6.632866e-01,6.683199e-01,6.728451e-01,6.771171e-01
6.806995e-01,6.840578e-01,6.870096e-01,6.892901e-01,6.910856e-01
6.923994e-01,6.932124e-01,6.934731e-01,6.931344e-01,6.924298e-01
6.912618e-01,6.895070e-01,6.871117e-01,6.839253e-01,6.802612e-01
6.762932e-01,6.723353e-01,6.682300e-01,6.640227e-01,6.594024e-01
6.545750e-01,6.495043e-01,6.441853e-01,6.386150e-01,6.330615e-01
6.273869e-01,6.216091e-01,6.156727e-01,6.095962e-01,6.034353e-01
5.969279e-01,5.905800e-01,5.841638e-01,5.774360e-01,5.709002e-01
5.642959e-01,5.576217e-01,5.508516e-01,5.439683e-01,5.367037e-01
5.295693e-01,5.223427e-01,5.147676e-01,5.071191e-01,4.994017e-01
4.918647e-01,4.843459e-01,4.766002e-01,4.688684e-01,4.613941e-01
4.538010e-01,4.464881e-01,4.390336e-01,4.318516e-01,4.247954e-01
4.176100e-01,4.105223e-01,4.037087e-01,3.969808e-01,3.901706e-01
3.836057e-01,3.769777e-01,3.704518e-01,3.640037e-01,3.577770e-01
3.515432e-01,3.454486e-01,3.395022e-01,3.337743e-01,3.282715e-01
3.230311e-01,3.180758e-01,3.133631e-01,3.088530e-01,3.045875e-01
3.005651e-01,2.967569e-01,2.931895e-01,2.898662e-01,2.867429e-01
2.837639e-01,2.810555e-01,2.785534e-01,2.762416e-01,2.740676e-01
2.720550e-01,2.702127e-01,2.685047e-01,2.669749e-01,2.655766e-01
2.643394e-01,2.632489e-01,2.622730e-01,2.614274e-01,2.607447e-01
2.601641e-01,2.596797e-01,2.593111e-01,2.590185e-01,2.587833e-01
2.585937e-01,2.584132e-01,2.582605e-01,2.581318e-01,2.580070e-01
2.578800e-01,2.577649e-01,2.576995e-01,2.576726e-01,2.575528e-01
2.574663e-01,2.574662e-01,2.575132e-01,2.576182e-01,2.577295e-01
2.578743e-01,2.580505e-01,2.582631e-01,2.585570e-01,2.588975e-01
2.592779e-01,2.597125e-01,2.602054e-01,2.607814e-01,2.613911e-01
2.620195e-01,2.627011e-01,2.634279e-01,2.641980e-01,2.649927e-01
2.658600e-01,2.667661e-01,2.677053e-01,2.686927e-01,2.697388e-01
2.708235e-01,2.719754e-01,2.731626e-01,2.743765e-01,2.756310e-01
2.769402e-01,2.783304e-01,2.797474e-01,2.811967e-01,2.827054e-01
2.842668e-01,2.859044e-01,2.875848e-01,2.892900e-01,2.910359e-01
2.928449e-01,2.946847e-01,2.966013e-01,2.985585e-01,3.005517e-01
3.026090e-01,3.047220e-01,3.069318e-01,3.091876e-01,3.114640e-01
3.137782e-01,3.161885e-01,3.186869e-01,3.212536e-01,3.238600e-01
3.265147e-01,3.292753e-01,3.320937e-01,3.349705e-01,3.378781e-01
3.408197e-01,3.438054e-01,3.468470e-01,3.499698e-01,3.531580e-01
3.564071e-01,3.597894e-01,3.631990e-01,3.666952e-01,3.702690e-01
3.738961e-01,3.775348e-01,3.812229e-01,3.849796e-01,3.887816e-01
3.926412e-01,3.965797e-01,4.005891e-01,4.047177e-01,4.089260e-01
4.132037e-01,4.175690e-01,4.220173e-01,4.265210e-01,4.310970e-01
4.357434e-01,4.404163e-01,4.451357e-01,4.499132e-01,4.547664e-01
4.597258e-01,4.648229e-01,4.700347e-01,4.753676e-01,4.808202e-01
4.863665e-01,4.920255e-01,4.977572e-01,5.035675e-01,5.094629e-01
5.154849e-01,5.216316e-01,5.279053e-01,5.343293e-01,5.409864e-01
5.479385e-01,5.581857e-01,5.682166e-01,5.780497e-01,5.876986e-01
5.971278e-01,6.063345e-01,6.153311e-01,6.240979e-01,6.326457e-01
6.409680e-01,6.490675e-01,6.569271e-01,6.645626e-01,6.719573e-01
6.791284e-01,6.860617e-01,6.927401e-01,6.991794e-01,7.053803e-01
7.113199e-01,7.170185e-01,7.224955e-01,7.277093e-01,7.326675e-01
7.373657e-01,7.418098e-01,7.460271e-01,7.499925e-01,7.537059e-01
7.571693e-01,7.603996e-01,7.634047e-01,7.661750e-01,7.686921e-01
7.710060e-01,7.730736e-01,7.748972e-01,7.765200e-01,7.779061e-01
7.790649e-01,7.799895e-01,7.807021e-01,7.812227e-01,7.815524e-01
7.816513e-01,7.815333e-01,7.812218e-01,7.807365e-01,7.800649e-01
7.791748e-01,7.781129e-01,7.768968e-01,7.755412e-01,7.740714e-01
7.724750e-01,7.707624e-01,7.689128e-01,7.669425e-01,7.648552e-01
7.626233e-01,7.603342e-01,7.579451e-01,7.554649e-01,7.529072e-01
7.503291e-01,7.477165e-01,7.451008e-01,7.424897e-01,7.398985e-01
7.373139e-01,7.347511e-01,7.321967e-01,7.296760e-01,7.272211e-01
7.248424e-01,7.225502e-01,7.203791e-01,7.183473e-01,7.164665e-01
7.147960e-01,7.133409e-01,7.121232e-01,7.111521e-01,7.104161e-01
7.098976e-01,7.096225e-01,7.096051e-01,7.098616e-01,7.104379e-01
7.113248e-01,7.125675e-01,7.142001e-01,7.162225e-01,7.186407e-01
7.214503e-01,7.246490e-01,7.281956e-01,7.320350e-01,7.360917e-01
7.370106e-01,7.379295e-01,7.388484e-01,7.397674e-01,7.406863e-01
7.416052e-01,7.425241e-01,7.434430e-01,7.443619e-01,7.452808e-01
7.461997e-01,7.471187e-01,7.480376e-01,7.489565e-01,7.498754e-01
7.507943e-01,7.517132e-01,7.526321e-01,7.535510e-01,7.544700e-01
7.553889e-01,7.563078e-01,7.572267e-01,7.581456e-01,7.590645e-01
7.599834e-01,7.609023e-01,7.618213e-01,7.627402e-01,7.636591e-01
7.645780e-01,7.654969e-01,7.664158e-01,7.673347e-01,7.682537e-01
7.691726e-01,7.700915e-01,7.710104e-01,7.719293e-01,7.728482e-01
7.737671e-01,7.746860e-01,7.756050e-01,7.765239e-01,7.774428e-01
7.783617e-01,7.792806e-01,7.801995e-01,7.811184e-01,7.820373e-01
7.840917e-01,7.849605e-01,7.858245e-01,7.866838e-01,7.875384e-01
7.883882e-01,7.892333e-01,7.900737e-01,7.909093e-01,7.917403e-01
7.925664e-01,7.933879e-01,7.942046e-01,7.950166e-01,7.958239e-01
7.966264e-01,7.974242e-01,7.982173e-01,7.990056e-01,7.997892e-01
8.005681e-01,8.013422e-01,8.021116e-01,8.028763e-01,8.036363e-01
8.043915e-01,8.051420e-01,8.058877e-01,8.066288e-01,8.073651e-01
8.080966e-01,8.088235e-01,8.095456e-01,8.102629e-01,8.109756e-01
8.116835e-01,8.123867e-01,8.130851e-01,8.137788e-01,8.144678e-01
8.151521e-01,8.158316e-01,8.165064e-01,8.171765e-01,8.178418e-01
8.185024e-01,8.191583e-01,8.198094e-01,8.204558e-01,8.210975e-01
1.630466e-01,1.665631e-01,1.700797e-01,1.735962e-01,1.771128e-01
1.806293e-01,1.841459e-01,1.876624e-01,1.911790e-01,1.946955e-01
1.982121e-01,2.017286e-01,2.052452e-01,2.087617e-01,2.122783e-01
2.157948e-01,2.193114e-01,2.228279e-01,2.263444e-01,2.298610e-01
2.333775e-01,2.368941e-01,2.404106e-01,2.439272e-01,2.474437e-01
2.509603e-01,2.544768e-01,2.579934e-01,2.615099e-01,2.650265e-01
2.685430e-01,2.720596e-01,2.755761e-01,2.790927e-01,2.826092e-01
2.861258e-01,2.896423e-01,2.931589e-01,2.966754e-01,3.001919e-01
3.037085e-01,3.072250e-01,3.107416e-01,3.142581e-01,3.177747e-01
3.212912e-01,3.248078e-01,3.283243e-01,3.318409e-01,3.353574e-01
3.388740e-01,3.423905e-01,3.459071e-01,3.494236e-01,3.529402e-01
3.564567e-01,3.599733e-01,3.634898e-01,3.670064e-01,3.705229e-01
3.740394e-01,3.775560e-01,3.810725e-01,3.845891e-01,3.881056e-01
3.916222e-01,3.951387e-01,3.986553e-01,4.021718e-01,4.056884e-01
4.092049e-01,4.127215e-01,4.162380e-01,4.197546e-01,4.232711e-01
4.267877e-01,4.303042e-01,4.338208e-01,4.373373e-01,4.408539e-01
4.443704e-01,4.478870e-01,4.514035e-01,4.549200e-01,4.584366e-01
4.619531e-01,4.654697e-01,4.689862e-01,4.725028e-01,4.760193e-01
4.795359e-01,4.830524e-01,4.865690e-01,4.900855e-01,4.936021e-01
4.971186e-01,5.006352e-01,5.041517e-01,5.076683e-01,5.111848e-01
5.154031e-01,5.163856e-01,5.177371e-01,5.193567e-01,5.212067e-01
5.233253e-01,5.257835e-01,5.285273e-01,5.315682e-01,5.348474e-01
5.383649e-01,5.421201e-01,5.459684e-01,5.500528e-01,5.540985e-01
5.583204e-01,5.626415e-01,5.671444e-01,5.718241e-01,5.766253e-01
5.815744e-01,5.866105e-01,5.917946e-01,5.971069e-01,6.024877e-01
6.080024e-01,6.136396e-01,6.193114e-01,6.251265e-01,6.310397e-01
6.370235e-01,6.430973e-01,6.492243e-01,6.553830e-01,6.616107e-01
6.678663e-01,6.742244e-01,6.806060e-01,6.869734e-01,6.933468e-01
6.996986e-01,7.060171e-01,7.123258e-01,7.185245e-01,7.247635e-01
7.309577e-01,7.370764e-01,7.432484e-01,7.493394e-01,7.553426e-01
7.612712e-01,7.671421e-01,7.730947e-01,7.789810e-01,7.847597e-01
7.904173e-01,7.959719e-01,8.014353e-01,8.066905e-01,8.118328e-01
8.168559e-01,8.217166e-01,8.263557e-01,8.310087e-01,8.355523e-01
8.399413e-01,8.441796e-01,8.483247e-01,8.523847e-01,8.562979e-01
8.600216e-01,8.635428e-01,8.669023e-01,8.700828e-01,8.730810e-01
8.758238e-01,8.784788e-01,8.808993e-01,8.829884e-01,8.849503e-01
8.867095e-01,8.882854e-01,8.897010e-01,8.909000e-01,8.919650e-01
8.927987e-01,8.934241e-01,8.938034e-01,8.939891e-01,8.940629e-01
8.939639e-01,8.936586e-01,8.931668e-01,8.923479e-01,8.912709e-01
8.900216e-01,8.885386e-01,8.867795e-01,8.847865e-01,8.817985e-01
8.820407e-01,8.821439e-01,8.822494e-01,8.810953e-01,8.799845e-01
8.787913e-01,8.775698e-01,8.762486e-01,8.749879e-01,8.736947e-01
8.723937e-01,8.711890e-01,8.699126e-01,8.688217e-01,8.677434e-01
8.667294e-01,8.657399e-01,8.647863e-01,8.656141e-01,8.661996e-01
8.665691e-01,8.666815e-01,8.664762e-01,8.661816e-01,8.656370e-01
8.647752e-01,8.637627e-01,8.624543e-01,8.609440e-01,8.592282e-01
8.573865e-01,8.554913e-01,8.535517e-01,8.515344e-01,8.498757e-01
8.477515e-01,8.456202e-01,8.435003e-01,8.418659e-01,8.399033e-01
8.384538e-01,8.366671e-01,8.351232e-01,8.335848e-01,8.322289e-01
8.310906e-01,8.303512e-01,8.293690e-01,8.286026e-01,8.284208e-01
8.279397e-01,8.274553e-01,8.270676e-01,8.268599e-01,8.267878e-01
8.271418e-01,8.271711e-01,8.272480e-01,8.274636e-01,8.276547e-01
8.280187e-01,8.284548e-01,8.288104e-01,8.291570e-01,8.295645e-01
8.299087e-01,8.301544e-01,8.302902e-01,8.304290e-01,8.305578e-01
8.306188e-01,8.306429e-01,8.305733e-01,8.303236e-01,8.300544e-01
8.295895e-01,8.290024e-01,8.284211e-01,8.277215e-01,8.269543e-01
8.261534e-01,8.251624e-01,8.241067e-01,8.228028e-01,8.213659e-01
8.197176e-01,8.180029e-01,8.160613e-01,8.137346e-01,8.110879e-01
8.080826e-01,8.047803e-01,8.013261e-01,7.976102e-01,7.934620e-01
7.889505e-01,7.843364e-01,7.793864e-01,7.741818e-01,7.685790e-01
7.627949e-01,7.565815e-01,7.515703e-01,7.463902e-01,7.412074e-01
7.359637e-01,7.307702e-01,7.253221e-01,7.196433e-01,7.140801e-01
7.082453e-01,7.027432e-01,6.973194e-01,6.918575e-01,6.865213e-01
6.813133e-01,6.761107e-01,6.690696e-01,6.620750e-01,6.550987e-01
6.481663e-01,6.413859e-01,6.345975e-01,6.280395e-01,6.218606e-01
6.159331e-01,6.103062e-01,6.049494e-01,6.000621e-01,5.954614e-01
5.911490e-01,5.871983e-01,5.835887e-01,5.799338e-01,5.769711e-01
5.743767e-01,5.722568e-01,5.700386e-01,5.685750e-01,5.670468e-01
5.661744e-01,5.655845e-01,5.654929e-01,5.656624e-01,5.660769e-01
5.663712e-01,5.673310e-01,5.685579e-01,5.695895e-01,5.712499e-01
5.731268e-01,5.751997e-01,5.774337e-01,5.797942e-01,5.819430e-01
5.845540e-01,5.874985e-01,5.905096e-01,5.937165e-01,5.970602e-01
6.006671e-01,6.043163e-01,6.079866e-01,6.116451e-01,6.154131e-01
6.192351e-01,6.231135e-01,6.270098e-01,6.309184e-01,6.348328e-01
6.387147e-01,6.426103e-01,6.465548e-01,6.503530e-01,6.540703e-01
6.577844e-01,6.616129e-01,6.654163e-01,6.691608e-01,6.727467e-01
6.762721e-01,6.796522e-01,6.828582e-01,6.859383e-01,6.889857e-01
6.917625e-01,6.943729e-01,6.972304e-01,6.999991e-01,7.027658e-01
7.054427e-01,7.079811e-01,7.105499e-01,7.130908e-01,7.156716e-01
7.180633e-01,7.204380e-01,7.227550e-01,7.250896e-01,7.273827e-01
7.298560e-01,7.322402e-01,7.347580e-01,7.373330e-01,7.399651e-01
7.425097e-01,7.451980e-01,7.480711e-01,7.508842e-01,7.539435e-01
7.566467e-01,7.594658e-01,7.624208e-01,7.653486e-01,7.682017e-01
7.711824e-01,7.742315e-01,7.772148e-01,7.802019e-01,7.832877e-01
7.864468e-01,7.897304e-01,7.929994e-01,7.961876e-01,7.994422e-01
8.026425e-01,8.059686e-01,8.091986e-01,8.124456e-01,8.157499e-01
8.191015e-01,8.224467e-01,8.258711e-01,8.293517e-01,8.327474e-01
8.360010e-01,8.392136e-01,8.423884e-01,8.455647e-01,8.487873e-01
8.519819e-01,8.550906e-01,8.581810e-01,8.612396e-01,8.643378e-01
8.673235e-01,8.702459e-01,8.730888e-01,8.759449e-01,8.787403e-01
8.815027e-01,8.840277e-01,8.865170e-01,8.889561e-01,8.913445e-01
8.935821e-01,8.958248e-01,8.981003e-01,9.001892e-01,9.020264e-01
9.037797e-01,9.056465e-01,9.073718e-01,9.090318e-01,9.106192e-01
9.121995e-01,9.138739e-01,9.149177e-01,9.159617e-01,9.169332e-01
9.178671e-01,9.186041e-01,9.194021e-01,9.202004e-01,9.210097e-01
9.215927e-01,9.219896e-01,9.224107e-01,9.226335e-01,9.227442e-01
9.227820e-01,9.228602e-01,9.230768e-01,9.228883e-01,9.227644e-01
9.227032e-01,9.224523e-01,9.221422e-01,9.217074e-01,9.211607e-01
9.206512e-01,9.200133e-01,9.194443e-01,9.191479e-01,9.185192e-01
9.178597e-01,9.172127e-01,9.166845e-01,9.160722e-01,9.153348e-01
9.147014e-01,9.140725e-01,9.146858e-01,9.153339e-01,9.162622e-01
9.169766e-01,9.178279e-01,9.186407e-01,9.195245e-01,9.205392e-01
9.215166e-01,9.225582e-01,9.236914e-01,9.249729e-01,9.262555e-01
9.275758e-01,9.290152e-01,9.287987e-01,9.287688e-01,9.289325e-01
9.292703e-01,9.299724e-01,9.308550e-01,9.319974e-01,9.335815e-01
9.356031e-01,9.376755e-01,9.400575e-01,9.427220e-01,9.455752e-01
9.485942e-01,9.516773e-01,9.547727e-01,9.576706e-01,9.610669e-01
9.645821e-01,9.681321e-01,9.713421e-01,9.747911e-01,9.777150e-01
9.808750e-01,9.839340e-01,9.868912e-01,9.895242e-01,9.919983e-01
9.938671e-01,9.958587e-01,9.974389e-01,9.982591e-01,9.991116e-01
9.997831e-01,1,9.998294e-01,9.993011e-01,9.980373e-01
9.966560e-01,9.948802e-01,9.925259e-01,9.898630e-01,9.866763e-01
9.829023e-01,9.786782e-01,9.739645e-01,9.688464e-01,9.632447e-01
9.568149e-01,9.504233e-01,9.434498e-01,9.359595e-01,9.279162e-01
9.195352e-01,9.107105e-01,9.015095e-01,8.918314e-01,8.818608e-01
8.715600e-01,8.607377e-01,8.495612e-01,8.380372e-01,8.260831e-01
8.138128e-01,8.010099e-01,7.882460e-01,7.751341e-01,7.617351e-01
7.479150e-01,7.338520e-01,7.196235e-01,7.053386e-01,6.908629e-01
6.763072e-01,6.616372e-01,6.466126e-01,6.318723e-01,6.171893e-01
6.025611e-01,5.879456e-01,5.735034e-01,5.594190e-01,5.453889e-01
5.316400e-01,5.167123e-01,5.017023e-01,4.864673e-01,4.714600e-01
4.564595e-01,4.415953e-01,4.268567e-01,4.122908e-01,3.979242e-01
3.836306e-01,3.695442e-01,3.555805e-01,3.417543e-01,3.280584e-01
3.144589e-01,3.030711e-01,2.922261e-01,2.816400e-01,2.715455e-01
2.617431e-01,2.523944e-01,2.433384e-01,2.344825e-01,2.257351e-01
2.174412e-01,2.093566e-01,2.013893e-01,1.936103e-01,1.860890e-01
1.786760e-01,1.714960e-01,1.648981e-01,1.581354e-01,1.514647e-01
1.448385e-01,1.386413e-01,1.323375e-01,1.266785e-01,1.208005e-01
1.150212e-01,1.092188e-01,1.035787e-01,9.805083e-02,9.303796e-02
8.777427e-02,8.267713e-02,7.817923e-02,7.345584e-02,6.880984e-02
6.441925e-02,6.013440e-02,5.598303e-02,5.240541e-02,4.864379e-02
4.480836e-02,4.129701e-02,3.788442e-02,3.454282e-02,3.129576e-02
2.820022e-02,2.550045e-02,2.269011e-02,1.999827e-02,1.755874e-02
1.524971e-02,1.313508e-02,1.136945e-02,9.557841e-03,7.946110e-03
6.480559e-03,5.101677e-03,3.940305e-03,2.900768e-03,2.001324e-03
1.218641e-03,6.290482e-04,2.368832e-04,5.212569e-05,0
1.763603e-05,1.266878e-04,3.973079e-04,7.449913e-04,1.371157e-03
2.164748e-03,2.931783e-03,3.749733e-03,4.862085e-03,5.980830e-03
7.195371e-03,8.564041e-03,1.008479e-02,1.177069e-02,1.359912e-02
1.560945e-02,1.774891e-02,1.996324e-02,2.239028e-02,2.479503e-02
2.729391e-02,2.989806e-02,3.261714e-02,3.547743e-02,3.850143e-02
4.153058e-02,4.470884e-02,4.785206e-02,5.103983e-02,5.442728e-02
5.779270e-02,6.116247e-02,6.480291e-02,6.869660e-02,7.266670e-02
7.655115e-02,8.043924e-02,8.462848e-02,8.876473e-02,9.291012e-02
9.711806e-02,1.013854e-01,1.057682e-01,1.101112e-01,1.146763e-01
1.192799e-01,1.239963e-01,1.287202e-01,1.334971e-01,1.383305e-01
1.432095e-01,1.481041e-01,1.529936e-01,1.579611e-01,1.630845e-01
1.682127e-01,1.733406e-01,1.784924e-01,1.836480e-01,1.889047e-01
1.942213e-01,1.996531e-01,2.051959e-01,2.105522e-01,2.161161e-01
2.217864e-01,2.273342e-01,2.330269e-01,2.385984e-01,2.443087e-01
2.499680e-01,2.557126e-01,2.614908e-01,2.673392e-01,2.733332e-01
2.792097e-01,2.851186e-01,2.913801e-01,2.976608e-01,3.041248e-01
3.103693e-01,3.169727e-01,3.235878e-01,3.303078e-01,3.371488e-01
3.436451e-01,3.504940e-01,3.576818e-01,3.648558e-01,3.721051e-01
3.795216e-01,3.869704e-01,3.944522e-01,4.020563e-01,4.097146e-01
4.175355e-01,4.254152e-01,4.334022e-01,4.415357e-01,4.497661e-01
4.580700e-01,4.662151e-01,4.748309e-01,4.834181e-01,4.920415e-01
5.008039e-01,5.096938e-01,5.182465e-01,5.269704e-01,5.357722e-01
5.445933e-01,5.534638e-01,5.621433e-01,5.711428e-01,5.801691e-01
5.892714e-01,5.982870e-01,6.073500e-01,6.165134e-01,6.256328e-01
6.347526e-01,6.461002e-01,6.571427e-01,6.678301e-01,6.782505e-01
6.883162e-01,6.981794e-01,7.077119e-01,7.168613e-01,7.257402e-01
7.343683e-01,7.425093e-01,7.501552e-01,7.575092e-01,7.646333e-01
7.713429e-01,7.776489e-01,7.836979e-01,7.894509e-01,7.948854e-01
8.000144e-01,8.048261e-01,8.093659e-01,8.134568e-01,8.172534e-01
8.207070e-01,8.238596e-01,8.266624e-01,8.292164e-01,8.314684e-01
8.334526e-01,8.352171e-01,8.366776e-01,8.378273e-01,8.387459e-01
8.394234e-01,8.398615e-01,8.400813e-01,8.399762e-01,8.396960e-01
8.391319e-01,8.382708e-01,8.374056e-01,8.361962e-01,8.347154e-01
8.331933e-01,8.313812e-01,8.295859e-01,8.275204e-01,8.254460e-01
8.232192e-01,8.208637e-01,8.183809e-01,8.157944e-01,8.132566e-01
8.106610e-01,8.078858e-01,8.051559e-01,8.023737e-01,7.996590e-01
7.968894e-01,7.941747e-01,7.914437e-01,7.887101e-01,7.865376e-01
7.840362e-01,7.815776e-01,7.793035e-01,7.771877e-01,7.751417e-01
7.732458e-01,7.715127e-01,7.698782e-01,7.684421e-01,7.671082e-01
7.659149e-01,7.648548e-01,7.638494e-01,7.630465e-01,7.624066e-01
7.622041e-01,7.618587e-01,7.616469e-01,7.615897e-01,7.618141e-01
7.622032e-01,7.630505e-01,7.641176e-01,7.654409e-01,7.670059e-01
7.687964e-01,7.710926e-01,7.733540e-01,7.757960e-01,7.784148e-01
7.812851e-01,7.842934e-01,7.874459e-01,7.908320e-01,7.944279e-01
7.957226e-01,7.970173e-01,7.983121e-01,7.996068e-01,8.009015e-01
8.021963e-01,8.034910e-01,8.047857e-01,8.060804e-01,8.073752e-01
8.086699e-01,8.099646e-01,8.112594e-01,8.125541e-01,8.138488e-01
8.151435e-01,8.164383e-01,8.177330e-01,8.190277e-01,8.203225e-01
8.216172e-01,8.229119e-01,8.242067e-01,8.255014e-01,8.267961e-01
8.280908e-01,8.293856e-01,8.306803e-01,8.319750e-01,8.332698e-01
8.345645e-01,8.358592e-01,8.371539e-01,8.384487e-01,8.397434e-01
8.410381e-01,8.423329e-01,8.436276e-01,8.449223e-01,8.462170e-01
8.475118e-01,8.488065e-01,8.501012e-01,8.513960e-01,8.526907e-01
8.539854e-01,8.552801e-01,8.565749e-01,8.578696e-01,8.591643e-01
8.629077e-01,8.640943e-01,8.652707e-01,8.664368e-01,8.675928e-01
8.687386e-01,8.698741e-01,8.709995e-01,8.721147e-01,8.732196e-01
8.743144e-01,8.753989e-01,8.764733e-01,8.775374e-01,8.785914e-01
8.796351e-01,8.806687e-01,8.816920e-01,8.827051e-01,8.837081e-01
8.847008e-01,8.856833e-01,8.866557e-01,8.876178e-01,8.885697e-01
8.895114e-01,8.904429e-01,8.913642e-01,8.922753e-01,8.931762e-01
8.940670e-01,8.949475e-01,8.958177e-01,8.966778e-01,8.975277e-01
8.983674e-01,8.991969e-01,9.000162e-01,9.008253e-01,9.016242e-01
9.024128e-01,9.031913e-01,9.039596e-01,9.047176e-01,9.054655e-01
9.062032e-01,9.069306e-01,9.076479e-01,9.083549e-01,9.090518e-01
5.325963e-01,5.331063e-01,5.336163e-01,5.341264e-01,5.346364e-01
5.351464e-01,5.356565e-01,5.361665e-01,5.366765e-01,5.371866e-01
5.376966e-01,5.382066e-01,5.387167e-01,5.392267e-01,5.397367e-01
5.402468e-01,5.407568e-01,5.412668e-01,5.417769e-01,5.422869e-01
5.427969e-01,5.433070e-01,5.438170e-01,5.443270e-01,5.448371e-01
5.453471e-01,5.458571e-01,5.463672e-01,5.468772e-01,5.473872e-01
5.478973e-01,5.484073e-01,5.489173e-01,5.494274e-01,5.499374e-01
5.504474e-01,5.509575e-01,5.514675e-01,5.519775e-01,5.524876e-01
5.529976e-01,5.535076e-01,5.540177e-01,5.545277e-01,5.550377e-01
5.555478e-01,5.560578e-01,5.565678e-01,5.570779e-01,5.575879e-01
5.580979e-01,5.586080e-01,5.591180e-01,5.596280e-01,5.601381e-01
5.606481e-01,5.611581e-01,5.616682e-01,5.621782e-01,5.626882e-01
5.631983e-01,5.637083e-01,5.642183e-01,5.647284e-01,5.652384e-01
5.657485e-01,5.662585e-01,5.667685e-01,5.672786e-01,5.677886e-01
5.682986e-01,5.688087e-01,5.693187e-01,5.698287e-01,5.703388e-01
5.708488e-01,5.713588e-01,5.718689e-01,5.723789e-01,5.728889e-01
5.733990e-01,5.739090e-01,5.744190e-01,5.749291e-01,5.754391e-01
5.759491e-01,5.764592e-01,5.769692e-01,5.774792e-01,5.779893e-01
5.784993e-01,5.790093e-01,5.795194e-01,5.800294e-01,5.805394e-01
5.810495e-01,5.815595e-01,5.820695e-01,5.825796e-01,5.830896e-01
5.854166e-01,5.874122e-01,5.893524e-01,5.909547e-01,5.924676e-01
5.937788e-01,5.949233e-01,5.957922e-01,5.963740e-01,5.968068e-01
5.972097e-01,5.974597e-01,5.975684e-01,5.974297e-01,5.970724e-01
5.966417e-01,5.961865e-01,5.956011e-01,5.949834e-01,5.942850e-01
5.935767e-01,5.942759e-01,5.934634e-01,5.938689e-01,5.939209e-01
5.936350e-01,5.931727e-01,5.926333e-01,5.918000e-01,5.906953e-01
5.895685e-01,5.882673e-01,5.869009e-01,5.853711e-01,5.833960e-01
5.812584e-01,5.790085e-01,5.768338e-01,5.744830e-01,5.722499e-01
5.698602e-01,5.674393e-01,5.649979e-01,5.625522e-01,5.599114e-01
5.574216e-01,5.549514e-01,5.526182e-01,5.500030e-01,5.474632e-01
5.451325e-01,5.428096e-01,5.406635e-01,5.386205e-01,5.367059e-01
5.347507e-01,5.328260e-01,5.307491e-01,5.288899e-01,5.270983e-01
5.254924e-01,5.242018e-01,5.228926e-01,5.219442e-01,5.210830e-01
5.204157e-01,5.199396e-01,5.195342e-01,5.195808e-01,5.198707e-01
5.204355e-01,5.211839e-01,5.221051e-01,5.230436e-01,5.242560e-01
5.253487e-01,5.266677e-01,5.286030e-01,5.305343e-01,5.326366e-01
5.352239e-01,5.379516e-01,5.406016e-01,5.436593e-01,5.468801e-01
5.504331e-01,5.544089e-01,5.586583e-01,5.628373e-01,5.675211e-01
5.723863e-01,5.775102e-01,5.828787e-01,5.883256e-01,5.942283e-01
6.003648e-01,6.071318e-01,6.139010e-01,6.207493e-01,6.258062e-01
6.311801e-01,6.364256e-01,6.420689e-01,6.477517e-01,6.533306e-01
6.590383e-01,6.648523e-01,6.711716e-01,6.776074e-01,6.839929e-01
6.907280e-01,6.974269e-01,7.042352e-01,7.112112e-01,7.179911e-01
7.245315e-01,7.311885e-01,7.376830e-01,7.446194e-01,7.511271e-01
7.560139e-01,7.623180e-01,7.672522e-01,7.716903e-01,7.764563e-01
7.807199e-01,7.848912e-01,7.888142e-01,7.929613e-01,7.967896e-01
8.007585e-01,8.043673e-01,8.082447e-01,8.121680e-01,8.157458e-01
8.196235e-01,8.233474e-01,8.272625e-01,8.305852e-01,8.342363e-01
8.379012e-01,8.413426e-01,8.448305e-01,8.485880e-01,8.519104e-01
8.552752e-01,8.588125e-01,8.625489e-01,8.661165e-01,8.697059e-01
8.732921e-01,8.767484e-01,8.799315e-01,8.830619e-01,8.864021e-01
8.899377e-01,8.936841e-01,8.972201e-01,9.007331e-01,9.039961e-01
9.070308e-01,9.105235e-01,9.137064e-01,9.170603e-01,9.203580e-01
9.235505e-01,9.268610e-01,9.295496e-01,9.324352e-01,9.351690e-01
9.378219e-01,9.403888e-01,9.430945e-01,9.459386e-01,9.486583e-01
9.516113e-01,9.538775e-01,9.564884e-01,9.590393e-01,9.610867e-01
9.631489e-01,9.655853e-01,9.677242e-01,9.698268e-01,9.718561e-01
9.737104e-01,9.756482e-01,9.778135e-01,9.798144e-01,9.816210e-01
9.833320e-01,9.850448e-01,9.869572e-01,9.886903e-01,9.902559e-01
9.911970e-01,9.920750e-01,9.931875e-01,9.944744e-01,9.957121e-01
9.969036e-01,9.978824e-01,9.983912e-01,9.991116e-01,9.995349e-01
1,9.997835e-01,9.996334e-01,9.993542e-01,9.983385e-01
9.974899e-01,9.967706e-01,9.956672e-01,9.943744e-01,9.931615e-01
9.919266e-01,9.906476e-01,9.888922e-01,9.875232e-01,9.860285e-01
9.843913e-01,9.824913e-01,9.807746e-01,9.788586e-01,9.772927e-01
9.756153e-01,9.745166e-01,9.730173e-01,9.714758e-01,9.698243e-01
9.683646e-01,9.662715e-01,9.642533e-01,9.624384e-01,9.605467e-01
9.585852e-01,9.561445e-01,9.539879e-01,9.513461e-01,9.487851e-01
9.458282e-01,9.406297e-01,9.354796e-01,9.304920e-01,9.256768e-01
9.209003e-01,9.162889e-01,9.120098e-01,9.076895e-01,9.033361e-01
8.990452e-01,8.948057e-01,8.908861e-01,8.871775e-01,8.832495e-01
8.795022e-01,8.757589e-01,8.721385e-01,8.685695e-01,8.652556e-01
8.616677e-01,8.577228e-01,8.541185e-01,8.524692e-01,8.501087e-01
8.473501e-01,8.446575e-01,8.414115e-01,8.377614e-01,8.339881e-01
8.302045e-01,8.261394e-01,8.212892e-01,8.165199e-01,8.112477e-01
8.062659e-01,8.007562e-01,7.952759e-01,7.898053e-01,7.844334e-01
7.790926e-01,7.736708e-01,7.684448e-01,7.630456e-01,7.578611e-01
7.524663e-01,7.471392e-01,7.419548e-01,7.370144e-01,7.322206e-01
7.274934e-01,7.229454e-01,7.184675e-01,7.141041e-01,7.101891e-01
7.070002e-01,7.038459e-01,7.007927e-01,6.976776e-01,6.947418e-01
6.922858e-01,6.901964e-01,6.882860e-01,6.866864e-01,6.851718e-01
6.842182e-01,6.835118e-01,6.829698e-01,6.831119e-01,6.830352e-01
6.829092e-01,6.834672e-01,6.844948e-01,6.859787e-01,6.875414e-01
6.892054e-01,6.913140e-01,6.933460e-01,6.956022e-01,6.978052e-01
6.999764e-01,7.026168e-01,7.052071e-01,7.079358e-01,7.105537e-01
7.128264e-01,7.150904e-01,7.173927e-01,7.193319e-01,7.211890e-01
7.229640e-01,7.245479e-01,7.264992e-01,7.281224e-01,7.295043e-01
7.310742e-01,7.323895e-01,7.340172e-01,7.351307e-01,7.364409e-01
7.399030e-01,7.432569e-01,7.469859e-01,7.509022e-01,7.545693e-01
7.582071e-01,7.617308e-01,7.651923e-01,7.686562e-01,7.721276e-01
7.757393e-01,7.790483e-01,7.818560e-01,7.846808e-01,7.871271e-01
7.897365e-01,7.922531e-01,7.945950e-01,7.965460e-01,7.984033e-01
8.003981e-01,8.017377e-01,8.007587e-01,7.997609e-01,7.989763e-01
7.976832e-01,7.963995e-01,7.951564e-01,7.933397e-01,7.911126e-01
7.886925e-01,7.865094e-01,7.844683e-01,7.823821e-01,7.801578e-01
7.781275e-01,7.757160e-01,7.734818e-01,7.709642e-01,7.683768e-01
7.661747e-01,7.638709e-01,7.618286e-01,7.595675e-01,7.574923e-01
7.554749e-01,7.532022e-01,7.510064e-01,7.489759e-01,7.470604e-01
7.452194e-01,7.436295e-01,7.420946e-01,7.404635e-01,7.387344e-01
7.369928e-01,7.352601e-01,7.337658e-01,7.323319e-01,7.306719e-01
7.292132e-01,7.280763e-01,7.270448e-01,7.261547e-01,7.252911e-01
7.242222e-01,7.233299e-01,7.223735e-01,7.215666e-01,7.210045e-01
7.202697e-01,7.196246e-01,7.188238e-01,7.179313e-01,7.174526e-01
7.166382e-01,7.159746e-01,7.151479e-01,7.143655e-01,7.140580e-01
7.134597e-01,7.127363e-01,7.120828e-01,7.114919e-01,7.109132e-01
7.105675e-01,7.101911e-01,7.098998e-01,7.096219e-01,7.095777e-01
7.097009e-01,7.095159e-01,7.092346e-01,7.093844e-01,7.092143e-01
7.090855e-01,7.085827e-01,7.082120e-01,7.079003e-01,7.076244e-01
7.072011e-01,7.069849e-01,7.062911e-01,7.056681e-01,7.050918e-01
7.043209e-01,7.034862e-01,7.028407e-01,7.019138e-01,7.010421e-01
6.997013e-01,6.984753e-01,6.970990e-01,6.956317e-01,6.938588e-01
6.919312e-01,6.899272e-01,6.879696e-01,6.858984e-01,6.840470e-01
6.819843e-01,6.797620e-01,6.776767e-01,6.750535e-01,6.727989e-01
6.702730e-01,6.674562e-01,6.648258e-01,6.621976e-01,6.596393e-01
6.567856e-01,6.536337e-01,6.505101e-01,6.473951e-01,6.439850e-01
6.407714e-01,6.376867e-01,6.347603e-01,6.317605e-01,6.285330e-01
6.252620e-01,6.221858e-01,6.188763e-01,6.154543e-01,6.122196e-01
6.091121e-01,6.060206e-01,6.030253e-01,6.000531e-01,5.970475e-01
5.937018e-01,5.903951e-01,5.873272e-01,5.842663e-01,5.814038e-01
5.784912e-01,5.755859e-01,5.732011e-01,5.707439e-01,5.683343e-01
5.656539e-01,5.629813e-01,5.604916e-01,5.582571e-01,5.560993e-01
5.543080e-01,5.524550e-01,5.508461e-01,5.494760e-01,5.477884e-01
5.460942e-01,5.445774e-01,5.431246e-01,5.419531e-01,5.406570e-01
5.393372e-01,5.383561e-01,5.372373e-01,5.359795e-01,5.349187e-01
5.339441e-01,5.329669e-01,5.321510e-01,5.313510e-01,5.306966e-01
5.296410e-01,5.289160e-01,5.279801e-01,5.268864e-01,5.260857e-01
5.254816e-01,5.249393e-01,5.240745e-01,5.232596e-01,5.227329e-01
5.225012e-01,5.222665e-01,5.220139e-01,5.217638e-01,5.218989e-01
5.243718e-01,5.270789e-01,5.295982e-01,5.321002e-01,5.348031e-01
5.375057e-01,5.400168e-01,5.426093e-01,5.451235e-01,5.479367e-01
5.505757e-01,5.533046e-01,5.560820e-01,5.587913e-01,5.613697e-01
5.641479e-01,5.669690e-01,5.696777e-01,5.721364e-01,5.747085e-01
5.771514e-01,5.796238e-01,5.801390e-01,5.806663e-01,5.812976e-01
5.824301e-01,5.838315e-01,5.851600e-01,5.865653e-01,5.882374e-01
5.902490e-01,5.923649e-01,5.944779e-01,5.969471e-01,5.994547e-01
6.018845e-01,6.044478e-01,6.073817e-01,6.102646e-01,6.132386e-01
6.161709e-01,6.192607e-01,6.228268e-01,6.260588e-01,6.294578e-01
6.329576e-01,6.362696e-01,6.397191e-01,6.431167e-01,6.465904e-01
6.503574e-01,6.539109e-01,6.576745e-01,6.615955e-01,6.651951e-01
6.689517e-01,6.723134e-01,6.759270e-01,6.795671e-01,6.831187e-01
6.866552e-01,6.902657e-01,6.935965e-01,6.970086e-01,7.001713e-01
7.031641e-01,7.061311e-01,7.086254e-01,7.114197e-01,7.143589e-01
7.166134e-01,7.190358e-01,7.207603e-01,7.225846e-01,7.243056e-01
7.257451e-01,7.272934e-01,7.285275e-01,7.295672e-01,7.307228e-01
7.315170e-01,7.321600e-01,7.327877e-01,7.330095e-01,7.336492e-01
7.343017e-01,7.350550e-01,7.363706e-01,7.375766e-01,7.389169e-01
7.405916e-01,7.422002e-01,7.442116e-01,7.464706e-01,7.489486e-01
7.516435e-01,7.546636e-01,7.578549e-01,7.615007e-01,7.626671e-01
7.637789e-01,7.651961e-01,7.660954e-01,7.669911e-01,7.678936e-01
7.687560e-01,7.693412e-01,7.697198e-01,7.694462e-01,7.695397e-01
7.694014e-01,7.692246e-01,7.688426e-01,7.684288e-01,7.674556e-01
7.663082e-01,7.649868e-01,7.634378e-01,7.615344e-01,7.597023e-01
7.574946e-01,7.571877e-01,7.570635e-01,7.565971e-01,7.559527e-01
7.550595e-01,7.541676e-01,7.533714e-01,7.526377e-01,7.516098e-01
7.503954e-01,7.490082e-01,7.474783e-01,7.458812e-01,7.441110e-01
7.421029e-01,7.397089e-01,7.372888e-01,7.348259e-01,7.321418e-01
7.293219e-01,7.261976e-01,7.232919e-01,7.202209e-01,7.168525e-01
7.134337e-01,7.096608e-01,7.059361e-01,7.021038e-01,6.980423e-01
6.940646e-01,6.896901e-01,6.850648e-01,6.806439e-01,6.760779e-01
6.715118e-01,6.666525e-01,6.617449e-01,6.568370e-01,6.519220e-01
6.466173e-01,6.403474e-01,6.339823e-01,6.274088e-01,6.209825e-01
6.144312e-01,6.078940e-01,6.012282e-01,5.942869e-01,5.877381e-01
5.810246e-01,5.744630e-01,5.678823e-01,5.613256e-01,5.547655e-01
5.482317e-01,5.418732e-01,5.357172e-01,5.295543e-01,5.236903e-01
5.179636e-01,5.123305e-01,5.069819e-01,5.018794e-01,4.967853e-01
4.920286e-01,4.872172e-01,4.826333e-01,4.781178e-01,4.736437e-01
4.695603e-01,4.657004e-01,4.618795e-01,4.580550e-01,4.543882e-01
4.509286e-01,4.477624e-01,4.446075e-01,4.416459e-01,4.388030e-01
4.357834e-01,4.332579e-01,4.307038e-01,4.280710e-01,4.253873e-01
4.229156e-01,4.205093e-01,4.187396e-01,4.166522e-01,4.145815e-01
4.124409e-01,4.104118e-01,4.082929e-01,4.065232e-01,4.046330e-01
4.027012e-01,4.008075e-01,3.990336e-01,3.970440e-01,3.950786e-01
3.931602e-01,3.909685e-01,3.890537e-01,3.869629e-01,3.848644e-01
3.828123e-01,3.804992e-01,3.779446e-01,3.754224e-01,3.729285e-01
3.703634e-01,3.677072e-01,3.650933e-01,3.624826e-01,3.599296e-01
3.573030e-01,3.546668e-01,3.519720e-01,3.491794e-01,3.465560e-01
3.437374e-01,3.407730e-01,3.376665e-01,3.346564e-01,3.316046e-01
3.286141e-01,3.254063e-01,3.222253e-01,3.190253e-01,3.157348e-01
3.123914e-01,3.089222e-01,3.054805e-01,3.019205e-01,2.982103e-01
2.944271e-01,2.904665e-01,2.863619e-01,2.820954e-01,2.778003e-01
2.744325e-01,2.710646e-01,2.676968e-01,2.643290e-01,2.609612e-01
2.575934e-01,2.542256e-01,2.508577e-01,2.474899e-01,2.441221e-01
2.407543e-01,2.373865e-01,2.340186e-01,2.306508e-01,2.272830e-01
2.239152e-01,2.205474e-01,2.171796e-01,2.138117e-01,2.104439e-01
2.070761e-01,2.037083e-01,2.003405e-01,1.969727e-01,1.936048e-01
1.902370e-01,1.868692e-01,1.835014e-01,1.801336e-01,1.767658e-01
1.733979e-01,1.700301e-01,1.666623e-01,1.632945e-01,1.599267e-01
1.565589e-01,1.531910e-01,1.498232e-01,1.464554e-01,1.430876e-01
1.397198e-01,1.363519e-01,1.329841e-01,1.296163e-01,1.262485e-01
1.228807e-01,1.195129e-01,1.161450e-01,1.127772e-01,1.094094e-01
9.631537e-02,9.337712e-02,9.047941e-02,8.762222e-02,8.480555e-02
8.202941e-02,7.929380e-02,7.659871e-02,7.394415e-02,7.133012e-02
6.875661e-02,6.622363e-02,6.373117e-02,6.127924e-02,5.886783e-02
5.649695e-02,5.416660e-02,5.187677e-02,4.962747e-02,4.741870e-02
4.525045e-02,4.312272e-02,4.103553e-02,3.898886e-02,3.698271e-02
3.501709e-02,3.309200e-02,3.120743e-02,2.936339e-02,2.755987e-02
2.579688e-02,2.407442e-02,2.239248e-02,2.075107e-02,1.915018e-02
1.758982e-02,1.606999e-02,1.459068e-02,1.315190e-02,1.175364e-02
1.039591e-02,9.078703e-03,7.802025e-03,6.565872e-03,5.370245e-03
4.215144e-03,3.100569e-03,2.026520e-03,9.929971e-04,0
