0.500861586,0,1,0.627129012,0
0.501193647,0.003327751,0.997441033,0.627067004,0
0.501525708,0.006655501,0.994882067,0.627004995,0
0.501857769,0.009983252,0.9923231,0.626942986,0
0.50218983,0.013311003,0.989764133,0.626880977,0
0.50252189,0.016638753,0.987205167,0.626818968,0
0.502853951,0.019966504,0.9846462,0.626756959,0
0.503186012,0.023294255,0.982087233,0.62669495,0
0.503518073,0.026622005,0.979528267,0.626632941,0
0.503850134,0.029949756,0.9769693,0.626570932,0
0.504182195,0.033277507,0.974410333,0.626508923,0
0.504514255,0.036605258,0.971851366,0.626446914,0
0.504846316,0.039933008,0.9692924,0.626384905,0
0.505178377,0.043260759,0.966733433,0.626322896,0
0.505510438,0.04658851,0.964174466,0.626260887,0
0.505842499,0.04991626,0.9616155,0.626198878,0
0.50617456,0.053244011,0.959056533,0.626136869,0
0.50650662,0.056571762,0.956497566,0.62607486,0
0.506838681,0.059899512,0.9539386,0.626012851,0
0.507170742,0.063227263,0.951379633,0.625950843,0
0.507502803,0.066555014,0.948820666,0.625888834,0
0.507834864,0.069882764,0.9462617,0.625826825,0
0.508166924,0.073210515,0.943702733,0.625764816,0
0.508498985,0.076538266,0.941143766,0.625702807,0
0.508831046,0.079866016,0.9385848,0.625640798,0
0.509163107,0.083193767,0.936025833,0.625578789,0
0.509495168,0.086521518,0.933466866,0.62551678,0
0.509827229,0.089849268,0.9309079,0.625454771,0
0.510159289,0.093177019,0.928348933,0.625392762,0
0.51049135,0.09650477,0.925789966,0.625330753,0
0.510823411,0.099832521,0.923230999,0.625268744,0
0.511155472,0.103160271,0.920672033,0.625206735,0
0.511487533,0.106488022,0.918113066,0.625144726,0
0.511819593,0.109815773,0.915554099,0.625082717,0
0.512151654,0.113143523,0.912995133,0.625020708,0
0.512483715,0.116471274,0.910436166,0.624958699,0
0.512815776,0.119799025,0.907877199,0.62489669,0
0.513147837,0.123126775,0.905318233,0.624834682,0
0.513479898,0.126454526,0.902759266,0.624772673,0
0.513811958,0.129782277,0.900200299,0.624710664,0
0.514144019,0.133110027,0.897641333,0.624648655,0
0.51447608,0.136437778,0.895082366,0.624586646,0
0.514808141,0.139765529,0.892523399,0.624524637,0
0.515140202,0.143093279,0.889964433,0.624462628,0
0.515472263,0.14642103,0.887405466,0.624400619,0
0.515804323,0.149748781,0.884846499,0.62433861,0
0.516136384,0.153076531,0.882287533,0.624276601,0
0.516468445,0.156404282,0.879728566,0.624214592,0
0.516800506,0.159732033,0.877169599,0.624152583,0
0.517132567,0.163059784,0.874610633,0.624090574,0
0.517464627,0.166387534,0.872051666,0.624028565,0
0.517796688,0.169715285,0.869492699,0.623966556,0
0.518128749,0.173043036,0.866933732,0.623904547,0
0.51846081,0.176370786,0.864374766,0.623842538,0
0.518792871,0.179698537,0.861815799,0.623780529,0
0.519124932,0.183026288,0.859256832,0.623718521,0
0.519456992,0.186354038,0.856697866,0.623656512,0
0.519789053,0.189681789,0.854138899,0.623594503,0
0.520121114,0.19300954,0.851579932,0.623532494,0
0.520453175,0.19633729,0.849020966,0.623470485,0
0.520785236,0.199665041,0.846461999,0.623408476,0
0.521117297,0.202992792,0.843903032,0.623346467,0
0.521449357,0.206320542,0.841344066,0.623284458,0
0.521781418,0.209648293,0.838785099,0.623222449,0
0.522113479,0.212976044,0.836226132,0.62316044,0
0.52244554,0.216303795,0.833667166,0.623098431,0
0.522777601,0.219631545,0.831108199,0.623036422,0
0.523109661,0.222959296,0.828549232,0.622974413,0
0.523441722,0.226287047,0.825990266,0.622912404,0
0.523773783,0.229614797,0.823431299,0.622850395,0
0.524105844,0.232942548,0.820872332,0.622788386,0
0.524437905,0.236270299,0.818313365,0.622726377,0
0.524769966,0.239598049,0.815754399,0.622664369,0
0.525102026,0.2429258,0.813195432,0.62260236,0
0.525434087,0.246253551,0.810636465,0.622540351,0
0.525766148,0.249581301,0.808077499,0.622478342,0
0.526098209,0.252909052,0.805518532,0.622416333,0
0.52643027,0.256236803,0.802959565,0.622354324,0
0.52676233,0.259564553,0.800400599,0.622292315,0
0.527094391,0.262892304,0.797841632,0.622230306,0
0.527426452,0.266220055,0.795282665,0.622168297,0
0.527758513,0.269547805,0.792723699,0.622106288,0
0.528090574,0.272875556,0.790164732,0.622044279,0
0.528422635,0.276203307,0.787605765,0.62198227,0
0.528754695,0.279531058,0.785046799,0.621920261,0
0.529086756,0.282858808,0.782487832,0.621858252,0
0.529418817,0.286186559,0.779928865,0.621796243,0
0.529750878,0.28951431,0.777369899,0.621734234,0
0.530082939,0.29284206,0.774810932,0.621672225,0
0.530415,0.296169811,0.772251965,0.621610216,0
0.53074706,0.299497562,0.769692998,0.621548208,0
0.531079121,0.302825312,0.767134032,0.621486199,0
0.531411182,0.306153063,0.764575065,0.62142419,0
0.531743243,0.309480814,0.762016098,0.621362181,0
0.532075304,0.312808564,0.759457132,0.621300172,0
0.532407364,0.316136315,0.756898165,0.621238163,0
0.532739425,0.319464066,0.754339198,0.621176154,0
0.533071486,0.322791816,0.751780232,0.621114145,0
0.533403547,0.326119567,0.749221265,0.621052136,0
0.533735608,0.329447318,0.746662298,0.620990127,0
0.526321104,0.332711973,0.743695467,0.62088286,0
0.519431871,0.335855798,0.740430976,0.620863776,0
0.513455395,0.339607746,0.737367796,0.62087827,0
0.508000338,0.34239066,0.734453571,0.620928853,0
0.503390059,0.346777672,0.730118563,0.62097582,0
0.499463366,0.35095093,0.727320874,0.620443073,0
0.496206864,0.354549368,0.724263486,0.620756389,0
0.493488596,0.357768795,0.722007421,0.620854515,0
0.491612601,0.361403923,0.719753282,0.621089176,0
0.490421909,0.365276704,0.717093127,0.62134592,0
0.48995112,0.368540753,0.714355468,0.621471373,0
0.490029706,0.371335466,0.711822143,0.621454999,0
0.490847698,0.37376567,0.709454909,0.621348863,0
0.492522886,0.376732261,0.705968301,0.62157579,0
0.494890131,0.379217987,0.704213762,0.621864828,0
0.497936037,0.380308842,0.701299688,0.622206245,0
0.501663039,0.384717518,0.699180869,0.622254295,0
0.506068138,0.385811891,0.696827421,0.622023934,0
0.511168075,0.389692622,0.694928726,0.62207075,0
0.516764549,0.393187576,0.693339208,0.621857947,0
0.523019056,0.396066796,0.691407805,0.621681176,0
0.530053932,0.400502168,0.689128636,0.621298201,0
0.53757087,0.404608432,0.686672484,0.62091746,0
0.545832229,0.407406683,0.685002068,0.619305671,0
0.554689686,0.411671389,0.68298604,0.618598567,0
0.564002042,0.415889394,0.681426501,0.617993432,0
0.573989374,0.419115401,0.679872144,0.617377405,0
0.584511465,0.423135844,0.678010249,0.616832105,0
0.595222595,0.42760171,0.676853887,0.616003806,0
0.606754739,0.430553405,0.674972023,0.615345334,0
0.61874228,0.433217293,0.67313139,0.614746797,0
0.631175151,0.433640957,0.674175517,0.614041565,0
0.644002,0.437525334,0.672696649,0.612128693,0
0.657137839,0.440294894,0.671118823,0.611572643,0
0.670614276,0.443927938,0.669405335,0.611233815,0
0.684459363,0.447387264,0.667914917,0.610797522,0
0.698545971,0.449883641,0.666470463,0.60989196,0
0.709010519,0.453562619,0.6649946,0.609168648,0
0.719498262,0.455837866,0.663923589,0.608867781,0
0.734530058,0.458072761,0.662081649,0.608320289,0
0.749677295,0.461681066,0.660786341,0.6072932,0
0.764815245,0.463800947,0.658965964,0.606478681,0
0.779905954,0.465911286,0.657751541,0.60549649,0
0.794889907,0.468952269,0.656957731,0.604964314,0
0.809704395,0.470971057,0.655414567,0.604599969,0
0.824300402,0.47406527,0.654536537,0.604779378,0
0.838486604,0.476364424,0.65372162,0.604769569,0
0.852529108,0.479693922,0.652114524,0.605040709,0
0.866190046,0.483068187,0.651039757,0.605190863,0
0.879422477,0.485438545,0.649595395,0.606325194,0
0.892187554,0.488275864,0.648578044,0.606412336,0
0.904448312,0.491974122,0.646933154,0.60714739,0
0.916161377,0.49485465,0.645593787,0.607893632,0
0.919416263,0.497968551,0.644703028,0.608484484,0
0.930459608,0.501082617,0.64304953,0.609609694,0
0.940691442,0.505328342,0.641672599,0.610961207,0
0.950324452,0.509640911,0.640573918,0.612473878,0
0.959247297,0.513983986,0.639099748,0.614057702,0
0.967382958,0.518428876,0.637495479,0.615766382,0
0.974559932,0.522730571,0.635406902,0.617732915,0
0.981052023,0.527351717,0.633659477,0.61965683,0
0.986641583,0.531970876,0.631523328,0.622795881,0
0.991292745,0.53607341,0.629643629,0.624677037,0
0.994961777,0.541188465,0.627614361,0.626681683,0
0.99769783,0.546525871,0.625379732,0.629763097,0
0.999284152,0.551100741,0.623114869,0.631864554,0
1,0.556488787,0.620939437,0.63390389,0
0.999540313,0.561177925,0.617996106,0.636166255,0
0.998161867,0.566049329,0.615243298,0.638427685,0
0.995701639,0.570921222,0.612126128,0.641739868,0
0.992139017,0.576025307,0.609555176,0.644289125,0
0.987312856,0.58159135,0.606433369,0.646782467,0
0.981567742,0.587726307,0.602884696,0.649150418,0
0.974661799,0.593909425,0.599632281,0.651632584,0
0.966682211,0.600058977,0.596269608,0.654420392,0
0.957607222,0.605404745,0.592827699,0.657095138,0
0.947474998,0.610969905,0.589195923,0.659995239,0
0.936261093,0.616506535,0.585171134,0.66297309,0
0.923994266,0.623059466,0.581729615,0.665570329,0
0.910699953,0.629545363,0.578227879,0.667903663,0
0.896380969,0.636260961,0.573917784,0.670279781,0
0.881069983,0.642767971,0.569578261,0.673424299,0
0.86468228,0.649290533,0.565493216,0.67567125,0
0.847495403,0.655793359,0.561342434,0.678350108,0
0.829419171,0.662153883,0.557152765,0.681371206,0
0.806912794,0.667683641,0.55283073,0.684053685,0
0.787215923,0.673211219,0.548404562,0.686524003,0
0.766746087,0.679609007,0.546398662,0.688814141,0
0.745524036,0.685953092,0.541233311,0.691034185,0
0.723681636,0.691455173,0.535930006,0.692907567,0
0.701066936,0.697000835,0.530539385,0.695090784,0
0.677725344,0.70324814,0.525351335,0.696620294,0
0.653491488,0.7092678,0.52002225,0.698574081,0
0.628702547,0.715048093,0.51458985,0.700132936,0
0.603194782,0.719722704,0.509023761,0.701283382,0
0.576853105,0.724351698,0.502736229,0.702758122,0
0.549973016,0.729695095,0.497265487,0.703998974,0
0.52239483,0.734167719,0.491691385,0.705062414,0
0.494160647,0.739411728,0.485929874,0.706002794,0
0.473859009,0.744025475,0.480563848,0.70661555,0
0.453893173,0.749029801,0.475523002,0.70713245,0
0.434235604,0.753286194,0.469598302,0.70732312,0
0.415005204,0.757533481,0.466433522,0.707717857,0
0.394544905,0.760832599,0.465024181,0.707401439,0
0.376184333,0.763281326,0.458694606,0.70765827,0
0.358499877,0.766667387,0.453508026,0.706876467,0
0.341339855,0.769660657,0.44753808,0.706216988,0
0.324732934,0.771997951,0.441089368,0.705244581,0
0.308686104,0.774809404,0.434744316,0.704221101,0
0.293201634,0.777668281,0.429772203,0.703108804,0
0.278485541,0.780520705,0.423738757,0.701932156,0
0.264381066,0.783981348,0.41760318,0.700703974,0
0.250776077,0.785868716,0.41277367,0.698717483,0
0.23779321,0.787943346,0.406069764,0.696623251,0
0.225315816,0.792585828,0.401064077,0.694154873,0
0.213675448,0.793089655,0.39546292,0.691834609,0
0.202692405,0.797630134,0.390610637,0.688425426,0
0.192351964,0.798780538,0.385221019,0.68514662,0
0.182693896,0.800855497,0.382242364,0.681712356,0
0.173878174,0.802223844,0.377333209,0.678428121,0
0.165449084,0.801977241,0.372870644,0.675031001,0
0.157988206,0.801852291,0.368723281,0.671691288,0
0.151042691,0.80373317,0.366955407,0.668913285,0
0.144714402,0.803095015,0.362882431,0.664034214,0
0.138712876,0.802837608,0.358006549,0.660167045,0
0.133577549,0.803281527,0.353668443,0.656170828,0
0.12885461,0.802613513,0.349984719,0.651806967,0
0.125178864,0.80089472,0.345737095,0.647908295,0
0.121681012,0.800370727,0.342575068,0.643619423,0
0.118637622,0.799862847,0.339603013,0.639199298,0
0.115579867,0.800927608,0.333721593,0.634317801,0
0.11339152,0.799293479,0.330348355,0.630716674,0
0.111633487,0.798803749,0.326508783,0.625741465,0
0.10986384,0.797286701,0.324054889,0.618651696,0
0.108559083,0.794831415,0.323746315,0.613544089,0
0.107613812,0.793880574,0.320735612,0.606986035,0
0.111137903,0.791648735,0.317630831,0.602276176,0
0.11587122,0.789767914,0.31720762,0.597190265,0
0.116813586,0.788669138,0.315295705,0.592622352,0
0.117970428,0.786122701,0.31275435,0.58823391,0
0.11934098,0.785246314,0.310681025,0.583986495,0
0.120756868,0.784285311,0.308732847,0.579858118,0
0.122301476,0.782486394,0.306540871,0.573651331,0
0.123990658,0.781036707,0.305771805,0.570080285,0
0.125796406,0.779367424,0.304500079,0.566003258,0
0.127699159,0.778445532,0.303158392,0.562014875,0
0.129457029,0.775894019,0.30314129,0.558034385,0
0.131246024,0.773267249,0.302680723,0.554185663,0
0.13302104,0.771961652,0.302879057,0.549521752,0
0.134626272,0.77110695,0.302582211,0.545941246,0
0.136327805,0.769663368,0.303188035,0.541480949,0
0.137797824,0.76921203,0.303754012,0.537680985,0
0.14787346,0.767898208,0.304032955,0.533964698,0
0.150370542,0.767121718,0.305878745,0.530447087,0
0.152717139,0.765158632,0.307322239,0.526517425,0
0.154908708,0.763706285,0.308559298,0.52270162,0
0.157099359,0.762624743,0.309915093,0.518750128,0
0.159147354,0.761220697,0.311602188,0.515039496,0
0.161177639,0.759464749,0.314314224,0.511129348,0
0.162873456,0.757641084,0.316629318,0.507745989,0
0.164401523,0.755873206,0.31888616,0.503323848,0
0.165772803,0.755450728,0.320792705,0.500782136,0
0.167016965,0.75419427,0.322970434,0.498142845,0
0.168053806,0.752133032,0.325666497,0.494755673,0
0.169089805,0.751480369,0.327955108,0.492554751,0
0.169843006,0.750324967,0.330419005,0.490720992,0
0.170605566,0.749999028,0.333241151,0.489574922,0
0.170988152,0.749718965,0.335953305,0.488193339,0
0.171085957,0.749780544,0.338587208,0.486556896,0
0.171195344,0.749198665,0.341029803,0.485775605,0
0.171267381,0.748557582,0.343893152,0.485453898,0
0.171312265,0.747696604,0.347465001,0.485505257,0
0.171207599,0.746099365,0.350666811,0.485169707,0
0.171015918,0.744908336,0.353628983,0.484827586,0
0.170765016,0.744000472,0.356649579,0.485054395,0
0.170452551,0.743555895,0.360243762,0.485320615,0
0.17013103,0.743560397,0.364245845,0.485436869,0
0.169788386,0.741961671,0.367646564,0.486620148,0
0.169447776,0.74018019,0.370671888,0.487465837,0
0.169221748,0.738775195,0.374821992,0.488300622,0
0.168858705,0.737557974,0.379017106,0.489206224,0
0.168492056,0.735608135,0.382985383,0.490955727,0
0.168189007,0.73322404,0.386693791,0.493371351,0
0.16786426,0.730821345,0.390749583,0.494664434,0
0.171474368,0.729876534,0.395079248,0.496651275,0
0.171791874,0.728509209,0.399422833,0.498879279,0
0.172089081,0.726572022,0.40082522,0.501608445,0
0.172215058,0.724780733,0.405421064,0.504501446,0
0.172304545,0.723555211,0.409750749,0.507726702,0
0.172377922,0.721484043,0.414444004,0.511318743,0
0.172375914,0.718799044,0.418561597,0.514959655,0
0.172510049,0.716141041,0.422889805,0.518821624,0
0.172411259,0.713013473,0.427934713,0.523429349,0
0.172271446,0.711436292,0.432767153,0.528453041,0
0.172230684,0.710055296,0.438400185,0.533638689,0
0.171962076,0.707060688,0.443635776,0.539344339,0
0.171766923,0.704758406,0.448892638,0.545194056,0
0.171350172,0.702218849,0.454431696,0.551426063,0
0.170851705,0.699449287,0.45941643,0.557610321,0
0.170496134,0.695905424,0.464329767,0.563832283,0
0.169889136,0.692975432,0.470616653,0.570658295,0
0.169377143,0.690350789,0.473524469,0.577254962,0
0.170493297,0.686582854,0.476186938,0.584694624,0
0.170086144,0.684192757,0.481661768,0.592444938,0
0.169451882,0.681142907,0.487013217,0.600305295,0
0.168902846,0.678769195,0.493416004,0.608534004,0
0.168153303,0.676379753,0.499086891,0.616803467,0
0.167377979,0.672863891,0.504930597,0.624363825,0
0.166553185,0.669250468,0.509843759,0.632304426,0
0.165669218,0.665409134,0.515730442,0.640031707,0
0.1646735,0.661408566,0.521583584,0.647793373,0
0.163629872,0.657707089,0.527897161,0.655931777,0
0.162676337,0.655081977,0.534384472,0.664242297,0
0.16167019,0.651286242,0.54023196,0.672105846,0
0.160579396,0.648105909,0.546797922,0.680055627,0
0.159284698,0.643478048,0.552689485,0.688960786,0
0.157908133,0.639527451,0.559405812,0.697190625,0
0.156783936,0.635120843,0.563380929,0.705380271,0
0.155308594,0.632005996,0.569837342,0.713143898,0
0.153932662,0.628723545,0.576242755,0.720796842,0
0.152347462,0.624722182,0.582833158,0.728149458,0
0.15055986,0.619934694,0.585982258,0.736110668,0
0.14886551,0.615650636,0.591934198,0.745044921,0
0.147557933,0.610869472,0.598114301,0.752436163,0
0.146057307,0.606305358,0.604384335,0.759974913,0
0.144590463,0.601830549,0.610266712,0.766891386,0
0.142780028,0.597318072,0.615805135,0.773969529,0
0.140940649,0.592706307,0.621506268,0.780786787,0
0.139118811,0.588063805,0.627041686,0.787416102,0
0.137612606,0.584305129,0.632603163,0.794420265,0
0.135847674,0.579795147,0.638102015,0.801320282,0
0.134072326,0.574388876,0.644195295,0.807940798,0
0.132522194,0.568877242,0.6497205,0.816738379,0
0.130796295,0.564561399,0.652467997,0.822579023,0
0.129135165,0.559856105,0.657394278,0.831233271,0
0.127492892,0.554882499,0.663063661,0.837871135,0
0.125726629,0.55017339,0.665358682,0.844717122,0
0.124131074,0.544858933,0.670015772,0.850644274,0
0.122521718,0.539877414,0.674776409,0.856856474,0
0.120819087,0.534732007,0.679489721,0.86255243,0
0.119352149,0.529155668,0.684494988,0.868619028,0
0.117865075,0.523482264,0.689567639,0.876587608,0
0.116016044,0.519034685,0.693808176,0.881657411,0
0.114263288,0.51389761,0.697992139,0.887008391,0
0.11249526,0.509022118,0.702394621,0.892256223,0
0.110859443,0.504342515,0.706585748,0.897270636,0
0.109044708,0.500203071,0.710254561,0.902242137,0
0.107330955,0.495975773,0.71392138,0.906925395,0
0.105751161,0.490483196,0.71729958,0.91187131,0
0.104000973,0.484932591,0.721000783,0.917193921,0
0.102384288,0.479680523,0.724706256,0.922151462,0
0.100705741,0.4753787,0.72804717,0.926969625,0
0.098893083,0.470505849,0.730649534,0.931409918,0
0.097231977,0.466263858,0.73343167,0.935983646,0
0.095433737,0.461554187,0.735895008,0.940506943,0
0.093561889,0.456276171,0.738368684,0.945054737,0
0.091646345,0.451464414,0.740679325,0.949826687,0
0.089807482,0.44703569,0.742201603,0.954637733,0
0.087797286,0.442224817,0.743227677,0.958606074,0
0.085735609,0.438230148,0.744301207,0.962408171,0
0.083631188,0.433540153,0.745450481,0.965640366,0
0.081362086,0.428316013,0.746183529,0.968887064,0
0.078972907,0.423374577,0.746472684,0.97191975,0
0.076650873,0.418499497,0.747211718,0.974708884,0
0.074377459,0.413540841,0.747424129,0.977355049,0
0.072068421,0.408679462,0.747456838,0.979182645,0
0.069836645,0.404084853,0.747570943,0.981493151,0
0.067761531,0.399275963,0.748266444,0.982924475,0
0.065561176,0.394530005,0.748305935,0.984602867,0
0.063614908,0.389125334,0.748005959,0.985819481,0
0.061297438,0.383775534,0.747413961,0.986886934,0
0.059095203,0.379925653,0.746974734,0.988199083,0
0.056892536,0.37575141,0.74693948,0.989414124,0
0.054716493,0.37253842,0.746707875,0.990656962,0
0.052549098,0.368608793,0.746112514,0.992034124,0
0.050413335,0.364343607,0.745438186,0.993149137,0
0.048313781,0.36042144,0.745091577,0.993887668,0
0.04621402,0.356638782,0.745252881,0.995278494,0
0.04406321,0.352653607,0.744864442,0.996892381,0
0.042081783,0.347875753,0.744063427,0.997901203,0
0.040319863,0.344008315,0.743373815,0.999219549,0
0.038567889,0.341038048,0.743322274,0.99930342,0
0.036889821,0.33768373,0.742930475,0.999875811,0
0.035119947,0.333999435,0.74287037,1,0
0.033443159,0.331227038,0.742498265,0.999993635,0
0.031982601,0.327876811,0.742404352,0.999444662,0
0.030598391,0.324654544,0.742447025,0.999217603,0
0.029144302,0.322818859,0.742717268,0.998751606,0
0.027812125,0.31985049,0.742582143,0.997425856,0
0.026466322,0.3170225,0.743420972,0.99644877,0
0.025206349,0.314658636,0.743959304,0.994946595,0
0.024205366,0.312531192,0.744131022,0.992973155,0
0.023060661,0.310356906,0.744457375,0.990856382,0
0.022089306,0.30736764,0.744993147,0.988131444,0
0.02128062,0.305430134,0.745014678,0.984836055,0
0.020354386,0.303975736,0.744866887,0.981139988,0
0.019467683,0.301802221,0.744559747,0.976777058,0
0.018540889,0.300683563,0.744850332,0.972859969,0
0.017720709,0.299510995,0.745213214,0.968770013,0
0.017034179,0.298068881,0.74482039,0.963706442,0
0.016592683,0.297631277,0.74539967,0.958585154,0
0.015998832,0.297335243,0.745528441,0.953314071,0
0.015540499,0.296796679,0.746421902,0.947497299,0
0.015065197,0.29578881,0.746447751,0.94172772,0
0.014716421,0.295184812,0.745414974,0.935900427,0
0.014458504,0.295142256,0.745179458,0.928428911,0
0.014391751,0.294668289,0.74490325,0.922121456,0
0.014212054,0.294852336,0.744529318,0.915080589,0
0.01409965,0.295176425,0.744439437,0.908137057,0
0.014088953,0.295976508,0.744626536,0.901099716,0
0.014263386,0.296939034,0.744070158,0.893585347,0
0.014345227,0.298072785,0.744352125,0.885461519,0
0.014443076,0.298456205,0.744883146,0.877394836,0
0.014493195,0.299522069,0.744293133,0.868300463,0
0.014725405,0.30282136,0.744439678,0.859027389,0
0.014991736,0.303907283,0.743694664,0.849611967,0
0.015091223,0.307152657,0.743202129,0.841207609,0
0.015427121,0.308627747,0.742317422,0.832116937,0
0.016000315,0.309762875,0.741353278,0.823352254,0
0.016592551,0.312234329,0.740410987,0.814031606,0
0.01722998,0.314093316,0.739407587,0.804793125,0
0.017897803,0.316745603,0.738110358,0.795255002,0
0.018428522,0.319676768,0.736903055,0.787737247,0
0.018817654,0.321863018,0.735460878,0.778685038,0
0.019401832,0.323751655,0.733540587,0.770687452,0
0.02003052,0.325825627,0.731593105,0.762037671,0
0.020725807,0.328096033,0.729214574,0.753704931,0
0.021431129,0.330497802,0.727205769,0.745395121,0
0.022324081,0.332925897,0.725332809,0.737100387,0
0.023089098,0.335577805,0.723150889,0.728590036,0
0.023850548,0.341301539,0.720663516,0.720503348,0
0.024799529,0.344694126,0.717228388,0.712572561,0
0.025843738,0.3479757,0.714610942,0.705473289,0
0.026664574,0.350924657,0.712250786,0.697331486,0
0.027447696,0.354072732,0.708981235,0.689920468,0
0.028417962,0.358058533,0.705746219,0.682644875,0
0.029177946,0.36223803,0.702351565,0.675874334,0
0.029892293,0.366237999,0.698890547,0.668677491,0
0.030737648,0.370160068,0.696157241,0.662424367,0
0.031344169,0.374654025,0.692782744,0.655721601,0
0.03189749,0.379335046,0.689232719,0.649303559,0
0.03272801,0.383759755,0.685543382,0.643206802,0
0.033377916,0.388060225,0.681550852,0.636866481,0
0.034138011,0.392302996,0.677835573,0.630809658,0
0.034713957,0.397163416,0.673858242,0.624696024,0
0.035536951,0.40156486,0.670025951,0.618996661,0
0.036046419,0.40590612,0.666714264,0.613417788,0
0.036495512,0.410803384,0.663100347,0.607780166,0
0.036892523,0.415670551,0.659957371,0.601528009,0
0.037162898,0.421109727,0.655607687,0.595926232,0
0.037413975,0.425509616,0.652083171,0.590327917,0
0.037704203,0.430096817,0.647776023,0.584198978,0
0.0379861,0.434275572,0.643405447,0.578663696,0
0.03827351,0.438516501,0.639138553,0.573379113,0
0.03854827,0.442865104,0.634866808,0.567039566,0
0.038763527,0.446811747,0.630225961,0.560791662,0
0.03880341,0.450983258,0.625181462,0.554328506,0
0.038944037,0.455602748,0.620414336,0.548522148,0
0.039220041,0.45961053,0.61626531,0.542609379,0
0.039285068,0.462626092,0.611889907,0.536903154,0
0.039458928,0.466725482,0.607659913,0.530320556,0
0.039758149,0.471126671,0.6029228,0.524848235,0
0.039993598,0.474351269,0.598341824,0.519659832,0
0.040090414,0.478033763,0.594005356,0.51344254,0
0.040223198,0.481401039,0.589208804,0.508175956,0
0.040160212,0.484282146,0.584274489,0.503451941,0
0.040291917,0.486950039,0.579659899,0.498198752,0
0.040281348,0.489910354,0.574945828,0.493030171,0
0.040103219,0.493264,0.570802935,0.486675553,0
0.040045564,0.496165328,0.565871357,0.481234888,0
0.040167654,0.498115172,0.560886094,0.475821233,0
0.040123448,0.499682268,0.55644437,0.470592192,0
0.040155902,0.500741678,0.552148892,0.464897474,0
0.040188976,0.501701057,0.54781823,0.458868937,0
0.040271536,0.502576567,0.542870533,0.452469174,0
0.040381681,0.503442626,0.537910318,0.445783884,0
0.040538761,0.504456242,0.533036987,0.438913766,0
0.040688634,0.504809029,0.527954037,0.431996152,0
0.040877587,0.505752918,0.523021002,0.425150733,0
0.041087392,0.506376698,0.518829082,0.417602808,0
0.041159696,0.506405191,0.513977637,0.409040983,0
0.041324148,0.506712438,0.509486488,0.401176518,0
0.041611242,0.506600932,0.504165024,0.392992369,0
0.041894886,0.506045314,0.499018291,0.38417766,0
0.042021419,0.505671018,0.493568599,0.37592701,0
0.042384442,0.50475427,0.487905474,0.366780036,0
0.042707368,0.502162216,0.482449529,0.357735284,0
0.043025589,0.501482538,0.477468507,0.348202082,0
0.043243033,0.500278648,0.471580025,0.339267767,0
0.043505397,0.498656154,0.466366429,0.329372159,0
0.043531419,0.497393397,0.460202657,0.320181921,0
0.044192092,0.495631498,0.454877404,0.31066712,0
0.044361025,0.49445917,0.449023583,0.301070401,0
0.044445509,0.493060739,0.443388596,0.29168621,0
0.044693279,0.491473254,0.438142165,0.282047497,0
0.044956408,0.490019389,0.432502168,0.272701885,0
0.045359028,0.488184508,0.426509973,0.263208397,0
0.04572688,0.487034079,0.421237313,0.253762263,0
0.046265765,0.485667079,0.415965631,0.244947626,0
0.046579239,0.48402093,0.409701639,0.235872315,0
0.04695256,0.482685683,0.40412438,0.22678981,0
0.047413446,0.480973845,0.397972048,0.217252326,0
0.047774955,0.479853382,0.391719959,0.208102229,0
0.048399798,0.478281751,0.385796035,0.198196747,0
0.048872305,0.476093141,0.379661609,0.189651799,0
0.049375259,0.474407999,0.373963638,0.18037308,0
0.049907922,0.472220816,0.368982449,0.171309794,0
0.05045897,0.470482924,0.363373255,0.16206831,0
0.051040631,0.468265303,0.357249226,0.152719119,0
0.051471777,0.466862821,0.351639225,0.143560926,0
0.051869485,0.464381599,0.345856448,0.134396089,0
0.052371561,0.462910999,0.339761266,0.125781079,0
0.052959645,0.46116949,0.334883708,0.117849533,0
0.053732006,0.457727141,0.329422895,0.110251763,0
0.054383561,0.456513393,0.324680955,0.102801079,0
0.055120444,0.452854847,0.319271288,0.095861498,0
0.055828528,0.450741933,0.31343515,0.088846283,0
0.056493746,0.449291136,0.308360186,0.081879558,0
0.05693855,0.447517308,0.303053615,0.075181616,0
0.057775796,0.446553595,0.29823622,0.068328644,0
0.058309515,0.445253167,0.292235701,0.062542394,0
0.059102849,0.443844072,0.286678225,0.055588529,0
0.059661357,0.443134489,0.28048529,0.051351406,0
0.060221715,0.442945834,0.275543193,0.045530832,0
0.060897436,0.443046007,0.270346614,0.040182757,0
0.061685191,0.443203108,0.26520085,0.034971292,0
0.06228975,0.443898532,0.260944657,0.029956256,0
0.062878376,0.444794945,0.25520686,0.025284758,0
0.063429148,0.44585665,0.250375926,0.020732669,0
0.063892841,0.444521533,0.246089053,0.016993243,0
0.064473029,0.445685312,0.241786916,0.013170073,0
0.064947302,0.446917428,0.23730493,0.010307226,0
0.065468308,0.448509782,0.232394172,0.010156232,0
0.066134436,0.450368576,0.228584368,0.008053214,0
0.066576517,0.452568395,0.225108293,0.007554555,0
0.067052433,0.454924077,0.22173429,0.005369852,0
0.067489965,0.457444088,0.219155945,0.004041934,0
0.067813133,0.460272312,0.216076168,0.002277363,0
0.068148932,0.463407251,0.213096695,0.001236138,0
0.068458948,0.466628378,0.210135219,0.00043623,0
0.06875093,0.469918684,0.207655613,0,0
0.069035306,0.473529033,0.205303423,0.001713528,0
0.069266751,0.477310141,0.202884768,0.00140819,0
0.069481278,0.481117869,0.200010067,0.001215451,0
0.069530287,0.485296425,0.198023676,0.001171519,0
0.069729027,0.489672846,0.195285909,0.001628002,0
0.069889,0.494190258,0.193284021,0.001856181,0
0.07004587,0.498852722,0.190894185,0.002894998,0
0.07036218,0.502650041,0.189190463,0.003362022,0
0.070528301,0.507328542,0.186849581,0.004821299,0
0.070721076,0.512207661,0.184454341,0.006312993,0
0.070887199,0.517298219,0.182285266,0.007783545,0
0.070922599,0.522554851,0.179233153,0.008733027,0
0.070947018,0.527763014,0.176560183,0.011054854,0
0.070961784,0.532985042,0.174373317,0.013104422,0
0.070814926,0.538185839,0.172578332,0.015820069,0
0.070615805,0.543367413,0.170855937,0.018431105,0
0.070249521,0.548285666,0.168328979,0.021511256,0
0.070002617,0.55404749,0.165926488,0.024400397,0
0.069647465,0.559319247,0.163617886,0.028327014,0
0.069368556,0.564637153,0.161893933,0.030853895,0
0.068996751,0.570640763,0.159339844,0.03396596,0
0.068630527,0.575963655,0.156490253,0.037910866,0
0.068162399,0.581304929,0.154763924,0.041179119,0
0.067836798,0.586666022,0.152460275,0.044082828,0
0.067255325,0.592003296,0.149888607,0.046872578,0
0.066752412,0.597222346,0.146755791,0.050209137,0
0.06626902,0.602357265,0.143861123,0.05450394,0
0.065765601,0.607308914,0.141408279,0.058028782,0
0.065205624,0.612432906,0.138814162,0.061325198,0
0.064514345,0.61758965,0.135109279,0.064288966,0
0.063848158,0.622562204,0.131728069,0.067847085,0
0.063182924,0.627814466,0.128511461,0.071085739,0
0.062453758,0.632998932,0.125823504,0.07449106,0
0.061704918,0.638190876,0.122060861,0.07827499,0
0.06091098,0.643256019,0.117842464,0.082151254,0
0.060079242,0.648313535,0.114214345,0.085646597,0
0.059287566,0.653145735,0.111255537,0.08922229,0
0.05844954,0.657908694,0.107300993,0.093279226,0
0.057653293,0.66269175,0.103282726,0.098006352,0
0.056876362,0.667508578,0.099253747,0.101940209,0
0.055911143,0.672404991,0.095522408,0.106050477,0
0.054877942,0.677244427,0.091875889,0.110785417,0
0.053891319,0.682154401,0.088612592,0.114549086,0
0.052761127,0.687110488,0.085081237,0.119060514,0
0.051673802,0.692329246,0.081252893,0.123329008,0
0.050651371,0.697314364,0.077074973,0.128048801,0
0.04967331,0.702476236,0.073696703,0.132488614,0
0.048635534,0.707560413,0.06958135,0.137463094,0
0.047677487,0.712430771,0.066617445,0.141918277,0
0.046408824,0.717572666,0.063382442,0.146418888,0
0.045337656,0.722630501,0.060100071,0.15073851,0
0.044270531,0.72758702,0.056718377,0.154770153,0
0.043077919,0.732549027,0.053480215,0.15887129,0
0.042055298,0.737414294,0.049672993,0.162508027,0
0.041055092,0.742166792,0.046877481,0.166241945,0
0.04006857,0.746783372,0.043486997,0.16975114,0
0.038928076,0.751360705,0.040669634,0.173453485,0
0.037829136,0.755942191,0.037896735,0.177526364,0
0.03691591,0.760376614,0.034241296,0.180700745,0
0.035865172,0.764801869,0.031696954,0.184311409,0
0.035075064,0.769165081,0.028693396,0.187515524,0
0.034061622,0.773451969,0.026335986,0.190024792,0
0.033094422,0.778073868,0.024199034,0.192920973,0
0.032093188,0.782474077,0.022131526,0.195574483,0
0.031253911,0.787023729,0.018992854,0.197992443,0
0.030428379,0.791616216,0.016965661,0.201207379,0
0.029615665,0.796373283,0.015006386,0.204139895,0
0.028812591,0.80049394,0.0131929,0.20694873,0
0.028074842,0.804883411,0.011458276,0.210146699,0
0.027466222,0.809367842,0.010009201,0.212962701,0
0.026808965,0.813586069,0.007955002,0.215760674,0
0.025998759,0.817957449,0.006707444,0.219045232,0
0.025340865,0.822343575,0.004853965,0.222429063,0
0.0247026,0.826838939,0.00431386,0.224122546,0
0.024136469,0.83147303,0.003507225,0.226679597,0
0.023393161,0.836103727,0.002600027,0.229778192,0
0.022901633,0.840321998,0.001159591,0.233331291,0
0.022180287,0.84456129,0.000225148,0.237232981,0
0.021650332,0.849041463,0.000128554,0.240787596,0
0.021184135,0.853322589,0,0.244164686,0
0.020774982,0.857746215,0.000516823,0.246256051,0
0.020275428,0.862183222,0.000830098,0.250094358,0
0.019714417,0.866571916,0.00132851,0.253893538,0
0.019102355,0.870800741,0.002554095,0.258152531,0
0.018651522,0.874714405,0.003090132,0.262563243,0
0.01824509,0.87853217,0.004710797,0.266773257,0
0.017852635,0.88227172,0.005914284,0.272149404,0
0.017737922,0.885978226,0.007343307,0.276927756,0
0.017339878,0.889714824,0.009191663,0.28170691,0
0.01694955,0.893469353,0.011130997,0.286258649,0
0.016744837,0.897235526,0.013517972,0.288959104,0
0.016384736,0.900980058,0.015772552,0.293783259,0
0.016036176,0.904584236,0.018420186,0.296496191,0
0.015719356,0.908166903,0.020472625,0.301108741,0
0.015532412,0.911726598,0.021983928,0.305571724,0
0.015215554,0.915202884,0.023649079,0.310087797,0
0.014859298,0.918617426,0.025830237,0.314995002,0
0.014564248,0.922029848,0.028152474,0.319483189,0
0.014288988,0.92556512,0.030195151,0.324106169,0
0.013999601,0.929156736,0.032680863,0.326504112,0
0.013732022,0.932522842,0.035255691,0.331070562,0
0.013450391,0.935804788,0.038493244,0.336021496,0
0.013289949,0.938875866,0.04141792,0.340736237,0
0.012940533,0.941783084,0.0445064,0.345160637,0
0.012646511,0.944701733,0.047792615,0.349856255,0
0.012360079,0.947642525,0.050071808,0.354669792,0
0.01191333,0.950477825,0.053152207,0.359089671,0
0.01148918,0.953300928,0.055789691,0.362822499,0
0.01103363,0.956034528,0.059304889,0.366871864,0
0.010580843,0.958706237,0.062753595,0.370872105,0
0.010294544,0.961018794,0.066920138,0.374926526,0
0.009867899,0.963327618,0.070479626,0.379013503,0
0.009484294,0.965623139,0.073897949,0.382804387,0
0.009143336,0.967891138,0.077700338,0.386213081,0
0.008814865,0.969995617,0.081266932,0.389637247,0
0.008488997,0.972322446,0.084851774,0.392381581,0
0.008187291,0.974704048,0.08858814,0.395402137,0
0.007997963,0.976677247,0.092408974,0.398246276,0
0.007710456,0.978649705,0.095927119,0.401553469,0
0.007555957,0.980406009,0.099879099,0.403919201,0
0.007280103,0.982122049,0.103411059,0.406547696,0
0.007089964,0.983689778,0.106354935,0.408944024,0
0.006808331,0.985068884,0.110151376,0.410782949,0
0.006487718,0.986223418,0.113496799,0.413533551,0
0.00619139,0.987569369,0.117495692,0.414592962,0
0.005864099,0.98902137,0.121143389,0.416369106,0
0.005528074,0.990496743,0.124894798,0.417731492,0
0.005037034,0.991665959,0.128856669,0.419408393,0
0.004800429,0.992845141,0.133276369,0.421364296,0
0.004359929,0.993899492,0.13692164,0.422269026,0
0.004064872,0.994776021,0.140380534,0.423510273,0
0.003821559,0.995471746,0.143840989,0.424988409,0
0.003497055,0.99597635,0.148095223,0.425460373,0
0.003174768,0.996412092,0.152751992,0.426603026,0
0.002802473,0.996917318,0.157166717,0.427579431,0
0.002619746,0.997361482,0.161119177,0.427922481,0
0.002346203,0.997700679,0.165195872,0.427947401,0
0.00206302,0.998022865,0.169786644,0.427743785,0
0.001631345,0.998554203,0.174315892,0.427121933,0
0.001369806,0.999029179,0.178768014,0.42658995,0
0.001213347,0.999489227,0.182956951,0.42604581,0
0.001018123,0.999800539,0.187162549,0.425463325,0
0.000740763,1,0.191405522,0.424593143,0
0.000598568,0.999939802,0.19610711,0.423570842,0
0.00033102,0.9999048,0.200876325,0.42233329,0
0.000225092,0.999700666,0.205546191,0.420480745,0
0.000251053,0.999570591,0.210587335,0.419140534,0
0.000213382,0.999657563,0.215256701,0.417255471,0
0,0.999402162,0.2195035,0.415310627,0
7.75E-06,0.999275604,0.224199661,0.413435034,0
4.44E-05,0.999129188,0.229035586,0.411364319,0
0.000164565,0.998916909,0.233028266,0.409174681,0
0.000255744,0.998559929,0.237742989,0.407505973,0
0.000351512,0.998374943,0.242030387,0.405862825,0
0.000498067,0.998142678,0.246116807,0.404256406,0
0.000773719,0.997796442,0.249977029,0.401720614,0
0.000883363,0.997415128,0.254460177,0.398927084,0
0.001111754,0.996931393,0.259566761,0.396978671,0
0.001254289,0.996631348,0.263496463,0.395199166,0
0.001542652,0.996144849,0.267919876,0.392780748,0
0.001777971,0.995536526,0.271145101,0.391056074,0
0.002254476,0.994589016,0.274865458,0.388982421,0
0.002589041,0.9935805,0.278775461,0.387204134,0
0.002925835,0.99272876,0.283289891,0.386132588,0
0.003282622,0.991907168,0.28653489,0.384180278,0
0.003659596,0.990667931,0.290829332,0.382666138,0
0.004075623,0.989802858,0.294593874,0.381318812,0
0.004487192,0.988839546,0.297991928,0.37974383,0
0.004938809,0.987849495,0.30194806,0.378798323,0
0.00520701,0.98646341,0.305458505,0.378102706,0
0.005648561,0.985267057,0.308179083,0.377057197,0
0.006079239,0.984017547,0.311862531,0.376861122,0
0.006554265,0.98258576,0.314238798,0.377214383,0
0.007036917,0.980934333,0.317577341,0.378278057,0
0.007514273,0.978984433,0.320657622,0.378034444,0
0.008066443,0.97716687,0.324506976,0.378485592,0
0.008592084,0.975201065,0.327288854,0.37890816,0
0.009100473,0.972963134,0.330618112,0.380006265,0
0.009472572,0.970735133,0.333676492,0.381085687,0
0.009856347,0.968099293,0.336658357,0.382693441,0
0.010421883,0.96521767,0.339015504,0.383788338,0
0.011004142,0.962117928,0.342266828,0.385539535,0
0.011498149,0.959320902,0.345253573,0.38668179,0
0.01201143,0.956458259,0.348051559,0.388251995,0
0.012474694,0.953492155,0.351476569,0.39023723,0
0.012947725,0.950437506,0.35428146,0.392106305,0
0.013219725,0.947398121,0.356424483,0.394092076,0
0.013619273,0.944069952,0.359308596,0.396553675,0
0.014046763,0.940715657,0.362254733,0.398945345,0
0.014299795,0.937175656,0.365449713,0.401501049,0
0.01453403,0.933456462,0.368063945,0.403750198,0
0.01503947,0.929829776,0.370459999,0.406560004,0
0.015435596,0.926134373,0.373294469,0.408876105,0
0.01564198,0.922303838,0.376310123,0.411371828,0
0.016034852,0.91842413,0.380126136,0.41412662,0
0.016442629,0.914462821,0.383077253,0.41659608,0
0.016742485,0.910361698,0.386024463,0.419084789,0
0.017024682,0.906197473,0.388887111,0.421653532,0
0.017320191,0.901788911,0.392055969,0.424293412,0
0.017467471,0.897214177,0.394523494,0.427132464,0
0.017790904,0.892656768,0.397239232,0.429461833,0
0.017963451,0.887579367,0.399423325,0.431866751,0
0.018325815,0.883086949,0.401420051,0.434389902,0
0.018650766,0.878506097,0.40364452,0.437038145,0
0.018816482,0.873692469,0.405589285,0.439489247,0
0.019060805,0.868917961,0.407592554,0.441939174,0
0.019544122,0.864015171,0.409294245,0.444688873,0
0.01989257,0.858978614,0.411158233,0.447505873,0
0.020370802,0.853744544,0.412780092,0.449765805,0
0.020745062,0.848459981,0.414672584,0.452619674,0
0.021130362,0.843194961,0.416383739,0.455129785,0
0.021467148,0.837800805,0.417829266,0.456938252,0
0.021903005,0.832206955,0.418766626,0.459720551,0
0.022269967,0.826640553,0.419591601,0.461964256,0
0.022596467,0.820707596,0.421285951,0.464399309,0
0.022929112,0.814450021,0.422429765,0.466419287,0
0.023288663,0.80839459,0.423495876,0.468638077,0
0.023508563,0.802833042,0.424399866,0.470620658,0
0.023774112,0.796709774,0.425371104,0.472739817,0
0.024125792,0.790461635,0.426328304,0.474795175,0
0.024369962,0.784949623,0.427160139,0.4767061,0
0.024675599,0.778666853,0.427733081,0.478605089,0
0.025104389,0.772452731,0.428860873,0.480467331,0
0.025751403,0.766218278,0.43028093,0.482416077,0
0.026109571,0.759683907,0.431264886,0.484650699,0
0.026483072,0.753269812,0.432582692,0.486777109,0
0.026882039,0.746957979,0.433187692,0.489028031,0
0.027314414,0.740556089,0.434420147,0.491126524,0
0.027880306,0.734459738,0.435813829,0.493637343,0
0.028326256,0.728245695,0.43710238,0.495779578,0
0.028727675,0.722097069,0.438442289,0.497778703,0
0.029211557,0.716305253,0.43941046,0.4998696,0
0.02970861,0.710398496,0.440531763,0.501740088,0
0.030306098,0.70457123,0.441770974,0.503693817,0
0.030886646,0.698603528,0.44317574,0.505620577,0
0.031378982,0.693074944,0.44427987,0.507097008,0
0.03187934,0.687583683,0.445726207,0.508585079,0
0.032398695,0.681918057,0.446912344,0.510708483,0
0.033000849,0.67657701,0.448436706,0.512544834,0
0.033634622,0.67132108,0.449922278,0.514384092,0
0.034189938,0.666151331,0.451200807,0.516062596,0
0.034909972,0.661114806,0.452337503,0.517467695,0
0.035581098,0.65618115,0.453974438,0.518758785,0
0.036280823,0.65139593,0.455394877,0.520183278,0
0.03704063,0.647176131,0.456806297,0.521909787,0
0.037921643,0.642786392,0.457867868,0.523411195,0
0.0385665,0.638563135,0.459165332,0.524763948,0
0.039331574,0.634282341,0.460001894,0.526523546,0
0.040008788,0.629962595,0.460530105,0.527770312,0
0.040562644,0.625960327,0.460906651,0.528923143,0
0.041299337,0.621973735,0.461485398,0.530301041,0
0.042088317,0.61833814,0.462551187,0.531528362,0
0.043218708,0.614691163,0.463409236,0.53258115,0
0.044018489,0.611176023,0.464113082,0.533611729,0
0.044707742,0.607883937,0.465124535,0.535384011,0
0.045572585,0.60439342,0.465417942,0.53668895,0
0.046154143,0.601186536,0.465119765,0.537676273,0
0.047058184,0.597915257,0.465560701,0.538620323,0
0.047853077,0.594836663,0.466146322,0.540009126,0
0.048710324,0.59218611,0.467263699,0.541672723,0
0.049530483,0.589372923,0.468977569,0.54351241,0
0.050356547,0.587001959,0.470421911,0.545348385,0
0.051148805,0.58466727,0.471546139,0.546792306,0
0.051901288,0.5824227,0.47313454,0.548569937,0
0.052618838,0.580425545,0.473987984,0.55030665,0
0.053292072,0.578588733,0.475175204,0.552188885,0
0.053932945,0.576965196,0.476256824,0.5542046,0
0.054509546,0.575311667,0.476922555,0.555871338,0
0.055230042,0.574259797,0.478005372,0.557506632,0
0.055760154,0.573089258,0.479419675,0.559299352,0
0.056305572,0.572051891,0.480216734,0.560563183,0
0.056801454,0.571134656,0.481319751,0.561911083,0
0.057218348,0.570388577,0.482178549,0.562655193,0
0.05765071,0.569903542,0.482792141,0.564271681,0
0.057970392,0.569583097,0.483216981,0.565361903,0
0.058280827,0.569354066,0.483874257,0.566533437,0
0.058556785,0.569344727,0.484283238,0.56735767,0
0.058781929,0.569423324,0.484858681,0.568281992,0
0.059110552,0.569760796,0.485348078,0.568755484,0
0.059212828,0.570220584,0.486128238,0.569578912,0
0.059332995,0.570879279,0.486665558,0.569892625,0
0.059419954,0.571447474,0.487056268,0.570619238,0
0.059450565,0.572087822,0.487288555,0.571080775,0
0.059457893,0.572902576,0.487060741,0.571513684,0
0.059426349,0.573815254,0.48724541,0.571580259,0
0.059378527,0.574745207,0.487870759,0.57174433,0
0.059311144,0.575899841,0.487989273,0.571622549,0
0.059181585,0.577107575,0.487638399,0.571709281,0
0.059031923,0.578475834,0.487153598,0.571509052,0
0.058852778,0.580015369,0.486889666,0.571143804,0
0.058470819,0.581432319,0.48631646,0.570331777,0
0.058139769,0.582863312,0.485787556,0.569901114,0
0.057823858,0.584355762,0.485160442,0.569437188,0
0.0573899,0.585772542,0.48385207,0.568841821,0
0.056955842,0.587191417,0.482690416,0.568002698,0
0.056552852,0.588708053,0.481295673,0.567403835,0
0.056125944,0.590039613,0.480168139,0.56659756,0
0.055667655,0.59133811,0.478571376,0.565811034,0
0.055323484,0.592718502,0.477254533,0.56465889,0
0.054818241,0.594043665,0.475451493,0.563839204,0
0.054306384,0.595844336,0.473971853,0.562984609,0
0.053746497,0.597096682,0.472502364,0.562014479,0
0.053178828,0.598355394,0.470549475,0.560801687,0
0.052738735,0.599631806,0.469219633,0.559621335,0
0.052264808,0.600720144,0.467188541,0.558704784,0
0.051682732,0.601778634,0.465745303,0.557615688,0
0.051140861,0.602902393,0.463884089,0.556554075,0
0.050443677,0.604023794,0.461879848,0.5557771,0
0.049822472,0.605108013,0.459562249,0.5544501,0
0.049167759,0.606064088,0.457660882,0.55327817,0
0.048465478,0.607109122,0.455775868,0.552956074,0
0.047733794,0.608242391,0.453941739,0.551598504,0
0.04707248,0.609227823,0.452338054,0.5506067,0
0.046433964,0.610249395,0.450207372,0.549749107,0
0.045809433,0.611493196,0.4484243,0.548935218,0
0.045155115,0.612645127,0.446425853,0.548062602,0
0.04462965,0.613082865,0.444619394,0.547270808,0
0.043956724,0.614020201,0.442635128,0.546414818,0
0.043301136,0.614999591,0.441008268,0.545546355,0
0.042647596,0.615176147,0.439866321,0.544877719,0
0.042021724,0.616012161,0.438711717,0.544405979,0
0.041324793,0.616864079,0.437122703,0.543787634,0
0.040391102,0.617582381,0.435319884,0.543780276,0
0.039739242,0.618392196,0.433736998,0.543097287,0
0.039100172,0.619135476,0.431953718,0.54273827,0
0.038443241,0.61976484,0.430777122,0.542261715,0
0.037794792,0.620441384,0.428949605,0.541698591,0
0.037157138,0.620977914,0.427393152,0.541083137,0
0.036538104,0.621526531,0.42587835,0.540476468,0
0.035938288,0.622026565,0.424417551,0.540094408,0
0.035355634,0.62236488,0.42336416,0.540142801,0
0.034822002,0.622795844,0.422015783,0.539641544,0
0.034334369,0.623044631,0.420630886,0.539293824,0
0.033652193,0.623628116,0.419252245,0.538903721,0
0.033195845,0.623903106,0.418304058,0.53871572,0
0.032776676,0.624094434,0.41703488,0.538785499,0
0.032386377,0.624363398,0.415825425,0.538623673,0
0.031972943,0.624385181,0.414283648,0.538476118,0
0.031545282,0.624324619,0.413116244,0.538007189,0
0.031243816,0.624221135,0.412149845,0.538016379,0
0.030966826,0.624066822,0.411462329,0.537926942,0
0.030687762,0.623982027,0.410207232,0.538091081,0
0.030418097,0.623811819,0.409290118,0.53822329,0
0.030123151,0.623325146,0.408097953,0.538333595,0
0.029605533,0.622982211,0.407238857,0.538199433,0
0.029419634,0.622436947,0.406100373,0.538251726,0
0.02920068,0.622048488,0.405407809,0.537904858,0
0.029056083,0.621703886,0.404902739,0.537940576,0
0.029102066,0.621259922,0.404383565,0.538125241,0
0.028959896,0.620779886,0.404072061,0.538455769,0
0.028829918,0.620128008,0.403539471,0.538762237,0
0.028363849,0.619546186,0.403066094,0.538989442,0
0.02820028,0.618974762,0.403000348,0.539257647,0
0.028028462,0.618318602,0.402572113,0.539297945,0
0.027865215,0.617804315,0.4026598,0.539701176,0
0.027907686,0.617270486,0.403038876,0.540178417,0
0.02778975,0.616729335,0.403119969,0.540566997,0
0.027639622,0.616251878,0.403559071,0.540916096,0
0.027458292,0.615609519,0.403782447,0.541107388,0
0.027196535,0.615351132,0.403251456,0.541169306,0
0.026934778,0.615092746,0.402720464,0.541231225,0
0.026673021,0.614834359,0.402189473,0.541293143,0
0.026411263,0.614575973,0.401658481,0.541355062,0
0.026149506,0.614317586,0.40112749,0.54141698,0
0.025887749,0.614059199,0.400596498,0.541478899,0
0.025625992,0.613800813,0.400065507,0.541540817,0
0.025364235,0.613542426,0.399534515,0.541602736,0
0.025102478,0.61328404,0.399003524,0.541664654,0
0.02484072,0.613025653,0.398472532,0.541726573,0
0.024578963,0.612767266,0.397941541,0.541788492,0
0.024317206,0.61250888,0.397410549,0.54185041,0
0.024055449,0.612250493,0.396879557,0.541912329,0
0.023793692,0.611992107,0.396348566,0.541974247,0
0.023531935,0.61173372,0.395817574,0.542036166,0
0.023270178,0.611475334,0.395286583,0.542098084,0
0.02300842,0.611216947,0.394755591,0.542160003,0
0.022746663,0.61095856,0.3942246,0.542221921,0
0.022484906,0.610700174,0.393693608,0.54228384,0
0.022223149,0.610441787,0.393162617,0.542345758,0
0.021961392,0.610183401,0.392631625,0.542407677,0
0.021699635,0.609925014,0.392100634,0.542469595,0
0.021437878,0.609666627,0.391569642,0.542531514,0
0.02117612,0.609408241,0.391038651,0.542593432,0
0.020914363,0.609149854,0.390507659,0.542655351,0
0.020652606,0.608891468,0.389976667,0.542717269,0
0.020390849,0.608633081,0.389445676,0.542779188,0
0.020129092,0.608374694,0.388914684,0.542841106,0
0.019867335,0.608116308,0.388383693,0.542903025,0
0.019605577,0.607857921,0.387852701,0.542964943,0
0.01934382,0.607599535,0.38732171,0.543026862,0
0.019082063,0.607341148,0.386790718,0.54308878,0
0.018820306,0.607082762,0.386259727,0.543150699,0
0.018558549,0.606824375,0.385728735,0.543212617,0
0.018296792,0.606565988,0.385197744,0.543274536,0
0.018035035,0.606307602,0.384666752,0.543336455,0
0.017773277,0.606049215,0.384135761,0.543398373,0
0.01751152,0.605790829,0.383604769,0.543460292,0
0.017249763,0.605532442,0.383073777,0.54352221,0
0.016988006,0.605274055,0.382542786,0.543584129,0
0.016726249,0.605015669,0.382011794,0.543646047,0
0.016464492,0.604757282,0.381480803,0.543707966,0
0.016202735,0.604498896,0.380949811,0.543769884,0
0.015940977,0.604240509,0.38041882,0.543831803,0
0.01567922,0.603982123,0.379887828,0.543893721,0
0.015417463,0.603723736,0.379356837,0.54395564,0
0.015155706,0.603465349,0.378825845,0.544017558,0
0.014893949,0.603206963,0.378294854,0.544079477,0
0.014632192,0.602948576,0.377763862,0.544141395,0
0.014370435,0.60269019,0.377232871,0.544203314,0
0.012756774,0.603058383,0.376668297,0.544269277,0
0.012554726,0.602772323,0.376138789,0.544331017,0
0.01235831,0.602483652,0.37560942,0.54439274,0
0.012167528,0.60219237,0.375080192,0.544454446,0
0.011982379,0.601898477,0.374551103,0.544516135,0
0.011802863,0.601601973,0.374022155,0.544577808,0
0.011628979,0.601302859,0.373493346,0.544639463,0
0.011460729,0.601001134,0.372964677,0.544701102,0
0.011298111,0.600696798,0.372436148,0.544762724,0
0.011141127,0.600389851,0.371907759,0.544824329,0
0.010989775,0.600080294,0.37137951,0.544885917,0
0.010844056,0.599768126,0.370851401,0.544947489,0
0.01070397,0.599453347,0.370323432,0.545009043,0
0.010569517,0.599135958,0.369795603,0.545070581,0
0.010440698,0.598815957,0.369267914,0.545132102,0
0.01031751,0.598493346,0.368740364,0.545193606,0
0.010199956,0.598168124,0.368212955,0.545255093,0
0.010088035,0.597840292,0.367685685,0.545316563,0
0.009981747,0.597509848,0.367158556,0.545378016,0
0.009881092,0.597176794,0.366631566,0.545439453,0
0.009786069,0.59684113,0.366104716,0.545500873,0
0.00969668,0.596502854,0.365578006,0.545562275,0
0.009612923,0.596161968,0.365051436,0.545623661,0
0.0095348,0.595818471,0.364525006,0.545685031,0
0.009462309,0.595472363,0.363998716,0.545746383,0
0.009395451,0.595123644,0.363472566,0.545807718,0
0.009334227,0.594772315,0.362946556,0.545869037,0
0.009278635,0.594418375,0.362420686,0.545930339,0
0.009228676,0.594061824,0.361894955,0.545991624,0
0.00918435,0.593702662,0.361369365,0.546052892,0
0.009145657,0.59334089,0.360843914,0.546114143,0
0.009112597,0.592976507,0.360318604,0.546175377,0
0.00908517,0.592609513,0.359793433,0.546236595,0
0.009063375,0.592239908,0.359268402,0.546297795,0
0.009047214,0.591867693,0.358743512,0.546358979,0
0.009036686,0.591492867,0.358218761,0.546420146,0
0.00903179,0.59111543,0.35769415,0.546481296,0
0.009032528,0.590735382,0.357169679,0.546542429,0
0.009038898,0.590352724,0.356645347,0.546603545,0
0.009050901,0.589967455,0.356121156,0.546664645,0
0.009068538,0.589579575,0.355597105,0.546725728,0
0.009091807,0.589189084,0.355073194,0.546786793,0
0.009120709,0.588795983,0.354549422,0.546847842,0
0.009155244,0.588400271,0.354025791,0.546908874,0
0.009195412,0.588001948,0.353502299,0.54696989,0
0.009241213,0.587601014,0.352978948,0.547030888,0
0.009292647,0.58719747,0.352455736,0.54709187,0
0.009349714,0.586791315,0.351932664,0.547152834,0
0.009412413,0.586382549,0.351409732,0.547213782,0
0.009480746,0.585971172,0.35088694,0.547274713,0
