0,0,1,1,0.270982244
0,0,0.996119248,0.995972269,0.271105509
0,0,0.992238495,0.991944538,0.271228774
0,0,0.988357743,0.987916807,0.271352039
0,0,0.98447699,0.983889076,0.271475304
0,0,0.980596238,0.979861345,0.271598569
0,0,0.976715485,0.975833614,0.271721835
0,0,0.972834733,0.971805883,0.2718451
0,0,0.968953981,0.967778152,0.271968365
0,0,0.965073228,0.963750421,0.27209163
0,0,0.961192476,0.95972269,0.272214895
0,0,0.957311723,0.955694959,0.27233816
0,0,0.953430971,0.951667228,0.272461425
0,0,0.949550219,0.947639497,0.27258469
0,0,0.945669466,0.943611766,0.272707956
0,0,0.941788714,0.939584035,0.272831221
0,0,0.937907961,0.935556304,0.272954486
0,0,0.934027209,0.931528573,0.273077751
0,0,0.930146456,0.927500842,0.273201016
0,0,0.926265704,0.923473111,0.273324281
0,0,0.922384952,0.91944538,0.273447546
0,0,0.918504199,0.915417649,0.273570811
0,0,0.914623447,0.911389918,0.273694076
0,0,0.910742694,0.907362187,0.273817342
0,0,0.906861942,0.903334456,0.273940607
0,0,0.90298119,0.899306725,0.274063872
0,0,0.899100437,0.895278994,0.274187137
0,0,0.895219685,0.891251263,0.274310402
0,0,0.891338932,0.887223532,0.274433667
0,0,0.88745818,0.883195801,0.274556932
0,0,0.883577427,0.87916807,0.274680197
0,0,0.879696675,0.875140339,0.274803463
0,0,0.875815923,0.871112608,0.274926728
0,0,0.87193517,0.867084877,0.275049993
0,0,0.868054418,0.863057146,0.275173258
0,0,0.864173665,0.859029415,0.275296523
0,0,0.860292913,0.855001684,0.275419788
0,0,0.856412161,0.850973953,0.275543053
0,0,0.852531408,0.846946222,0.275666318
0,0,0.848650656,0.842918491,0.275789584
0,0,0.844769903,0.83889076,0.275912849
0,0,0.840889151,0.834863029,0.276036114
0,0,0.837008398,0.830835298,0.276159379
0,0,0.833127646,0.826807567,0.276282644
0,0,0.829246894,0.822779836,0.276405909
0,0,0.825366141,0.818752105,0.276529174
0,0,0.821485389,0.814724374,0.276652439
0,0,0.817604636,0.810696643,0.276775705
0,0,0.813723884,0.806668912,0.27689897
0,0,0.809843132,0.802641181,0.277022235
0,0,0.805962379,0.79861345,0.2771455
0,0,0.802081627,0.794585719,0.277268765
0,0,0.798200874,0.790557988,0.27739203
0,0,0.794320122,0.786530257,0.277515295
0,0,0.790439369,0.782502526,0.27763856
0,0,0.786558617,0.778474795,0.277761825
0,0,0.782677865,0.774447064,0.277885091
0,0,0.778797112,0.770419333,0.278008356
0,0,0.77491636,0.766391602,0.278131621
0,0,0.771035607,0.762363871,0.278254886
0,0,0.767154855,0.75833614,0.278378151
0,0,0.763274103,0.754308409,0.278501416
0,0,0.75939335,0.750280678,0.278624681
0,0,0.755512598,0.746252947,0.278747946
0,0,0.751631845,0.742225216,0.278871212
0,0,0.747751093,0.738197485,0.278994477
0,0,0.74387034,0.734169754,0.279117742
0,0,0.739989588,0.730142023,0.279241007
0,0,0.736108836,0.726114292,0.279364272
0,0,0.732228083,0.722086561,0.279487537
0,0,0.728347331,0.71805883,0.279610802
0,0,0.724466578,0.714031099,0.279734067
0,0,0.720585826,0.710003368,0.279857333
0,0,0.716705074,0.705975637,0.279980598
0,0,0.712824321,0.701947906,0.280103863
0,0,0.708943569,0.697920175,0.280227128
0,0,0.705062816,0.693892444,0.280350393
0,0,0.701182064,0.689864713,0.280473658
0,0,0.697301311,0.685836982,0.280596923
0,0,0.693420559,0.681809251,0.280720188
0,0,0.689539807,0.67778152,0.280843453
0,0,0.685659054,0.673753789,0.280966719
0,0,0.681778302,0.669726058,0.281089984
0,0,0.677897549,0.665698327,0.281213249
0,0,0.674016797,0.661670596,0.281336514
0,0,0.670136045,0.657642865,0.281459779
0,0,0.666255292,0.653615134,0.281583044
0,0,0.66237454,0.649587403,0.281706309
0,0,0.658493787,0.645559672,0.281829574
0,0,0.654613035,0.641531941,0.28195284
0,0,0.650732282,0.63750421,0.282076105
0,0,0.64685153,0.633476479,0.28219937
0,0,0.642970778,0.629448748,0.282322635
0,0,0.639090025,0.625421017,0.2824459
0,0,0.635209273,0.621393286,0.282569165
0,0,0.63132852,0.617365555,0.28269243
0,0,0.627447768,0.613337824,0.282815695
0,0,0.623567016,0.609310093,0.282938961
0,0,0.619686263,0.605282362,0.283062226
0,0,0.615805511,0.601254631,0.283185491
0,0,0.614485577,0.597750994,0.283424076
0,0,0.612149995,0.593737255,0.283750288
0,0,0.609429975,0.589994294,0.283666361
0,0,0.606348134,0.586606133,0.283903416
0,0,0.602917895,0.582604561,0.28413919
0,0,0.599352639,0.578783451,0.284351729
0,0,0.595953516,0.572681483,0.284701021
0,0,0.592308544,0.566117858,0.285403658
0,0,0.58823051,0.560586511,0.286165714
0,0,0.584108476,0.555130719,0.282261894
0,0,0.579876704,0.549571712,0.279068778
0,0,0.575516123,0.544644954,0.276410325
0,0,0.571117463,0.53934936,0.274166362
0,0,0.566444013,0.534621218,0.272311089
0,0,0.561897737,0.529720009,0.270771427
0,0,0.55734528,0.525442988,0.26975125
0,0,0.552483128,0.522908298,0.269219732
0,0,0.547748208,0.520367216,0.269209434
0,0,0.54227467,0.516390199,0.269629485
0,0,0.536702657,0.51398773,0.273126111
0,0,0.531823349,0.510136537,0.274118588
0,0,0.52640168,0.506549693,0.275161568
0,0,0.521311168,0.503098261,0.276584587
0,0,0.516185473,0.500021916,0.278025376
0,0,0.511001644,0.496826788,0.279753295
0,0,0.50588403,0.493646906,0.281876815
0,0,0.501375731,0.491183466,0.284085119
0,0,0.496134446,0.488646405,0.285808186
0,0,0.490840161,0.486572461,0.287763719
0,0,0.485524715,0.484213002,0.290011032
0,0,0.480180049,0.482502482,0.292537726
0,0,0.474957193,0.47994316,0.294315619
0,0,0.469860857,0.478206903,0.296620758
0,0,0.464918788,0.47576518,0.298505461
0,0,0.459421441,0.474027137,0.301042868
0,0,0.454675004,0.47207956,0.303540308
0,0,0.449698799,0.469972711,0.306131662
0,0,0.444737665,0.467654682,0.308657385
0,0,0.439965681,0.465323837,0.311597519
0,0,0.434038852,0.463361477,0.314474216
0,0,0.429264941,0.461231112,0.317109268
0,0,0.424374838,0.458979862,0.320080854
0,0,0.419317405,0.456660248,0.323238662
0,0,0.414438191,0.4545759,0.325994211
0,0,0.409894297,0.452565347,0.328239474
0,0,0.403696514,0.450399634,0.330570539
0,0,0.397625783,0.448349302,0.333332014
0,0,0.392550048,0.446038371,0.33664017
0,0,0.388110112,0.443355021,0.33962108
0,0,0.383915882,0.441031855,0.343378165
0,0,0.379467514,0.438725632,0.345836782
0,0,0.374990114,0.436169907,0.348227992
0,0,0.370975785,0.433080151,0.351593
0,0,0.366853199,0.429917078,0.354036137
0,0,0.360964107,0.427344894,0.356490778
0,0,0.356540544,0.424267897,0.35877439
0,0,0.352879015,0.421868006,0.360878915
0,0,0.348455791,0.418974459,0.362849791
0,0,0.344061692,0.416100907,0.364760345
0,0,0.339848287,0.413402093,0.366857152
0,0,0.335763454,0.410330705,0.367959756
0,0,0.331655771,0.407113539,0.369383688
0,0,0.327680721,0.403855792,0.371258103
0,0,0.323839414,0.400100413,0.372908863
0,0,0.320189197,0.396836449,0.374086879
0,0,0.316268294,0.392843215,0.374805501
0,0,0.312499939,0.3887513,0.375426442
0,0,0.308518586,0.383046697,0.376302885
0,0,0.304850446,0.379007735,0.376307237
0,0,0.2995473,0.374994667,0.376456631
0,0,0.295932409,0.370666004,0.376127059
0,0,0.292960713,0.365988529,0.375624161
0,0,0.289474612,0.361462272,0.375148533
0,0,0.285948189,0.355278978,0.374603595
0,0,0.283114316,0.349906652,0.373668534
0,0,0.279884508,0.344176461,0.373172402
0,0,0.276513045,0.338581937,0.372074537
0,0,0.272953166,0.332960743,0.370535909
0,0,0.269424586,0.327107195,0.368861129
0,0,0.266173395,0.320928309,0.366945858
0,0,0.26286834,0.314926006,0.365071558
0,0,0.259105301,0.308806515,0.362866336
0,0,0.255286097,0.302691358,0.360651902
0,0,0.249741753,0.296164991,0.358178942
0,0,0.2460633,0.289543175,0.355822575
0,0,0.242450464,0.283049924,0.353127095
0,0,0.239233125,0.276166772,0.350142892
0,0,0.235641354,0.269055449,0.346724931
0,0,0.232222477,0.261518954,0.343175558
0,0,0.228667503,0.254002211,0.339671665
0,0,0.224191286,0.24600436,0.336085978
0,0,0.220998849,0.23869541,0.332258962
0,0,0.216253599,0.230765776,0.32784942
0,0,0.212710529,0.223221695,0.32341201
0,0,0.208167032,0.215206739,0.318566385
0,0,0.204837282,0.20671223,0.313147304
0,0,0.201396092,0.198212965,0.307573107
0,0,0.198011703,0.189994666,0.301877272
0,0,0.194534676,0.181082419,0.296002694
0,0,0.188277019,0.171640729,0.28992323
0,0,0.182586989,0.163017292,0.283483939
0,0,0.177042711,0.153964536,0.277261017
0,0,0.172050138,0.144502625,0.270544777
0,0,0.166805856,0.135384792,0.264075782
0,0,0.161679119,0.126217614,0.25717684
0,0,0.156264887,0.118812029,0.249670077
0,0,0.151243705,0.112172793,0.241354642
0,0,0.146699739,0.105818558,0.232767137
0,0,0.142548379,0.099173344,0.228885638
0,0,0.138247833,0.09341607,0.225129715
0,0,0.133770378,0.087394771,0.221621645
0,0,0.129114362,0.082662495,0.217990466
0,0,0.125410952,0.07795326,0.214552081
0,0,0.121212852,0.073114962,0.211431037
0,0,0.117036098,0.068359892,0.208556893
0,0,0.113378947,0.061832837,0.204944605
0,0,0.109923259,0.055857136,0.201525437
0,0,0.106812534,0.051466179,0.198566631
0,0,0.104446335,0.046094658,0.192049704
0,0,0.100990395,0.041792792,0.187933724
0,0,0.098396664,0.037781251,0.18423673
0,0,0.095569435,0.034489666,0.180283588
0,0,0.092884589,0.031061727,0.176938914
0,0,0.090259507,0.028117399,0.173976922
0,0,0.087815215,0.025518496,0.170914699
0,0,0.085121682,0.022571132,0.167517989
0,0,0.083376747,0.020082705,0.164988493
0,0,0.081571543,0.017461438,0.162042266
0,0,0.07997992,0.014740832,0.159001745
0,0,0.07854269,0.01207139,0.155804626
0,0,0.077183407,0.010143961,0.153705409
0,0,0.075861873,0.007651277,0.151387317
0,0,0.074495388,0.006253724,0.14968004
0,0,0.073912669,0.004482966,0.147687151
0,0,0.072523054,0.003158974,0.146151903
0,0,0.071462663,0.003249141,0.14495415
0,0,0.070581211,0.002344649,0.143541342
0,0,0.069411325,0.001909656,0.14195628
0,0,0.069680834,0.001032562,0.140262427
0,0,0.068961237,0.000419637,0.138983401
0,0,0.06877802,2.38E-05,0.137722928
0,0,0.06834566,0,0.136349029
0,0,0.06762013,0.000612915,0.13514522
0,0,0.067170743,0.001003315,0.134424193
0,0,0.067936226,0.002064911,0.134070375
0,0,0.068986742,0.002748801,0.133157627
0,0,0.069207481,0.005204795,0.132157798
0,0,0.069094951,0.007271472,0.130873451
0,0,0.068640029,0.008609174,0.128721968
0,0,0.068538018,0.009792447,0.128153647
0,0,0.068550165,0.011437669,0.127697014
0,0,0.067810205,0.013912919,0.126224509
0,0,0.06729517,0.016598566,0.125429201
0,0,0.068692139,0.01871154,0.124721865
0,0,0.068732186,0.02187971,0.124097119
0,0,0.06799575,0.024520725,0.123513545
0,0,0.068130368,0.027795953,0.123404898
0,0,0.068429379,0.030966806,0.123086492
0,0,0.068618443,0.033699272,0.122410523
0,0,0.068622976,0.036743149,0.122775887
0,0,0.069110684,0.039677496,0.122561277
0,0,0.069248926,0.04283803,0.122384776
0,0,0.069319598,0.046480403,0.121710085
0,0,0.069036309,0.049191031,0.121459031
0,0,0.068862992,0.052785779,0.121916931
0,0,0.068520176,0.056150198,0.121996036
0,0,0.068727061,0.061138989,0.121623042
0,0,0.068550465,0.065102202,0.12202675
0,0,0.069455915,0.069126287,0.122274949
0,0,0.068980349,0.072946154,0.122635164
0,0,0.068396774,0.076692102,0.123458362
0,0,0.067830731,0.080168453,0.123773231
0,0,0.067110582,0.085454102,0.124147544
0,0,0.065742549,0.089861806,0.124953844
0,0,0.064357211,0.094655938,0.125704913
0,0,0.062866465,0.099337349,0.126144826
0,0,0.061376073,0.10349826,0.127150112
0,0,0.060400762,0.107802427,0.127848323
0,0,0.058501161,0.11251443,0.128744105
0,0,0.056249634,0.117086025,0.129162095
0,0,0.054818196,0.121519777,0.129844807
0,0,0.052716193,0.125787289,0.130685974
0,0,0.052813657,0.130680546,0.131739512
0,0,0.051016678,0.135657587,0.132046591
0,0,0.049467911,0.140105094,0.132404416
0,0,0.046735032,0.144526131,0.133292739
0,0,0.044416154,0.149022357,0.134283781
0,0,0.041803103,0.154344025,0.134434135
0,0,0.03908189,0.158743349,0.134502159
0,0,0.037419023,0.163507176,0.135114231
0,0,0.034277026,0.167871611,0.135381744
0,0,0.03286676,0.172260919,0.136015594
0,0,0.030695642,0.176165891,0.136924999
0,0,0.029001468,0.180503962,0.137978722
0,0,0.025875827,0.185440127,0.138822673
0,0,0.023417036,0.190371045,0.139496708
0,0,0.020997731,0.195330658,0.140089808
0,0,0.018778038,0.200545303,0.141605917
0,0,0.016852396,0.205527904,0.142515842
0,0,0.01503697,0.210425493,0.143401404
0,0,0.013353591,0.215577823,0.144392591
0,0,0.011449478,0.220377326,0.145274639
0,0,0.009991257,0.225418195,0.145479889
0,0,0.008546875,0.230405931,0.145936246
0,0,0.007360441,0.235907944,0.146778314
0,0,0.006129339,0.241623224,0.148061575
0,0,0.004951596,0.246853464,0.149119497
0,0,0.003688808,0.25236102,0.149818503
0,0,0.002413423,0.257802412,0.150587466
0,0,0.001603987,0.262971079,0.150989966
0,0,0.001337953,0.267467111,0.151773842
0,0,0.000591937,0.272514032,0.152000777
0,0,0.000287398,0.27827565,0.151989334
0,0,0.000586874,0.283591264,0.151100634
0,0,0.000480977,0.289281333,0.152006634
0,0,0,0.29410958,0.152465992
0,0,0.000169377,0.299623237,0.152219535
0,0,0.00064496,0.304638075,0.152720052
0,0,0.000995603,0.310296495,0.153018277
0,0,0.001322724,0.316234174,0.153327929
0,0,0.001824955,0.320839396,0.153845843
0,0,0.002311427,0.326008369,0.153619549
0,0,0.003080394,0.33106423,0.152920758
0,0,0.003760411,0.336068861,0.152053679
0,0,0.004830575,0.341203868,0.151372742
0,0,0.00524819,0.346605027,0.150578453
0,0,0.006552073,0.351552858,0.149761852
0,0,0.007376492,0.357116225,0.147237995
0,0,0.008098355,0.36299967,0.146491746
0,0,0.009165791,0.368640561,0.145711063
0,0,0.010631098,0.37357596,0.145106063
0,0,0.011638944,0.378326699,0.144500785
0,0,0.012735365,0.383077591,0.143446545
0,0,0.014557085,0.389086373,0.14225195
0,0,0.016028997,0.393739917,0.140713109
0,0,0.01748559,0.398632734,0.139483078
0,0,0.01899044,0.403045324,0.138309631
0,0,0.02036387,0.408421126,0.137651537
0,0,0.02174623,0.413445401,0.136901276
0,0,0.022681294,0.418183738,0.135917665
0,0,0.023985291,0.423690676,0.132973173
0,0,0.026003753,0.428284249,0.132678091
0,0,0.02694933,0.432723626,0.133108017
0,0,0.028625823,0.437175513,0.132682468
0,0,0.030720331,0.44225983,0.132392482
0,0,0.03278232,0.445206433,0.132717985
0,0,0.034852411,0.44832181,0.132742412
0,0,0.036401117,0.451799506,0.133166056
0,0,0.037988759,0.456411189,0.133264544
0,0,0.039478635,0.459998518,0.133818736
0,0,0.041222217,0.463868669,0.13266456
0,0,0.042879493,0.467855489,0.134329316
0,0,0.044696088,0.471725767,0.136076306
0,0,0.046679606,0.474718575,0.13794473
0,0,0.048967726,0.478059045,0.140056811
0,0,0.051273564,0.480619559,0.142968655
0,0,0.053350012,0.483191806,0.146139238
0,0,0.056168953,0.486758536,0.148950371
0,0,0.05863599,0.490127667,0.151901617
0,0,0.06072315,0.492575719,0.152910582
0,0,0.06305188,0.495097976,0.15701602
0,0,0.065108571,0.497057848,0.161040383
0,0,0.067346161,0.499654858,0.165786288
0,0,0.069774776,0.501470987,0.170142264
0,0,0.072272647,0.503424727,0.175018704
0,0,0.074260702,0.506315345,0.179994674
0,0,0.076245544,0.507581507,0.185006748
0,0,0.078937676,0.508806078,0.190117908
0,0,0.081381633,0.510487558,0.196001161
0,0,0.083151583,0.512301731,0.201600576
0,0,0.08523257,0.514250922,0.209461571
0,0,0.087444009,0.515405514,0.215959228
0,0,0.089882726,0.516549704,0.222878663
0,0,0.091883324,0.517084325,0.229389426
0,0,0.093883309,0.51832665,0.23726546
0,0,0.095771072,0.518983891,0.244284085
0,0,0.097409051,0.520138446,0.253506706
0,0,0.098853041,0.521072417,0.261436316
0,0,0.10055743,0.521879712,0.269807894
0,0,0.101793984,0.522656686,0.278793596
0,0,0.10399007,0.522990805,0.287509889
0,0,0.105218297,0.523685925,0.296688173
0,0,0.10649552,0.523727081,0.306431914
0,0,0.107489631,0.52337146,0.316577978
0,0,0.108974451,0.523692309,0.326429819
0,0,0.110148292,0.523374127,0.337213212
0,0,0.111677092,0.522763466,0.348855627
0,0,0.11289919,0.522962372,0.360155751
0,0,0.113807569,0.523364918,0.369598773
0,0,0.11501581,0.523388159,0.381030898
0,0,0.116053863,0.523401387,0.392801434
0,0,0.11664103,0.523773272,0.40370681
0,0,0.118081246,0.523701177,0.414675103
0,0,0.120671123,0.524376156,0.426779449
0,0,0.122754652,0.524976815,0.438924002
0,0,0.124287337,0.525040857,0.451275685
0,0,0.125986564,0.525476454,0.462741927
0,0,0.127535238,0.526273304,0.475095051
0,0,0.129135834,0.526206086,0.487394185
0,0,0.130828772,0.526019798,0.498966207
0,0,0.133196638,0.526129443,0.510598711
0,0,0.13542004,0.525898689,0.523321722
0,0,0.137271909,0.525653663,0.535236458
0,0,0.139143591,0.52622656,0.546840871
0,0,0.141042599,0.525984904,0.557866299
0,0,0.142434594,0.525080143,0.568247923
0,0,0.143520617,0.525064323,0.579146137
0,0,0.145213204,0.524835729,0.58969406
0,0,0.146751289,0.525084319,0.600595063
0,0,0.148122905,0.525618091,0.610910769
0,0,0.149641492,0.524969079,0.620963563
0,0,0.150709706,0.524825737,0.631449199
0,0,0.151285569,0.525347354,0.642231029
0,0,0.152309973,0.525475914,0.651945124
0,0,0.153738581,0.526220384,0.661714288
0,0,0.154647545,0.526820532,0.671578325
0,0,0.154615262,0.527534332,0.680745849
0,0,0.155240366,0.528343094,0.689892648
0,0,0.156275732,0.528468671,0.698592934
0,0,0.157227322,0.529790987,0.70699827
0,0,0.158834536,0.530680902,0.715547572
0,0,0.160030874,0.531587819,0.723945437
0,0,0.160959049,0.532615661,0.731812282
0,0,0.161489701,0.533153473,0.739102669
0,0,0.162615573,0.533840054,0.745802607
0,0,0.162063659,0.534267472,0.752814873
0,0,0.162707282,0.53484174,0.762034713
0,0,0.163433814,0.53438071,0.769608524
0,0,0.164226672,0.53435503,0.776207133
0,0,0.164347402,0.535165831,0.782203562
0,0,0.165425165,0.536341208,0.788669398
0,0,0.166079387,0.537146775,0.795177094
0,0,0.166015101,0.536880371,0.801553015
0,0,0.165739984,0.536133615,0.807784311
0,0,0.165858377,0.536054914,0.813947596
0,0,0.165247643,0.536421158,0.819863767
0,0,0.164645727,0.536456426,0.825144622
0,0,0.163857104,0.536764164,0.830186857
0,0,0.162792093,0.536797871,0.835388567
0,0,0.162678364,0.536569051,0.842953928
0,0,0.162081533,0.536816854,0.848015717
0,0,0.161522956,0.53721747,0.852373959
0,0,0.160788841,0.536576276,0.857548334
0,0,0.159010149,0.535463837,0.863150285
0,0,0.157785854,0.535292312,0.867622899
0,0,0.156176049,0.53563847,0.873038292
0,0,0.155255418,0.536660332,0.878035684
0,0,0.154533802,0.536677989,0.883271021
0,0,0.153667503,0.537442118,0.888287
0,0,0.152679515,0.536952354,0.895518144
0,0,0.151609993,0.537250942,0.900841464
0,0,0.150199443,0.537690207,0.905923623
0,0,0.149090877,0.537781611,0.910352913
0,0,0.148102174,0.537371791,0.914916242
0,0,0.147230419,0.538043146,0.918648298
0,0,0.145718573,0.537737063,0.922412736
0,0,0.144220865,0.537396119,0.926517905
0,0,0.14363233,0.536627704,0.930734624
0,0,0.142222602,0.536360867,0.937721669
0,0,0.140611631,0.536089131,0.941364907
0,0,0.139322103,0.535989204,0.945553864
0,0,0.138085088,0.535587111,0.948901262
0,0,0.136761758,0.535526047,0.952154031
0,0,0.134461874,0.535389103,0.955413999
0,0,0.132645894,0.535015822,0.959002055
0,0,0.131235398,0.535863685,0.9627073
0,0,0.129197599,0.53630323,0.96592171
0,0,0.127328357,0.535970522,0.969519083
0,0,0.125278161,0.535314898,0.972979167
0,0,0.12320925,0.534328084,0.975127398
0,0,0.120543813,0.533981282,0.978261832
0,0,0.117907751,0.534080604,0.980789721
0,0,0.115757964,0.53415558,0.983791263
0,0,0.113083689,0.534244465,0.985769412
0,0,0.111003217,0.53532686,0.98799983
0,0,0.108572247,0.535491905,0.988638045
0,0,0.106834468,0.535664004,0.990739635
0,0,0.104904013,0.535767197,0.992715085
0,0,0.102495597,0.535943463,0.994602743
0,0,0.099569932,0.53633345,0.996288956
0,0,0.097467354,0.53605819,0.997401123
0,0,0.095658436,0.536113215,0.998652503
0,0,0.094063222,0.536329396,0.999642401
0,0,0.092763999,0.536094246,1
0,0,0.09104644,0.53704679,0.999562327
0,0,0.088564094,0.537691216,0.998902386
0,0,0.086971758,0.538319599,0.998463848
0,0,0.085412673,0.538868501,0.999463596
0,0,0.084662692,0.539842401,0.998675996
0,0,0.0827779,0.54116153,0.997342835
0,0,0.081090561,0.541752195,0.996182483
0,0,0.079772909,0.543281814,0.994937801
0,0,0.077711521,0.542979912,0.992957762
0,0,0.075939341,0.542839275,0.99088385
0,0,0.074567003,0.543580925,0.988684567
0,0,0.073133888,0.543359644,0.986354212
0,0,0.071465834,0.543304714,0.983162576
0,0,0.069601482,0.543974633,0.979854491
0,0,0.068157506,0.544560297,0.976838229
0,0,0.066002907,0.545004573,0.973675414
0,0,0.063977077,0.545902095,0.968864228
0,0,0.062177068,0.54636306,0.964233383
0,0,0.060657881,0.546449726,0.958711917
0,0,0.05893692,0.546872977,0.953439062
0,0,0.058258769,0.54851406,0.948898846
0,0,0.056995002,0.549590224,0.944112986
0,0,0.055367146,0.549842627,0.939029836
0,0,0.054034123,0.550829608,0.933438945
0,0,0.052054226,0.55093768,0.927437347
0,0,0.050381074,0.552133452,0.921455862
0,0,0.049384838,0.552593888,0.914904162
0,0,0.047717312,0.552805718,0.908241308
0,0,0.046530813,0.553837545,0.901478
0,0,0.045476523,0.554420424,0.893989703
0,0,0.044706445,0.554530265,0.886761044
0,0,0.043136298,0.554849863,0.879284462
0,0,0.042151743,0.554929367,0.871682005
0,0,0.04032785,0.555239887,0.864215081
0,0,0.039386979,0.555373917,0.856492927
0,0,0.037518191,0.555364895,0.848221584
0,0,0.036539084,0.554811678,0.839810354
0,0,0.035349003,0.554767518,0.831294441
0,0,0.034510846,0.554883875,0.822635502
0,0,0.032961268,0.554426356,0.814186441
0,0,0.0321744,0.554404015,0.806021448
0,0,0.030821592,0.553765803,0.797042828
0,0,0.030198642,0.553386016,0.787808117
0,0,0.0291722,0.553549877,0.779098149
0,0,0.027796066,0.553526259,0.771269406
0,0,0.025961247,0.553497801,0.762414174
0,0,0.024117271,0.553063323,0.753409959
0,0,0.022329491,0.552538809,0.744147502
0,0,0.021636367,0.552252205,0.734917337
0,0,0.02029952,0.552292843,0.725456296
0,0,0.019101332,0.551788633,0.715863826
0,0,0.018327884,0.551654246,0.707095298
0,0,0.017308736,0.550819622,0.69807396
0,0,0.016617605,0.551127522,0.689261941
0,0,0.015601082,0.55146729,0.6804285
0,0,0.01362814,0.551385277,0.671683891
0,0,0.012430462,0.551115175,0.662997925
0,0,0.011187392,0.551417,0.65433298
0,0,0.010661505,0.551588945,0.64563943
0,0,0.0095494,0.551553022,0.63674558
0,0,0.008815189,0.551351096,0.627880684
0,0,0.008084759,0.550415497,0.618995429
0,0,0.007080935,0.549709762,0.610884686
0,0,0.006445487,0.549360838,0.602815964
0,0,0.006172088,0.549960061,0.594218559
0,0,0.005925564,0.549087418,0.585149216
0,0,0.006190727,0.548052984,0.57623829
0,0,0.006255506,0.548001525,0.568116253
0,0,0.006088213,0.548252489,0.559931762
0,0,0.005752643,0.547463109,0.55173005
0,0,0.006378513,0.547579458,0.543375346
0,0,0.006133259,0.546721006,0.534973509
0,0,0.005270722,0.546015839,0.526843186
0,0,0.005130475,0.545442102,0.518474765
0,0,0.005050459,0.545117907,0.509904751
0,0,0.004365516,0.544934251,0.50183485
0,0,0.003885079,0.544282847,0.493700398
0,0,0.003394581,0.54360152,0.486437772
0,0,0.00383258,0.544185432,0.478934245
0,0,0.003963997,0.543661154,0.471073535
0,0,0.00359989,0.543290608,0.463496966
0,0,0.003454401,0.542374371,0.456692785
0,0,0.003273811,0.541531959,0.448933574
0,0,0.003609094,0.541061014,0.441092066
0,0,0.003894409,0.541059072,0.43312129
0,0,0.004296838,0.541451698,0.425244123
0,0,0.004432097,0.541218206,0.417708106
0,0,0.00460192,0.5415184,0.409849258
0,0,0.005445977,0.540841397,0.4021833
0,0,0.006056724,0.540202142,0.394556742
0,0,0.006561389,0.539884913,0.387371271
0,0,0.006935128,0.539897901,0.379701006
0,0,0.006824149,0.540056621,0.372246875
0,0,0.007676615,0.54011039,0.364152128
0,0,0.008736893,0.540326366,0.356461314
0,0,0.009086668,0.540444173,0.349212259
0,0,0.010025216,0.540534327,0.341579914
0,0,0.010236484,0.54106441,0.333400545
0,0,0.010198372,0.541392157,0.325536035
0,0,0.01036116,0.541181585,0.317654948
0,0,0.011380045,0.541498593,0.310079097
0,0,0.011806719,0.541778934,0.302307429
0,0,0.01305079,0.541761793,0.294945677
0,0,0.012962401,0.541395707,0.287447297
0,0,0.014034844,0.541030503,0.279498168
0,0,0.015065255,0.541217475,0.271603381
0,0,0.015747263,0.54150112,0.263617755
0,0,0.016697957,0.542435544,0.255562723
0,0,0.017215381,0.543256527,0.247453911
0,0,0.017969537,0.543051413,0.239335676
0,0,0.018613462,0.543619037,0.231735031
0,0,0.019643624,0.543796917,0.224142942
0,0,0.020891699,0.543930426,0.215570461
0,0,0.021674687,0.543924092,0.207390036
0,0,0.022449911,0.543995625,0.199223877
0,0,0.023605953,0.543763607,0.191320709
0,0,0.02450686,0.543493928,0.183555309
0,0,0.025042082,0.543083814,0.176365118
0,0,0.025810514,0.543556271,0.169060463
0,0,0.025932149,0.543391921,0.161360715
0,0,0.026638116,0.543179889,0.153256955
0,0,0.0273372,0.543771803,0.145046715
0,0,0.027747996,0.543401474,0.137444955
0,0,0.028858131,0.543852888,0.130049351
0,0,0.029690811,0.543982833,0.122901315
0,0,0.030187448,0.544582141,0.115910347
0,0,0.031193556,0.545232812,0.109276239
0,0,0.031791812,0.545170119,0.102459269
0,0,0.031267649,0.545236329,0.097202296
0,0,0.031352157,0.546067947,0.090919434
0,0,0.032546722,0.546741269,0.084549237
0,0,0.03336165,0.547296232,0.078255131
0,0,0.034033114,0.547836891,0.071609467
0,0,0.034610827,0.547564799,0.06541666
0,0,0.03585056,0.547427961,0.059522529
0,0,0.035793077,0.548403273,0.053631642
0,0,0.036375308,0.54866383,0.04822146
0,0,0.036407479,0.549050234,0.04332732
0,0,0.036882916,0.549642028,0.038869648
0,0,0.037438411,0.550195429,0.034312755
0,0,0.037986843,0.550974786,0.029773722
0,0,0.037398428,0.552230377,0.026058077
0,0,0.03747409,0.553257501,0.024192662
0,0,0.038160341,0.553826248,0.019982226
0,0,0.038464624,0.55410639,0.016412424
0,0,0.038517179,0.555486627,0.013291642
0,0,0.039087029,0.55655942,0.010721644
0,0,0.03903696,0.557614237,0.008363185
0,0,0.038373423,0.558344519,0.006306042
0,0,0.038840166,0.559420338,0.004979916
0,0,0.038804944,0.560230113,0.003390852
0,0,0.039103542,0.562133183,0.002475653
0,0,0.039617416,0.563273769,0.001315879
0,0,0.039662553,0.564161038,0.000440009
0,0,0.04073961,0.564695206,0
0,0,0.041490773,0.565738164,0.002492084
0,0,0.041925667,0.566643454,0.003065635
0,0,0.042601093,0.56813699,0.002959615
0,0,0.043552167,0.56878644,0.00392217
0,0,0.043835765,0.569435137,0.005154795
0,0,0.044292256,0.570624188,0.006457719
0,0,0.04449965,0.572403533,0.008219164
0,0,0.04536214,0.573508263,0.010083832
0,0,0.046178344,0.573917638,0.012529755
0,0,0.047320747,0.575389226,0.015451548
0,0,0.048203578,0.576942601,0.020388004
0,0,0.049189354,0.577961722,0.023284611
0,0,0.050160307,0.57871442,0.026452241
0,0,0.051049936,0.579613756,0.029657456
0,0,0.051692676,0.580106092,0.033396152
0,0,0.052572008,0.581278697,0.03817397
0,0,0.053598498,0.582119476,0.042032571
0,0,0.05405079,0.583015368,0.04714681
0,0,0.055086172,0.583324969,0.052172015
0,0,0.056407582,0.584300685,0.059662633
0,0,0.0574372,0.585686575,0.065624352
0,0,0.058355339,0.587294855,0.071045331
0,0,0.059336089,0.587914448,0.076196111
0,0,0.060206528,0.589335483,0.081994475
0,0,0.060747621,0.589811627,0.087718098
0,0,0.061740998,0.590703144,0.093251899
0,0,0.062821463,0.592103713,0.099652662
0,0,0.063372163,0.593695114,0.106517707
0,0,0.063865434,0.595274071,0.112874815
0,0,0.065272325,0.595984874,0.119484493
0,0,0.066010304,0.59702361,0.126153169
0,0,0.066531783,0.597604964,0.133102196
0,0,0.066812585,0.598327197,0.139544403
0,0,0.06715993,0.599423456,0.146580874
0,0,0.067363464,0.600109512,0.152422285
0,0,0.067894359,0.601030361,0.159424509
0,0,0.06834234,0.601714597,0.166179932
0,0,0.069223398,0.602561851,0.17324041
0,0,0.07004294,0.602854037,0.180428965
0,0,0.071233807,0.603213221,0.187085235
0,0,0.071317901,0.604544947,0.193930443
0,0,0.072052464,0.604960382,0.201047966
0,0,0.073143649,0.605558708,0.208441584
0,0,0.074287494,0.607289712,0.215590517
0,0,0.07513806,0.607490986,0.222553548
0,0,0.076239533,0.60874382,0.22948531
0,0,0.076280383,0.609761181,0.235343053
0,0,0.077204288,0.610697132,0.241355705
0,0,0.07810922,0.611340821,0.249396754
0,0,0.079008584,0.612587929,0.255873363
0,0,0.079836577,0.61304126,0.26198137
0,0,0.080698982,0.612791076,0.268701841
0,0,0.081667142,0.613334412,0.275473281
0,0,0.081776713,0.613053489,0.281861919
0,0,0.081937783,0.613347527,0.287895187
0,0,0.082790253,0.613425642,0.293995561
0,0,0.083574013,0.613076896,0.300552047
0,0,0.08458729,0.613378072,0.306512913
0,0,0.085448578,0.613262889,0.312512695
0,0,0.085728076,0.613299246,0.31868883
0,0,0.085858054,0.614276949,0.324545449
0,0,0.086359821,0.615187444,0.330032458
0,0,0.087061267,0.61575214,0.335975492
0,0,0.087529027,0.615719538,0.341668827
0,0,0.087791882,0.616134814,0.347776058
0,0,0.08842577,0.617115016,0.354554131
0,0,0.08931436,0.618189932,0.360224605
0,0,0.090102787,0.618855617,0.366079152
0,0,0.090760113,0.619196854,0.372337767
0,0,0.091423341,0.61961859,0.377989703
0,0,0.091904787,0.620318429,0.383974466
0,0,0.092893457,0.621056474,0.389901731
0,0,0.094389328,0.621302213,0.394943546
0,0,0.095052717,0.621891761,0.400114285
0,0,0.09517373,0.621284362,0.405492793
0,0,0.095719927,0.621402687,0.410517681
0,0,0.096989836,0.620995507,0.41631979
0,0,0.097615407,0.621315343,0.421756909
0,0,0.097327682,0.621918592,0.4273679
0,0,0.097592361,0.62248526,0.432917296
0,0,0.097080885,0.623181226,0.438308704
0,0,0.096798215,0.623370575,0.443330185
0,0,0.096747498,0.623916205,0.448287983
0,0,0.096791838,0.624940149,0.453572901
0,0,0.096492286,0.625173641,0.459600615
0,0,0.09722647,0.625146911,0.464573523
0,0,0.097181885,0.624890419,0.467681669
0,0,0.096908041,0.625825982,0.472299703
0,0,0.096535905,0.627160704,0.477474141
0,0,0.096916053,0.627151372,0.482702543
0,0,0.096053691,0.627005692,0.487553836
0,0,0.095342162,0.627493217,0.492377249
0,0,0.095290239,0.628401477,0.497493408
0,0,0.095253536,0.629410597,0.502129385
0,0,0.094735,0.630052735,0.506800815
0,0,0.094862892,0.630714001,0.511685386
0,0,0.094785062,0.63139222,0.51706139
0,0,0.094765471,0.631193187,0.522019116
0,0,0.094534046,0.632183972,0.527148788
0,0,0.093802713,0.632977502,0.529343396
0,0,0.093473602,0.633360187,0.533696019
0,0,0.093301523,0.633120671,0.538562928
0,0,0.093175018,0.634367345,0.542750261
0,0,0.093593872,0.635297626,0.546896702
0,0,0.093692598,0.636460654,0.551474467
0,0,0.094352454,0.635981828,0.555030836
0,0,0.094334366,0.636048331,0.558457579
0,0,0.093854164,0.636151902,0.562088679
0,0,0.093162648,0.63572932,0.565504732
0,0,0.093025609,0.63628652,0.567054902
0,0,0.092935034,0.636504233,0.569920309
0,0,0.092739649,0.635887556,0.572760687
0,0,0.092321413,0.635670624,0.575978888
0,0,0.091950889,0.635771364,0.578921941
0,0,0.091407329,0.6352623,0.581302626
0,0,0.090684188,0.635794629,0.584281121
0,0,0.090568295,0.63682389,0.586099047
0,0,0.089719489,0.637813174,0.588256084
0,0,0.08948006,0.638178739,0.587801607
0,0,0.088887898,0.638053867,0.588883027
0,0,0.088382924,0.638491246,0.589858242
0,0,0.087307052,0.639228804,0.591178531
0,0,0.086162432,0.639299837,0.592301777
0,0,0.08587861,0.640126932,0.593477805
0,0,0.085345592,0.640785976,0.594183617
0,0,0.08400869,0.640622487,0.594053201
0,0,0.083445548,0.640369305,0.593831876
0,0,0.082728676,0.639926316,0.593894394
0,0,0.081526732,0.640846805,0.594163271
0,0,0.080635877,0.641191212,0.593658256
0,0,0.079979983,0.641863959,0.592991656
0,0,0.079479328,0.64266365,0.592951063
0,0,0.079177864,0.643362596,0.592059678
0,0,0.079206124,0.644114679,0.592316839
0,0,0.078533557,0.643894077,0.591633284
0,0,0.078469464,0.644245476,0.591210276
0,0,0.077340395,0.644497533,0.59028955
0,0,0.076432091,0.645379948,0.589053622
0,0,0.075369824,0.64669603,0.587657543
0,0,0.074876836,0.647104488,0.585832525
0,0,0.074135858,0.647604493,0.583982719
0,0,0.073083473,0.648442382,0.581316989
0,0,0.071838573,0.648574715,0.578983566
0,0,0.070288212,0.649709945,0.576674643
0,0,0.069114474,0.649251004,0.574322709
0,0,0.068220608,0.648638544,0.572748178
0,0,0.066956054,0.648465678,0.571100271
0,0,0.06576269,0.649254242,0.567672468
0,0,0.064210801,0.648748105,0.565768805
0,0,0.063540648,0.647611648,0.563868594
0,0,0.062372824,0.647858621,0.561065238
0,0,0.060997766,0.647208743,0.558594493
0,0,0.060525983,0.647527525,0.556391894
0,0,0.060051725,0.647042273,0.553509674
0,0,0.058704468,0.646517988,0.551043815
0,0,0.057643276,0.646789501,0.54839954
0,0,0.056509466,0.646126267,0.545821757
0,0,0.05532916,0.646313676,0.5429726
0,0,0.054538041,0.646625548,0.539690198
0,0,0.054185947,0.646717168,0.536412883
0,0,0.053833438,0.646789399,0.53353012
0,0,0.052869399,0.646835834,0.530829676
0,0,0.051960623,0.647115205,0.527691946
0,0,0.051332052,0.647006896,0.524584644
0,0,0.050447565,0.646296651,0.521076178
0,0,0.049400425,0.645550515,0.51797259
0,0,0.048441904,0.645268497,0.514896841
0,0,0.047363353,0.64518576,0.511682143
0,0,0.046350321,0.644933751,0.509092783
0,0,0.045733449,0.644155421,0.506166607
0,0,0.044403302,0.643493772,0.503453351
0,0,0.04315883,0.643591612,0.500623284
0,0,0.042189233,0.642651571,0.498109673
0,0,0.04171348,0.642743449,0.495858741
0,0,0.040755179,0.642287706,0.494237682
0,0,0.039662013,0.642374512,0.492209998
0,0,0.038425095,0.642465031,0.490373411
0,0,0.037610242,0.64234943,0.488670953
0,0,0.036817171,0.641807822,0.487179513
0,0,0.036713054,0.641281985,0.485808092
0,0,0.036298268,0.641355689,0.485189739
0,0,0.035662115,0.640878258,0.484660438
0,0,0.035169007,0.63997048,0.483831661
0,0,0.035001162,0.640217577,0.482779905
0,0,0.034403873,0.640384048,0.482341846
0,0,0.033848612,0.640601448,0.482262721
0,0,0.033354717,0.64016898,0.48256546
0,0,0.03320013,0.639267399,0.482413649
0,0,0.032770029,0.639274431,0.482302738
0,0,0.03317461,0.639477938,0.482458516
0,0,0.033451975,0.639217454,0.482735862
0,0,0.033763801,0.638862585,0.483078085
0,0,0.03359564,0.638576268,0.483710138
0,0,0.034014432,0.638173294,0.484438926
0,0,0.033925993,0.637335168,0.485219256
0,0,0.033926805,0.63682961,0.485806545
0,0,0.033818001,0.636905547,0.486629599
0,0,0.033728282,0.636086905,0.487423603
0,0,0.034127874,0.635157534,0.488456096
0,0,0.034675085,0.634702504,0.489043071
0,0,0.034842363,0.634552618,0.489822504
0,0,0.034929057,0.633547476,0.490774624
0,0,0.035015953,0.633109934,0.491742235
0,0,0.035350936,0.632139078,0.492864278
0,0,0.035532745,0.631950235,0.494076059
0,0,0.035679431,0.631505737,0.495416407
0,0,0.036259464,0.631565267,0.496540442
0,0,0.036932693,0.631674831,0.497607412
0,0,0.03720265,0.630750323,0.498382111
0,0,0.037317228,0.63030455,0.499806379
0,0,0.037445804,0.630577405,0.501324963
0,0,0.037806836,0.630713773,0.502488511
0,0,0.038241635,0.631068827,0.503679603
0,0,0.038743695,0.631482342,0.504832531
0,0,0.039291009,0.631346748,0.506084534
0,0,0.03974701,0.63111605,0.507539066
0,0,0.040430883,0.630982649,0.509109548
0,0,0.04064574,0.630922906,0.510404092
0,0,0.041095705,0.63144122,0.511736989
0,0,0.041452085,0.6315023,0.513035587
0,0,0.042217341,0.631252102,0.51449526
0,0,0.043101652,0.631213308,0.515718819
0,0,0.043405769,0.630721792,0.516645387
0,0,0.043733113,0.630415099,0.517952387
0,0,0.044725888,0.630890497,0.519507333
0,0,0.04507408,0.631485023,0.521032262
0,0,0.045565782,0.632076694,0.522378604
0,0,0.04599904,0.631671135,0.523414071
0,0,0.046445286,0.631649932,0.524995694
0,0,0.04683313,0.63182255,0.526072503
0,0,0.0472767,0.631926417,0.527001589
0,0,0.047312106,0.631631996,0.528621643
0,0,0.047008139,0.631781905,0.529676674
0,0,0.046928444,0.632441512,0.530685016
0,0,0.04695687,0.632593631,0.531484054
0,0,0.047137559,0.632695804,0.532549241
0,0,0.047058246,0.632770595,0.533509584
0,0,0.047268442,0.632295681,0.534520492
0,0,0.04727855,0.631626372,0.535605465
0,0,0.047170971,0.631648529,0.536684541
0,0,0.046911002,0.631482896,0.538321828
0,0,0.047081904,0.630872793,0.539710584
0,0,0.047490914,0.630197421,0.540876499
0,0,0.047448011,0.629967149,0.542120469
0,0,0.047565024,0.630340603,0.542840672
0,0,0.047561866,0.630213614,0.543489802
0,0,0.047533576,0.629422946,0.5440534
0,0,0.048043303,0.62905237,0.54433497
0,0,0.047686096,0.629302924,0.544807699
0,0,0.047484869,0.629045784,0.545557054
0,0,0.047452746,0.628767528,0.545954676
0,0,0.047294799,0.628407579,0.546210817
0,0,0.047278318,0.628379173,0.546645415
0,0,0.047385341,0.62873091,0.546350389
0,0,0.047389407,0.628687414,0.546369734
0,0,0.047251597,0.629159974,0.546412243
0,0,0.047193036,0.629320991,0.546393301
0,0,0.046906666,0.629449159,0.54653042
0,0,0.046809883,0.629284839,0.546883432
0,0,0.046419179,0.629037688,0.547405367
0,0,0.046246153,0.628781801,0.547153959
0,0,0.046220404,0.62869998,0.547650233
0,0,0.046194654,0.628618158,0.548146507
0,0,0.046168905,0.628536337,0.548642781
0,0,0.046143155,0.628454516,0.549139055
0,0,0.046117405,0.628372694,0.549635329
0,0,0.046091656,0.628290873,0.550131603
0,0,0.046065906,0.628209051,0.550627877
0,0,0.046040156,0.62812723,0.551124151
0,0,0.046014407,0.628045408,0.551620425
0,0,0.045988657,0.627963587,0.552116699
0,0,0.045962907,0.627881765,0.552612973
0,0,0.045937158,0.627799944,0.553109247
0,0,0.045911408,0.627718122,0.553605521
0,0,0.045885658,0.627636301,0.554101795
0,0,0.045859909,0.627554479,0.554598069
0,0,0.045834159,0.627472658,0.555094343
0,0,0.045808409,0.627390836,0.555590617
0,0,0.04578266,0.627309015,0.556086891
0,0,0.04575691,0.627227193,0.556583165
0,0,0.04573116,0.627145372,0.557079439
0,0,0.045705411,0.62706355,0.557575713
0,0,0.045679661,0.626981729,0.558071987
0,0,0.045653912,0.626899907,0.558568262
0,0,0.045628162,0.626818086,0.559064536
0,0,0.045602412,0.626736264,0.55956081
0,0,0.045576663,0.626654443,0.560057084
0,0,0.045550913,0.626572621,0.560553358
0,0,0.045525163,0.6264908,0.561049632
0,0,0.045499414,0.626408978,0.561545906
0,0,0.045473664,0.626327157,0.56204218
0,0,0.045447914,0.626245335,0.562538454
0,0,0.045422165,0.626163514,0.563034728
0,0,0.045396415,0.626081692,0.563531002
0,0,0.045370665,0.625999871,0.564027276
0,0,0.045344916,0.625918049,0.56452355
0,0,0.045319166,0.625836228,0.565019824
0,0,0.045293416,0.625754406,0.565516098
0,0,0.045267667,0.625672585,0.566012372
0,0,0.045241917,0.625590763,0.566508646
0,0,0.045216167,0.625508942,0.56700492
0,0,0.045190418,0.62542712,0.567501194
0,0,0.045164668,0.625345299,0.567997468
0,0,0.045138918,0.625263477,0.568493742
0,0,0.045113169,0.625181656,0.568990016
0,0,0.045087419,0.625099834,0.56948629
0,0,0.04506167,0.625018013,0.569982564
0,0,0.04503592,0.624936191,0.570478838
0,0,0.04501017,0.62485437,0.570975112
0,0,0.044984421,0.624772548,0.571471386
0,0,0.044958671,0.624690727,0.57196766
0,0,0.045212508,0.624315954,0.573029434
0,0,0.04517441,0.624247071,0.573500731
0,0,0.045135147,0.624179409,0.573969673
0,0,0.045094719,0.624112967,0.574436258
0,0,0.045053126,0.624047746,0.574900487
0,0,0.045010368,0.623983746,0.57536236
0,0,0.044966445,0.623920966,0.575821876
0,0,0.044921358,0.623859407,0.576279037
0,0,0.044875105,0.623799069,0.576733841
0,0,0.044827687,0.623739951,0.577186289
0,0,0.044779105,0.623682054,0.57763638
0,0,0.044729357,0.623625378,0.578084115
0,0,0.044678445,0.623569922,0.578529495
0,0,0.044626367,0.623515687,0.578972517
0,0,0.044573125,0.623462672,0.579413184
0,0,0.044518718,0.623410878,0.579851494
0,0,0.044463146,0.623360305,0.580287448
0,0,0.044406409,0.623310952,0.580721046
0,0,0.044348506,0.62326282,0.581152288
0,0,0.044289439,0.623215909,0.581581173
0,0,0.044229207,0.623170218,0.582007702
0,0,0.04416781,0.623125748,0.582431875
0,0,0.044105249,0.623082499,0.582853691
0,0,0.044041522,0.62304047,0.583273152
0,0,0.04397663,0.622999661,0.583690256
0,0,0.043910573,0.622960074,0.584105004
0,0,0.043843352,0.622921707,0.584517395
0,0,0.043774965,0.622884561,0.584927431
0,0,0.043705414,0.622848635,0.58533511
0,0,0.043634697,0.62281393,0.585740432
0,0,0.043562816,0.622780445,0.586143399
0,0,0.043489769,0.622748181,0.586544009
0,0,0.043415558,0.622717138,0.586942263
0,0,0.043340182,0.622687316,0.587338161
0,0,0.043263641,0.622658714,0.587731703
0,0,0.043185934,0.622631333,0.588122888
0,0,0.043107063,0.622605172,0.588511717
0,0,0.043027027,0.622580232,0.58889819
0,0,0.042945826,0.622556513,0.589282307
0,0,0.04286346,0.622534014,0.589664067
0,0,0.04277993,0.622512736,0.590043471
0,0,0.042695234,0.622492678,0.590420519
0,0,0.042609373,0.622473841,0.590795211
0,0,0.042522347,0.622456225,0.591167546
0,0,0.042434157,0.62243983,0.591537525
0,0,0.042344801,0.622424655,0.591905148
0,0,0.042254281,0.6224107,0.592270415
0,0,0.042162595,0.622397967,0.592633325
0,0,0.042069745,0.622386454,0.592993879
0,0,0.041975729,0.622376161,0.593352077
